ISO-10303-21;
HEADER;
/* Generated by software containing ST-Developer
 * from STEP Tools, Inc. (www.steptools.com) 
 */
/* OPTION: using custom renumber hook */

FILE_DESCRIPTION(
/* description */ ('STEP AP242 Edition 2',
'CAx-IF Rec.Pracs.---Representation and Presentation of Product Manufa
cturing Information (PMI)---4.0---2014-10-13',
'CAx-IF Rec.Pracs.---3D Tessellated Geometry---0.4---2014-09-14','2;1',
'CAx-IF Rec.Pracs.---User Defined Attributes---1.5---2016-08-15'),
/* implementation_level */ '2;1');

FILE_NAME(
/* name */ '6a84cac384ffbf89090b63e4',
/* time_stamp */ '2026-08-18T21:12:35Z',
/* author */ (''),
/* organization */ (''),
/* preprocessor_version */ 'ST-DEVELOPER v20',
/* originating_system */ 'ONSHAPE BY PTC INC, 1.219',
/* authorisation */ '  ');

FILE_SCHEMA (('AP242_MANAGED_MODEL_BASED_3D_ENGINEERING_MIM_LF { 1 0 10303 442 3 1 4 }'));
ENDSEC;

DATA;
#10=(
BOUNDED_CURVE()
B_SPLINE_CURVE(2,(#11908,#11909,#11910,#11911,#11912,#11913,#11914,#11915,
#11916,#11917,#11918,#11919,#11920,#11921,#11922,#11923,#11924),
 .UNSPECIFIED.,.F.,.F.)
B_SPLINE_CURVE_WITH_KNOTS((3,2,2,2,2,2,2,2,3),(0.0803571430448027,0.0892857142857143,
0.107142857142857,0.125,0.142857142857143,0.160714285714286,0.178571428571429,
0.196428571428571,0.214285714285714),.UNSPECIFIED.)
CURVE()
GEOMETRIC_REPRESENTATION_ITEM()
RATIONAL_B_SPLINE_CURVE((0.961939766255643,0.96193976705559,1.,0.923879532511287,
1.,0.923879532511287,1.,0.923879532511287,1.,0.923879532511287,1.,0.923879532511287,
1.,0.923879532511287,1.,0.923879532511287,1.))
REPRESENTATION_ITEM('')
);
#11=(
BOUNDED_CURVE()
B_SPLINE_CURVE(2,(#11926,#11927,#11928,#11929,#11930,#11931,#11932,#11933,
#11934,#11935,#11936,#11937,#11938,#11939,#11940,#11941,#11942),
 .UNSPECIFIED.,.F.,.F.)
B_SPLINE_CURVE_WITH_KNOTS((3,2,2,2,2,2,2,2,3),(0.214285714285714,0.232142857142857,
0.25,0.267857142857143,0.285714285714286,0.303571428571429,0.321428571428571,
0.339285714285714,0.357142857142857),.UNSPECIFIED.)
CURVE()
GEOMETRIC_REPRESENTATION_ITEM()
RATIONAL_B_SPLINE_CURVE((1.,0.923879532511287,1.,0.923879532511287,1.,0.923879532511287,
1.,0.923879532511287,1.,0.923879532511287,1.,0.923879532511287,1.,0.923879532511287,
1.,0.923879532511287,1.))
REPRESENTATION_ITEM('')
);
#12=(
BOUNDED_CURVE()
B_SPLINE_CURVE(2,(#11944,#11945,#11946,#11947,#11948,#11949,#11950,#11951,
#11952,#11953,#11954,#11955,#11956,#11957,#11958,#11959,#11960),
 .UNSPECIFIED.,.F.,.F.)
B_SPLINE_CURVE_WITH_KNOTS((3,2,2,2,2,2,2,2,3),(0.357142857142857,0.375,
0.392857142857143,0.410714285714286,0.428571428571429,0.446428571428571,
0.464285714285714,0.482142857142857,0.5),.UNSPECIFIED.)
CURVE()
GEOMETRIC_REPRESENTATION_ITEM()
RATIONAL_B_SPLINE_CURVE((1.,0.923879532511287,1.,0.923879532511287,1.,0.923879532511287,
1.,0.923879532511287,1.,0.923879532511287,1.,0.923879532511287,1.,0.923879532511287,
1.,0.923879532511287,1.))
REPRESENTATION_ITEM('')
);
#13=(
BOUNDED_CURVE()
B_SPLINE_CURVE(2,(#11962,#11963,#11964,#11965,#11966,#11967,#11968,#11969,
#11970,#11971,#11972,#11973,#11974,#11975,#11976,#11977,#11978),
 .UNSPECIFIED.,.F.,.F.)
B_SPLINE_CURVE_WITH_KNOTS((3,2,2,2,2,2,2,2,3),(0.5,0.517857142857143,0.535714285714286,
0.553571428571429,0.571428571428571,0.589285714285714,0.607142857142857,
0.625,0.642857142857143),.UNSPECIFIED.)
CURVE()
GEOMETRIC_REPRESENTATION_ITEM()
RATIONAL_B_SPLINE_CURVE((1.,0.923879532511287,1.,0.923879532511287,1.,0.923879532511287,
1.,0.923879532511287,1.,0.923879532511287,1.,0.923879532511287,1.,0.923879532511287,
1.,0.923879532511287,1.))
REPRESENTATION_ITEM('')
);
#14=(
BOUNDED_CURVE()
B_SPLINE_CURVE(2,(#11980,#11981,#11982,#11983,#11984,#11985,#11986,#11987,
#11988,#11989,#11990,#11991,#11992,#11993,#11994,#11995,#11996),
 .UNSPECIFIED.,.F.,.F.)
B_SPLINE_CURVE_WITH_KNOTS((3,2,2,2,2,2,2,2,3),(0.642857142857143,0.660714285714286,
0.678571428571429,0.696428571428571,0.714285714285714,0.732142857142857,
0.75,0.767857142857143,0.785714285714286),.UNSPECIFIED.)
CURVE()
GEOMETRIC_REPRESENTATION_ITEM()
RATIONAL_B_SPLINE_CURVE((1.,0.923879532511287,1.,0.923879532511287,1.,0.923879532511287,
1.,0.923879532511287,1.,0.923879532511287,1.,0.923879532511287,1.,0.923879532511287,
1.,0.923879532511287,1.))
REPRESENTATION_ITEM('')
);
#15=(
BOUNDED_CURVE()
B_SPLINE_CURVE(2,(#11998,#11999,#12000,#12001,#12002,#12003,#12004,#12005,
#12006,#12007,#12008,#12009,#12010,#12011,#12012,#12013,#12014),
 .UNSPECIFIED.,.F.,.F.)
B_SPLINE_CURVE_WITH_KNOTS((3,2,2,2,2,2,2,2,3),(0.785714285714286,0.803571428571429,
0.821428571428571,0.839285714285714,0.857142857142857,0.875,0.892857142857143,
0.910714285714286,0.928571428571429),.UNSPECIFIED.)
CURVE()
GEOMETRIC_REPRESENTATION_ITEM()
RATIONAL_B_SPLINE_CURVE((1.,0.923879532511287,1.,0.923879532511287,1.,0.923879532511287,
1.,0.923879532511287,1.,0.923879532511287,1.,0.923879532511287,1.,0.923879532511287,
1.,0.923879532511287,1.))
REPRESENTATION_ITEM('')
);
#16=(
BOUNDED_CURVE()
B_SPLINE_CURVE(2,(#12016,#12017,#12018,#12019,#12020,#12021,#12022,#12023,
#12024),.UNSPECIFIED.,.F.,.F.)
B_SPLINE_CURVE_WITH_KNOTS((3,2,2,2,3),(0.928571428571429,0.946428571428571,
0.964285714285714,0.982142857142857,1.),.UNSPECIFIED.)
CURVE()
GEOMETRIC_REPRESENTATION_ITEM()
RATIONAL_B_SPLINE_CURVE((1.,0.923879532511287,1.,0.923879532511287,1.,0.923879532511287,
1.,0.923879532511287,1.))
REPRESENTATION_ITEM('')
);
#17=(
BOUNDED_CURVE()
B_SPLINE_CURVE(2,(#12365,#12366,#12367,#12368,#12369,#12370,#12371,#12372,
#12373),.UNSPECIFIED.,.F.,.F.)
B_SPLINE_CURVE_WITH_KNOTS((3,2,2,2,3),(0.928571428571429,0.946428571428572,
0.964285714285714,0.982142857142857,1.),.UNSPECIFIED.)
CURVE()
GEOMETRIC_REPRESENTATION_ITEM()
RATIONAL_B_SPLINE_CURVE((1.,0.923879532511287,1.,0.923879532511287,1.,0.923879532511287,
1.,0.923879532511287,1.))
REPRESENTATION_ITEM('')
);
#18=(
BOUNDED_CURVE()
B_SPLINE_CURVE(2,(#12375,#12376,#12377,#12378,#12379,#12380,#12381,#12382,
#12383,#12384,#12385,#12386,#12387,#12388,#12389,#12390,#12391),
 .UNSPECIFIED.,.F.,.F.)
B_SPLINE_CURVE_WITH_KNOTS((3,2,2,2,2,2,2,2,3),(0.785714285714286,0.803571428571429,
0.821428571428571,0.839285714285714,0.857142857142857,0.875,0.892857142857143,
0.910714285714286,0.928571428571429),.UNSPECIFIED.)
CURVE()
GEOMETRIC_REPRESENTATION_ITEM()
RATIONAL_B_SPLINE_CURVE((1.,0.923879532511287,1.,0.923879532511287,1.,0.923879532511287,
1.,0.923879532511287,1.,0.923879532511287,1.,0.923879532511287,1.,0.923879532511287,
1.,0.923879532511287,1.))
REPRESENTATION_ITEM('')
);
#19=(
BOUNDED_CURVE()
B_SPLINE_CURVE(2,(#12393,#12394,#12395,#12396,#12397,#12398,#12399,#12400,
#12401,#12402,#12403,#12404,#12405,#12406,#12407,#12408,#12409),
 .UNSPECIFIED.,.F.,.F.)
B_SPLINE_CURVE_WITH_KNOTS((3,2,2,2,2,2,2,2,3),(0.642857142857143,0.660714285714286,
0.678571428571429,0.696428571428571,0.714285714285714,0.732142857142857,
0.75,0.767857142857143,0.785714285714286),.UNSPECIFIED.)
CURVE()
GEOMETRIC_REPRESENTATION_ITEM()
RATIONAL_B_SPLINE_CURVE((1.,0.923879532511287,1.,0.923879532511287,1.,0.923879532511287,
1.,0.923879532511287,1.,0.923879532511287,1.,0.923879532511287,1.,0.923879532511287,
1.,0.923879532511287,1.))
REPRESENTATION_ITEM('')
);
#20=(
BOUNDED_CURVE()
B_SPLINE_CURVE(2,(#12411,#12412,#12413,#12414,#12415,#12416,#12417,#12418,
#12419,#12420,#12421,#12422,#12423,#12424,#12425,#12426,#12427),
 .UNSPECIFIED.,.F.,.F.)
B_SPLINE_CURVE_WITH_KNOTS((3,2,2,2,2,2,2,2,3),(0.5,0.517857142857143,0.535714285714286,
0.553571428571429,0.571428571428571,0.589285714285714,0.607142857142857,
0.625,0.642857142857143),.UNSPECIFIED.)
CURVE()
GEOMETRIC_REPRESENTATION_ITEM()
RATIONAL_B_SPLINE_CURVE((1.,0.923879532511287,1.,0.923879532511287,1.,0.923879532511287,
1.,0.923879532511287,1.,0.923879532511287,1.,0.923879532511287,1.,0.923879532511287,
1.,0.923879532511287,1.))
REPRESENTATION_ITEM('')
);
#21=(
BOUNDED_CURVE()
B_SPLINE_CURVE(2,(#12429,#12430,#12431,#12432,#12433,#12434,#12435,#12436,
#12437,#12438,#12439,#12440,#12441,#12442,#12443,#12444,#12445),
 .UNSPECIFIED.,.F.,.F.)
B_SPLINE_CURVE_WITH_KNOTS((3,2,2,2,2,2,2,2,3),(0.357142857142857,0.375,
0.392857142857143,0.410714285714286,0.428571428571429,0.446428571428572,
0.464285714285714,0.482142857142857,0.5),.UNSPECIFIED.)
CURVE()
GEOMETRIC_REPRESENTATION_ITEM()
RATIONAL_B_SPLINE_CURVE((1.,0.923879532511287,1.,0.923879532511287,1.,0.923879532511287,
1.,0.923879532511287,1.,0.923879532511287,1.,0.923879532511287,1.,0.923879532511287,
1.,0.923879532511287,1.))
REPRESENTATION_ITEM('')
);
#22=(
BOUNDED_CURVE()
B_SPLINE_CURVE(2,(#12447,#12448,#12449,#12450,#12451,#12452,#12453,#12454,
#12455,#12456,#12457,#12458,#12459,#12460,#12461,#12462,#12463),
 .UNSPECIFIED.,.F.,.F.)
B_SPLINE_CURVE_WITH_KNOTS((3,2,2,2,2,2,2,2,3),(0.214285714285714,0.232142857142857,
0.25,0.267857142857143,0.285714285714286,0.303571428571429,0.321428571428571,
0.339285714285714,0.357142857142857),.UNSPECIFIED.)
CURVE()
GEOMETRIC_REPRESENTATION_ITEM()
RATIONAL_B_SPLINE_CURVE((1.,0.923879532511287,1.,0.923879532511287,1.,0.923879532511287,
1.,0.923879532511287,1.,0.923879532511287,1.,0.923879532511287,1.,0.923879532511287,
1.,0.923879532511287,1.))
REPRESENTATION_ITEM('')
);
#23=(
BOUNDED_CURVE()
B_SPLINE_CURVE(2,(#12465,#12466,#12467,#12468,#12469,#12470,#12471,#12472,
#12473,#12474,#12475,#12476,#12477,#12478,#12479),.UNSPECIFIED.,.F.,.F.)
B_SPLINE_CURVE_WITH_KNOTS((3,2,2,2,2,2,2,3),(0.0982142859019453,0.107142857142857,
0.125,0.142857142857143,0.160714285714286,0.178571428571429,0.196428571428571,
0.214285714285714),.UNSPECIFIED.)
CURVE()
GEOMETRIC_REPRESENTATION_ITEM()
RATIONAL_B_SPLINE_CURVE((0.961939766255643,0.961939767055589,1.,0.923879532511287,
1.,0.923879532511287,1.,0.923879532511287,1.,0.923879532511287,1.,0.923879532511287,
1.,0.923879532511287,1.))
REPRESENTATION_ITEM('')
);
#24=(
BOUNDED_CURVE()
B_SPLINE_CURVE(2,(#12486,#12487,#12488),.UNSPECIFIED.,.F.,.F.)
B_SPLINE_CURVE_WITH_KNOTS((3,3),(-1.52453811704197,-0.750298511707564),
 .UNSPECIFIED.)
CURVE()
GEOMETRIC_REPRESENTATION_ITEM()
RATIONAL_B_SPLINE_CURVE((1.9633922265037,2.21582836991199,1.9633922265037))
REPRESENTATION_ITEM('')
);
#25=(
BOUNDED_CURVE()
B_SPLINE_CURVE(2,(#12492,#12493,#12494),.UNSPECIFIED.,.F.,.F.)
B_SPLINE_CURVE_WITH_KNOTS((3,3),(0.714282923945384,1.46609862992743),
 .UNSPECIFIED.)
CURVE()
GEOMETRIC_REPRESENTATION_ITEM()
RATIONAL_B_SPLINE_CURVE((1.90990838726968,2.15546803706194,1.90990838726968))
REPRESENTATION_ITEM('')
);
#26=(
BOUNDED_CURVE()
B_SPLINE_CURVE(2,(#12498,#12499,#12500),.UNSPECIFIED.,.F.,.F.)
B_SPLINE_CURVE_WITH_KNOTS((3,3),(-1.52453811704197,-0.750298511707564),
 .UNSPECIFIED.)
CURVE()
GEOMETRIC_REPRESENTATION_ITEM()
RATIONAL_B_SPLINE_CURVE((1.9633922265037,2.21582836991198,1.9633922265037))
REPRESENTATION_ITEM('')
);
#27=(
BOUNDED_CURVE()
B_SPLINE_CURVE(2,(#12501,#12502,#12503),.UNSPECIFIED.,.F.,.F.)
B_SPLINE_CURVE_WITH_KNOTS((3,3),(0.714299836421043,1.46612605215672),
 .UNSPECIFIED.)
CURVE()
GEOMETRIC_REPRESENTATION_ITEM()
RATIONAL_B_SPLINE_CURVE((1.90993345300509,2.15549632553477,1.90993345300509))
REPRESENTATION_ITEM('')
);
#28=(
BOUNDED_CURVE()
B_SPLINE_CURVE(2,(#12505,#12506,#12507),.UNSPECIFIED.,.F.,.F.)
B_SPLINE_CURVE_WITH_KNOTS((3,3),(-1.52453811704197,-0.750298511707564),
 .UNSPECIFIED.)
CURVE()
GEOMETRIC_REPRESENTATION_ITEM()
RATIONAL_B_SPLINE_CURVE((1.9633922265037,2.21582836991199,1.9633922265037))
REPRESENTATION_ITEM('')
);
#29=(
BOUNDED_CURVE()
B_SPLINE_CURVE(2,(#12508,#12509,#12510),.UNSPECIFIED.,.F.,.F.)
B_SPLINE_CURVE_WITH_KNOTS((3,3),(0.714282923945383,1.46609862992743),
 .UNSPECIFIED.)
CURVE()
GEOMETRIC_REPRESENTATION_ITEM()
RATIONAL_B_SPLINE_CURVE((1.90990838726967,2.15546803706194,1.90990838726967))
REPRESENTATION_ITEM('')
);
#30=(
BOUNDED_CURVE()
B_SPLINE_CURVE(2,(#12512,#12513,#12514),.UNSPECIFIED.,.F.,.F.)
B_SPLINE_CURVE_WITH_KNOTS((3,3),(-1.52453811704197,-0.750298511707562),
 .UNSPECIFIED.)
CURVE()
GEOMETRIC_REPRESENTATION_ITEM()
RATIONAL_B_SPLINE_CURVE((1.9633922265037,2.21582836991199,1.9633922265037))
REPRESENTATION_ITEM('')
);
#31=(
BOUNDED_CURVE()
B_SPLINE_CURVE(2,(#12515,#12516,#12517),.UNSPECIFIED.,.F.,.F.)
B_SPLINE_CURVE_WITH_KNOTS((3,3),(-1.46609862992743,-0.714282923945383),
 .UNSPECIFIED.)
CURVE()
GEOMETRIC_REPRESENTATION_ITEM()
RATIONAL_B_SPLINE_CURVE((1.90990838726967,2.15546803706194,1.90990838726967))
REPRESENTATION_ITEM('')
);
#32=(
BOUNDED_CURVE()
B_SPLINE_CURVE(2,(#12519,#12520,#12521),.UNSPECIFIED.,.F.,.F.)
B_SPLINE_CURVE_WITH_KNOTS((3,3),(-1.52453811704197,-0.750298511707562),
 .UNSPECIFIED.)
CURVE()
GEOMETRIC_REPRESENTATION_ITEM()
RATIONAL_B_SPLINE_CURVE((1.9633922265037,2.21582836991199,1.9633922265037))
REPRESENTATION_ITEM('')
);
#33=(
BOUNDED_CURVE()
B_SPLINE_CURVE(2,(#12522,#12523,#12524),.UNSPECIFIED.,.F.,.F.)
B_SPLINE_CURVE_WITH_KNOTS((3,3),(-1.46612605215672,-0.714299836421043),
 .UNSPECIFIED.)
CURVE()
GEOMETRIC_REPRESENTATION_ITEM()
RATIONAL_B_SPLINE_CURVE((1.90993345300509,2.15549632553477,1.90993345300509))
REPRESENTATION_ITEM('')
);
#34=(
BOUNDED_CURVE()
B_SPLINE_CURVE(2,(#12526,#12527,#12528),.UNSPECIFIED.,.F.,.F.)
B_SPLINE_CURVE_WITH_KNOTS((3,3),(-1.52453811704197,-0.750298511707564),
 .UNSPECIFIED.)
CURVE()
GEOMETRIC_REPRESENTATION_ITEM()
RATIONAL_B_SPLINE_CURVE((1.9633922265037,2.21582836991199,1.9633922265037))
REPRESENTATION_ITEM('')
);
#35=(
BOUNDED_CURVE()
B_SPLINE_CURVE(2,(#12530,#12531,#12532),.UNSPECIFIED.,.F.,.F.)
B_SPLINE_CURVE_WITH_KNOTS((3,3),(-1.46609862992743,-0.714282923945383),
 .UNSPECIFIED.)
CURVE()
GEOMETRIC_REPRESENTATION_ITEM()
RATIONAL_B_SPLINE_CURVE((1.90990838726968,2.15546803706194,1.90990838726968))
REPRESENTATION_ITEM('')
);
#36=(
BOUNDED_SURFACE()
B_SPLINE_SURFACE(3,2,((#11211,#11212,#11213),(#11214,#11215,#11216),(#11217,
#11218,#11219),(#11220,#11221,#11222),(#11223,#11224,#11225),(#11226,#11227,
#11228),(#11229,#11230,#11231),(#11232,#11233,#11234),(#11235,#11236,#11237)),
 .UNSPECIFIED.,.F.,.F.,.F.)
B_SPLINE_SURFACE_WITH_KNOTS((4,1,1,1,1,1,4),(3,3),(0.00385255634962872,
0.00474713830999073,0.00519442929017174,0.00564172027035274,0.00608901125053375,
0.00653630223071475,0.00743088419107676),(0.,1.),.UNSPECIFIED.)
GEOMETRIC_REPRESENTATION_ITEM()
RATIONAL_B_SPLINE_SURFACE(((1.,0.880228145029224,1.),(1.,0.88022814451716,
1.),(1.,0.880210063804386,1.),(1.,0.836331600088021,1.),(1.,0.814178632795658,
1.),(1.,0.836458003982758,1.),(1.,0.880311716345627,1.),(1.,0.880228144723641,
1.),(1.,0.88022814502921,1.)))
REPRESENTATION_ITEM('')
SURFACE()
);
#37=(
BOUNDED_SURFACE()
B_SPLINE_SURFACE(1,2,((#11575,#11576,#11577,#11578,#11579,#11580,#11581,
#11582,#11583,#11584,#11585,#11586,#11587,#11588,#11589,#11590,#11591,#11592,
#11593,#11594,#11595,#11596,#11597,#11598,#11599,#11600,#11601,#11602,#11603,
#11604,#11605,#11606,#11607,#11608,#11609,#11610,#11611,#11612,#11613,#11614,
#11615,#11616,#11617,#11618,#11619,#11620,#11621,#11622,#11623,#11624,#11625,
#11626,#11627,#11628,#11629,#11630,#11631,#11632,#11633,#11634,#11635,#11636,
#11637,#11638,#11639,#11640,#11641,#11642,#11643,#11644,#11645,#11646,#11647,
#11648,#11649,#11650,#11651,#11652,#11653,#11654,#11655,#11656,#11657,#11658,
#11659,#11660,#11661,#11662,#11663,#11664,#11665,#11666,#11667,#11668,#11669,
#11670,#11671,#11672,#11673,#11674,#11675,#11676,#11677,#11678,#11679,#11680,
#11681,#11682,#11683,#11684,#11685),(#11686,#11687,#11688,#11689,#11690,
#11691,#11692,#11693,#11694,#11695,#11696,#11697,#11698,#11699,#11700,#11701,
#11702,#11703,#11704,#11705,#11706,#11707,#11708,#11709,#11710,#11711,#11712,
#11713,#11714,#11715,#11716,#11717,#11718,#11719,#11720,#11721,#11722,#11723,
#11724,#11725,#11726,#11727,#11728,#11729,#11730,#11731,#11732,#11733,#11734,
#11735,#11736,#11737,#11738,#11739,#11740,#11741,#11742,#11743,#11744,#11745,
#11746,#11747,#11748,#11749,#11750,#11751,#11752,#11753,#11754,#11755,#11756,
#11757,#11758,#11759,#11760,#11761,#11762,#11763,#11764,#11765,#11766,#11767,
#11768,#11769,#11770,#11771,#11772,#11773,#11774,#11775,#11776,#11777,#11778,
#11779,#11780,#11781,#11782,#11783,#11784,#11785,#11786,#11787,#11788,#11789,
#11790,#11791,#11792,#11793,#11794,#11795,#11796),(#11797,#11798,#11799,
#11800,#11801,#11802,#11803,#11804,#11805,#11806,#11807,#11808,#11809,#11810,
#11811,#11812,#11813,#11814,#11815,#11816,#11817,#11818,#11819,#11820,#11821,
#11822,#11823,#11824,#11825,#11826,#11827,#11828,#11829,#11830,#11831,#11832,
#11833,#11834,#11835,#11836,#11837,#11838,#11839,#11840,#11841,#11842,#11843,
#11844,#11845,#11846,#11847,#11848,#11849,#11850,#11851,#11852,#11853,#11854,
#11855,#11856,#11857,#11858,#11859,#11860,#11861,#11862,#11863,#11864,#11865,
#11866,#11867,#11868,#11869,#11870,#11871,#11872,#11873,#11874,#11875,#11876,
#11877,#11878,#11879,#11880,#11881,#11882,#11883,#11884,#11885,#11886,#11887,
#11888,#11889,#11890,#11891,#11892,#11893,#11894,#11895,#11896,#11897,#11898,
#11899,#11900,#11901,#11902,#11903,#11904,#11905,#11906,#11907)),
 .RULED_SURF.,.F.,.F.,.F.)
B_SPLINE_SURFACE_WITH_KNOTS((2,1,2),(3,2,2,2,2,2,2,2,2,2,2,2,2,2,2,2,2,
2,2,2,2,2,2,2,2,2,2,2,2,2,2,2,2,2,2,2,2,2,2,2,2,2,2,2,2,2,2,2,2,2,2,2,2,
2,2,3),(0.,1.,1.00600327594506),(0.0299285718534217,0.0357142857142857,
0.0535714285714286,0.0714285714285714,0.0892857142857143,0.107142857142857,
0.125,0.142857142857143,0.160714285714286,0.178571428571429,0.196428571428571,
0.214285714285714,0.232142857142857,0.25,0.267857142857143,0.285714285714286,
0.303571428571429,0.321428571428571,0.339285714285714,0.357142857142857,
0.375,0.392857142857143,0.410714285714286,0.428571428571429,0.446428571428571,
0.464285714285714,0.482142857142857,0.5,0.517857142857143,0.535714285714286,
0.553571428571429,0.571428571428571,0.589285714285714,0.607142857142857,
0.625,0.642857142857143,0.660714285714286,0.678571428571429,0.696428571428571,
0.714285714285714,0.732142857142857,0.75,0.767857142857143,0.785714285714286,
0.803571428571429,0.821428571428571,0.839285714285714,0.857142857142857,
0.875,0.892857142857143,0.910714285714286,0.928571428571429,0.946428571428571,
0.964285714285714,0.982142857142857,1.),.PIECEWISE_BEZIER_KNOTS.)
GEOMETRIC_REPRESENTATION_ITEM()
RATIONAL_B_SPLINE_SURFACE(((0.966655582732469,0.975336970344686,1.,0.923879532511287,
1.,0.923879532511287,1.,0.923879532511287,1.,0.923879532511287,1.,0.923879532511287,
1.,0.923879532511287,1.,0.923879532511287,1.,0.923879532511287,1.,0.923879532511287,
1.,0.923879532511287,1.,0.923879532511287,1.,0.923879532511287,1.,0.923879532511287,
1.,0.923879532511287,1.,0.923879532511287,1.,0.923879532511287,1.,0.923879532511287,
1.,0.923879532511287,1.,0.923879532511287,1.,0.923879532511287,1.,0.923879532511287,
1.,0.923879532511287,1.,0.923879532511287,1.,0.923879532511287,1.,0.923879532511287,
1.,0.923879532511287,1.,0.923879532511287,1.,0.923879532511287,1.,0.923879532511287,
1.,0.923879532511287,1.,0.923879532511287,1.,0.923879532511287,1.,0.923879532511287,
1.,0.923879532511287,1.,0.923879532511287,1.,0.923879532511287,1.,0.923879532511287,
1.,0.923879532511287,1.,0.923879532511287,1.,0.923879532511287,1.,0.923879532511287,
1.,0.923879532511287,1.,0.923879532511287,1.,0.923879532511287,1.,0.923879532511287,
1.,0.923879532511287,1.,0.923879532511287,1.,0.923879532511287,1.,0.923879532511287,
1.,0.923879532511287,1.,0.923879532511287,1.,0.923879532511287,1.,0.923879532511287,
1.,0.923879532511287,1.),(0.966655582732469,0.975336970344686,1.,0.923879532511287,
1.,0.923879532511287,1.,0.923879532511287,1.,0.923879532511287,1.,0.923879532511287,
1.,0.923879532511287,1.,0.923879532511287,1.,0.923879532511287,1.,0.923879532511287,
1.,0.923879532511287,1.,0.923879532511287,1.,0.923879532511287,1.,0.923879532511287,
1.,0.923879532511287,1.,0.923879532511287,1.,0.923879532511287,1.,0.923879532511287,
1.,0.923879532511287,1.,0.923879532511287,1.,0.923879532511287,1.,0.923879532511287,
1.,0.923879532511287,1.,0.923879532511287,1.,0.923879532511287,1.,0.923879532511287,
1.,0.923879532511287,1.,0.923879532511287,1.,0.923879532511287,1.,0.923879532511287,
1.,0.923879532511287,1.,0.923879532511287,1.,0.923879532511287,1.,0.923879532511287,
1.,0.923879532511287,1.,0.923879532511287,1.,0.923879532511287,1.,0.923879532511287,
1.,0.923879532511287,1.,0.923879532511287,1.,0.923879532511287,1.,0.923879532511287,
1.,0.923879532511287,1.,0.923879532511287,1.,0.923879532511287,1.,0.923879532511287,
1.,0.923879532511287,1.,0.923879532511287,1.,0.923879532511287,1.,0.923879532511287,
1.,0.923879532511287,1.,0.923879532511287,1.,0.923879532511287,1.,0.923879532511287,
1.,0.923879532511287,1.),(0.966655582732469,0.975336970344686,1.,0.923879532511287,
1.,0.923879532511287,1.,0.923879532511287,1.,0.923879532511287,1.,0.923879532511287,
1.,0.923879532511287,1.,0.923879532511287,1.,0.923879532511287,1.,0.923879532511287,
1.,0.923879532511287,1.,0.923879532511287,1.,0.923879532511287,1.,0.923879532511287,
1.,0.923879532511287,1.,0.923879532511287,1.,0.923879532511287,1.,0.923879532511287,
1.,0.923879532511287,1.,0.923879532511287,1.,0.923879532511287,1.,0.923879532511287,
1.,0.923879532511287,1.,0.923879532511287,1.,0.923879532511287,1.,0.923879532511287,
1.,0.923879532511287,1.,0.923879532511287,1.,0.923879532511287,1.,0.923879532511287,
1.,0.923879532511287,1.,0.923879532511287,1.,0.923879532511287,1.,0.923879532511287,
1.,0.923879532511287,1.,0.923879532511287,1.,0.923879532511287,1.,0.923879532511287,
1.,0.923879532511287,1.,0.923879532511287,1.,0.923879532511287,1.,0.923879532511287,
1.,0.923879532511287,1.,0.923879532511287,1.,0.923879532511287,1.,0.923879532511287,
1.,0.923879532511287,1.,0.923879532511287,1.,0.923879532511287,1.,0.923879532511287,
1.,0.923879532511287,1.,0.923879532511287,1.,0.923879532511287,1.,0.923879532511287,
1.,0.923879532511287,1.)))
REPRESENTATION_ITEM('')
SURFACE()
);
#38=(
BOUNDED_SURFACE()
B_SPLINE_SURFACE(1,2,((#12092,#12093,#12094,#12095,#12096,#12097,#12098,
#12099,#12100,#12101,#12102,#12103,#12104,#12105,#12106,#12107,#12108,#12109,
#12110,#12111,#12112,#12113,#12114,#12115,#12116,#12117,#12118,#12119,#12120,
#12121,#12122,#12123,#12124,#12125,#12126,#12127,#12128,#12129,#12130,#12131,
#12132,#12133,#12134,#12135,#12136,#12137,#12138,#12139,#12140,#12141,#12142,
#12143,#12144,#12145,#12146,#12147,#12148,#12149,#12150,#12151,#12152,#12153,
#12154,#12155,#12156,#12157,#12158,#12159,#12160,#12161,#12162,#12163,#12164,
#12165,#12166,#12167,#12168,#12169,#12170,#12171,#12172,#12173,#12174,#12175,
#12176,#12177,#12178,#12179,#12180,#12181,#12182,#12183,#12184,#12185,#12186,
#12187,#12188,#12189,#12190,#12191,#12192,#12193,#12194),(#12195,#12196,
#12197,#12198,#12199,#12200,#12201,#12202,#12203,#12204,#12205,#12206,#12207,
#12208,#12209,#12210,#12211,#12212,#12213,#12214,#12215,#12216,#12217,#12218,
#12219,#12220,#12221,#12222,#12223,#12224,#12225,#12226,#12227,#12228,#12229,
#12230,#12231,#12232,#12233,#12234,#12235,#12236,#12237,#12238,#12239,#12240,
#12241,#12242,#12243,#12244,#12245,#12246,#12247,#12248,#12249,#12250,#12251,
#12252,#12253,#12254,#12255,#12256,#12257,#12258,#12259,#12260,#12261,#12262,
#12263,#12264,#12265,#12266,#12267,#12268,#12269,#12270,#12271,#12272,#12273,
#12274,#12275,#12276,#12277,#12278,#12279,#12280,#12281,#12282,#12283,#12284,
#12285,#12286,#12287,#12288,#12289,#12290,#12291,#12292,#12293,#12294,#12295,
#12296,#12297)),.RULED_SURF.,.F.,.F.,.F.)
B_SPLINE_SURFACE_WITH_KNOTS((2,2),(3,2,2,2,2,2,2,2,2,2,2,2,2,2,2,2,2,2,
2,2,2,2,2,2,2,2,2,2,2,2,2,2,2,2,2,2,2,2,2,2,2,2,2,2,2,2,2,2,2,2,2,3),(0.,
1.),(0.092803571617357,0.107142857142857,0.125,0.142857142857143,0.160714285714286,
0.178571428571429,0.196428571428571,0.214285714285714,0.232142857142857,
0.25,0.267857142857143,0.285714285714286,0.303571428571429,0.321428571428571,
0.339285714285714,0.357142857142857,0.375,0.392857142857143,0.410714285714286,
0.428571428571429,0.446428571428571,0.464285714285714,0.482142857142857,
0.5,0.517857142857143,0.535714285714286,0.553571428571429,0.571428571428571,
0.589285714285714,0.607142857142857,0.625,0.642857142857143,0.660714285714286,
0.678571428571429,0.696428571428571,0.714285714285714,0.732142857142857,
0.75,0.767857142857143,0.785714285714286,0.803571428571429,0.821428571428571,
0.839285714285714,0.857142857142857,0.875,0.892857142857143,0.910714285714286,
0.928571428571429,0.946428571428571,0.964285714285714,0.982142857142857,
1.),.PIECEWISE_BEZIER_KNOTS.)
GEOMETRIC_REPRESENTATION_ITEM()
RATIONAL_B_SPLINE_SURFACE(((0.975916853279635,0.938875265411308,1.,0.923879532511287,
1.,0.923879532511287,1.,0.923879532511287,1.,0.923879532511287,1.,0.923879532511287,
1.,0.923879532511287,1.,0.923879532511287,1.,0.923879532511287,1.,0.923879532511287,
1.,0.923879532511287,1.,0.923879532511287,1.,0.923879532511287,1.,0.923879532511287,
1.,0.923879532511287,1.,0.923879532511287,1.,0.923879532511287,1.,0.923879532511287,
1.,0.923879532511287,1.,0.923879532511287,1.,0.923879532511287,1.,0.923879532511287,
1.,0.923879532511287,1.,0.923879532511287,1.,0.923879532511287,1.,0.923879532511287,
1.,0.923879532511287,1.,0.923879532511287,1.,0.923879532511287,1.,0.923879532511287,
1.,0.923879532511287,1.,0.923879532511287,1.,0.923879532511287,1.,0.923879532511287,
1.,0.923879532511287,1.,0.923879532511287,1.,0.923879532511287,1.,0.923879532511287,
1.,0.923879532511287,1.,0.923879532511287,1.,0.923879532511287,1.,0.923879532511287,
1.,0.923879532511287,1.,0.923879532511287,1.,0.923879532511287,1.,0.923879532511287,
1.,0.923879532511287,1.,0.923879532511287,1.,0.923879532511287,1.,0.923879532511287,
1.,0.923879532511287,1.),(0.975916853279635,0.938875265411308,1.,0.923879532511287,
1.,0.923879532511287,1.,0.923879532511287,1.,0.923879532511287,1.,0.923879532511287,
1.,0.923879532511287,1.,0.923879532511287,1.,0.923879532511287,1.,0.923879532511287,
1.,0.923879532511287,1.,0.923879532511287,1.,0.923879532511287,1.,0.923879532511287,
1.,0.923879532511287,1.,0.923879532511287,1.,0.923879532511287,1.,0.923879532511287,
1.,0.923879532511287,1.,0.923879532511287,1.,0.923879532511287,1.,0.923879532511287,
1.,0.923879532511287,1.,0.923879532511287,1.,0.923879532511287,1.,0.923879532511287,
1.,0.923879532511287,1.,0.923879532511287,1.,0.923879532511287,1.,0.923879532511287,
1.,0.923879532511287,1.,0.923879532511287,1.,0.923879532511287,1.,0.923879532511287,
1.,0.923879532511287,1.,0.923879532511287,1.,0.923879532511287,1.,0.923879532511287,
1.,0.923879532511287,1.,0.923879532511287,1.,0.923879532511287,1.,0.923879532511287,
1.,0.923879532511287,1.,0.923879532511287,1.,0.923879532511287,1.,0.923879532511287,
1.,0.923879532511287,1.,0.923879532511287,1.,0.923879532511287,1.,0.923879532511287,
1.,0.923879532511287,1.)))
REPRESENTATION_ITEM('')
SURFACE()
);
#39=TOROIDAL_SURFACE('',#6958,0.0011,0.0005);
#40=ELLIPSE('',#6883,0.00622253967444162,0.0044);
#41=ELLIPSE('',#6884,0.00622253967444162,0.0044);
#42=ELLIPSE('',#6919,0.00318198051533947,0.00225);
#43=ELLIPSE('',#6921,0.000707106781186548,0.0005);
#44=ELLIPSE('',#6922,0.000707106781186548,0.0005);
#45=DRAUGHTING_PRE_DEFINED_COLOUR('white');
#46=OVER_RIDING_STYLED_ITEM('',(#6159),#5841,#6149);
#47=OVER_RIDING_STYLED_ITEM('',(#6160),#5842,#6149);
#48=OVER_RIDING_STYLED_ITEM('',(#6161),#5843,#6149);
#49=OVER_RIDING_STYLED_ITEM('',(#6162),#5844,#6149);
#50=OVER_RIDING_STYLED_ITEM('',(#6166),#6013,#6152);
#51=OVER_RIDING_STYLED_ITEM('',(#6167),#6016,#6152);
#52=OVER_RIDING_STYLED_ITEM('',(#6168),#6017,#6152);
#53=OVER_RIDING_STYLED_ITEM('',(#6169),#6018,#6152);
#54=OVER_RIDING_STYLED_ITEM('',(#6170),#6019,#6152);
#55=OVER_RIDING_STYLED_ITEM('',(#6173),#6087,#6154);
#56=OVER_RIDING_STYLED_ITEM('',(#6174),#6088,#6154);
#57=OVER_RIDING_STYLED_ITEM('',(#6175),#6089,#6154);
#58=OVER_RIDING_STYLED_ITEM('',(#6176),#6090,#6154);
#59=OVER_RIDING_STYLED_ITEM('',(#6177),#6091,#6154);
#60=OVER_RIDING_STYLED_ITEM('',(#6178),#6092,#6154);
#61=OVER_RIDING_STYLED_ITEM('',(#6179),#6093,#6154);
#62=OVER_RIDING_STYLED_ITEM('',(#6180),#6094,#6154);
#63=OVER_RIDING_STYLED_ITEM('',(#6181),#6095,#6154);
#64=OVER_RIDING_STYLED_ITEM('',(#6182),#6096,#6154);
#65=OVER_RIDING_STYLED_ITEM('',(#6183),#6097,#6154);
#66=OVER_RIDING_STYLED_ITEM('',(#6184),#6098,#6154);
#67=OVER_RIDING_STYLED_ITEM('',(#6185),#6099,#6154);
#68=OVER_RIDING_STYLED_ITEM('',(#6186),#6100,#6154);
#69=OVER_RIDING_STYLED_ITEM('',(#6187),#6101,#6154);
#70=OVER_RIDING_STYLED_ITEM('',(#6188),#6102,#6154);
#71=VERTEX_LOOP('',#3874);
#72=VERTEX_LOOP('',#3877);
#73=VERTEX_LOOP('',#3878);
#74=VERTEX_LOOP('',#3880);
#75=VERTEX_LOOP('',#4304);
#76=VERTEX_LOOP('',#4306);
#77=VERTEX_LOOP('',#4384);
#78=B_SPLINE_SURFACE_WITH_KNOTS('',5,1,((#9073,#9074),(#9075,#9076),(#9077,
#9078),(#9079,#9080),(#9081,#9082),(#9083,#9084),(#9085,#9086),(#9087,#9088)),
 .SURF_OF_LINEAR_EXTRUSION.,.F.,.F.,.F.,(6,2,6),(2,2),(0.,0.5,1.),(0.,1.),
 .UNSPECIFIED.);
#79=B_SPLINE_SURFACE_WITH_KNOTS('',5,1,((#9096,#9097),(#9098,#9099),(#9100,
#9101),(#9102,#9103),(#9104,#9105),(#9106,#9107),(#9108,#9109),(#9110,#9111)),
 .SURF_OF_LINEAR_EXTRUSION.,.F.,.F.,.F.,(6,2,6),(2,2),(0.,0.5,1.),(0.,1.),
 .UNSPECIFIED.);
#80=B_SPLINE_SURFACE_WITH_KNOTS('',5,1,((#9119,#9120),(#9121,#9122),(#9123,
#9124),(#9125,#9126),(#9127,#9128),(#9129,#9130),(#9131,#9132),(#9133,#9134)),
 .SURF_OF_LINEAR_EXTRUSION.,.F.,.F.,.F.,(6,2,6),(2,2),(0.,0.5,1.),(0.,1.),
 .UNSPECIFIED.);
#81=B_SPLINE_SURFACE_WITH_KNOTS('',5,1,((#9142,#9143),(#9144,#9145),(#9146,
#9147),(#9148,#9149),(#9150,#9151),(#9152,#9153),(#9154,#9155),(#9156,#9157)),
 .SURF_OF_LINEAR_EXTRUSION.,.F.,.F.,.F.,(6,2,6),(2,2),(0.,0.5,1.),(0.,1.),
 .UNSPECIFIED.);
#82=B_SPLINE_SURFACE_WITH_KNOTS('',1,3,((#9198,#9199,#9200,#9201,#9202,
#9203),(#9204,#9205,#9206,#9207,#9208,#9209)),.RULED_SURF.,.F.,.F.,.F.,
(2,2),(4,2,4),(0.,1.),(0.,0.000651102771971248,0.0013022055439425),
 .UNSPECIFIED.);
#83=B_SPLINE_SURFACE_WITH_KNOTS('',1,3,((#9214,#9215,#9216,#9217,#9218,
#9219),(#9220,#9221,#9222,#9223,#9224,#9225)),.RULED_SURF.,.F.,.F.,.F.,
(2,2),(4,2,4),(0.,1.),(0.,0.000651102771971253,0.0013022055439425),
 .UNSPECIFIED.);
#84=B_SPLINE_SURFACE_WITH_KNOTS('',1,3,((#9240,#9241,#9242,#9243,#9244,
#9245),(#9246,#9247,#9248,#9249,#9250,#9251)),.RULED_SURF.,.F.,.F.,.F.,
(2,2),(4,2,4),(0.,1.),(0.,0.000651102771971253,0.0013022055439425),
 .UNSPECIFIED.);
#85=B_SPLINE_SURFACE_WITH_KNOTS('',1,3,((#9256,#9257,#9258,#9259,#9260,
#9261),(#9262,#9263,#9264,#9265,#9266,#9267)),.RULED_SURF.,.F.,.F.,.F.,
(2,2),(4,2,4),(0.,1.),(0.,0.000651102771971248,0.0013022055439425),
 .UNSPECIFIED.);
#86=B_SPLINE_SURFACE_WITH_KNOTS('',5,1,((#10502,#10503),(#10504,#10505),
(#10506,#10507),(#10508,#10509),(#10510,#10511),(#10512,#10513),(#10514,
#10515),(#10516,#10517)),.SURF_OF_LINEAR_EXTRUSION.,.F.,.F.,.F.,(6,2,6),
(2,2),(0.,0.5,1.),(0.,1.),.UNSPECIFIED.);
#87=B_SPLINE_SURFACE_WITH_KNOTS('',5,1,((#10710,#10711),(#10712,#10713),
(#10714,#10715),(#10716,#10717),(#10718,#10719),(#10720,#10721),(#10722,
#10723),(#10724,#10725)),.SURF_OF_LINEAR_EXTRUSION.,.F.,.F.,.F.,(6,2,6),
(2,2),(0.,0.5,1.),(0.,1.),.UNSPECIFIED.);
#88=B_SPLINE_SURFACE_WITH_KNOTS('',5,1,((#10733,#10734),(#10735,#10736),
(#10737,#10738),(#10739,#10740),(#10741,#10742),(#10743,#10744),(#10745,
#10746),(#10747,#10748)),.SURF_OF_LINEAR_EXTRUSION.,.F.,.F.,.F.,(6,2,6),
(2,2),(0.,0.5,1.),(0.,1.),.UNSPECIFIED.);
#89=B_SPLINE_SURFACE_WITH_KNOTS('',5,1,((#10756,#10757),(#10758,#10759),
(#10760,#10761),(#10762,#10763),(#10764,#10765),(#10766,#10767),(#10768,
#10769),(#10770,#10771)),.SURF_OF_LINEAR_EXTRUSION.,.F.,.F.,.F.,(6,2,6),
(2,2),(0.,0.5,1.),(0.,1.),.UNSPECIFIED.);
#90=B_SPLINE_SURFACE_WITH_KNOTS('',3,1,((#10929,#10930),(#10931,#10932),
(#10933,#10934),(#10935,#10936),(#10937,#10938),(#10939,#10940),(#10941,
#10942)),.SURF_OF_LINEAR_EXTRUSION.,.F.,.F.,.F.,(4,1,1,1,4),(2,2),(-4.64788997924614E-15,
0.249999999999998,0.5,0.750000000000003,1.00000000000001),(0.,1.),
 .UNSPECIFIED.);
#91=B_SPLINE_SURFACE_WITH_KNOTS('',3,1,((#10950,#10951),(#10952,#10953),
(#10954,#10955),(#10956,#10957),(#10958,#10959),(#10960,#10961),(#10962,
#10963)),.SURF_OF_LINEAR_EXTRUSION.,.F.,.F.,.F.,(4,1,1,1,4),(2,2),(-1.78595207092301E-14,
0.249999999999987,0.499999999999993,0.749999999999998,1.),(0.,1.),
 .UNSPECIFIED.);
#92=B_SPLINE_SURFACE_WITH_KNOTS('',1,3,((#11002,#11003,#11004,#11005,#11006,
#11007,#11008,#11009,#11010,#11011,#11012,#11013,#11014,#11015,#11016,#11017,
#11018,#11019),(#11020,#11021,#11022,#11023,#11024,#11025,#11026,#11027,
#11028,#11029,#11030,#11031,#11032,#11033,#11034,#11035,#11036,#11037),
(#11038,#11039,#11040,#11041,#11042,#11043,#11044,#11045,#11046,#11047,
#11048,#11049,#11050,#11051,#11052,#11053,#11054,#11055)),.RULED_SURF.,
 .F.,.F.,.F.,(2,1,2),(4,2,2,2,2,2,2,2,4),(-0.01,0.,1.),(3.69814934213971,
4.34440833339968,4.99066732465965,5.63692631591962,6.28318530717959,6.92944429843955,
7.57570328969952,8.22196228095949,8.86822127221946),.UNSPECIFIED.);
#93=B_SPLINE_SURFACE_WITH_KNOTS('',1,3,((#11072,#11073,#11074,#11075),(#11076,
#11077,#11078,#11079)),.RULED_SURF.,.F.,.F.,.F.,(2,2),(4,4),(0.,1.),(0.,
0.00257840243234331),.PIECEWISE_BEZIER_KNOTS.);
#94=B_SPLINE_SURFACE_WITH_KNOTS('',1,3,((#11093,#11094,#11095,#11096),(#11097,
#11098,#11099,#11100)),.RULED_SURF.,.F.,.F.,.F.,(2,2),(4,4),(0.,1.),(0.,
0.00257893780646861),.PIECEWISE_BEZIER_KNOTS.);
#95=B_SPLINE_SURFACE_WITH_KNOTS('',1,3,((#11107,#11108,#11109,#11110),(#11111,
#11112,#11113,#11114)),.RULED_SURF.,.F.,.F.,.F.,(2,2),(4,4),(0.,1.),(0.,
0.00134979240753342),.PIECEWISE_BEZIER_KNOTS.);
#96=B_SPLINE_SURFACE_WITH_KNOTS('',1,3,((#11132,#11133,#11134,#11135,#11136,
#11137),(#11138,#11139,#11140,#11141,#11142,#11143)),.RULED_SURF.,.F.,.F.,
 .F.,(2,2),(4,2,4),(0.,1.),(0.,0.00144706184592438,0.00289412369184876),
 .UNSPECIFIED.);
#97=B_SPLINE_SURFACE_WITH_KNOTS('',1,3,((#11157,#11158,#11159,#11160,#11161,
#11162),(#11163,#11164,#11165,#11166,#11167,#11168)),.RULED_SURF.,.F.,.F.,
 .F.,(2,2),(4,2,4),(0.,1.),(0.,0.00144706184592438,0.00289412369184876),
 .UNSPECIFIED.);
#98=B_SPLINE_SURFACE_WITH_KNOTS('',1,3,((#11183,#11184,#11185,#11186),(#11187,
#11188,#11189,#11190)),.RULED_SURF.,.F.,.F.,.F.,(2,2),(4,4),(0.,1.),(0.,
0.00135833010098559),.PIECEWISE_BEZIER_KNOTS.);
#99=B_SPLINE_CURVE_WITH_KNOTS('',3,(#8835,#8836,#8837,#8838,#8839,#8840,
#8841,#8842,#8843,#8844,#8845,#8846,#8847,#8848,#8849),.UNSPECIFIED.,.T.,
 .F.,(1,1,1,1,1,1,1,1,1,1,1,1,1,1,1,1,1,1,1),(-0.0011761535748938,-0.000784102383262532,
-0.000392051191631266,0.,0.000392051191631266,0.000784102383262531,0.0011761535748938,
0.00156820476652506,0.00235230714978759,0.00313640953305013,0.00392051191631266,
0.00470461429957519,0.00509666549120645,0.00548871668283772,0.00588076787446899,
0.00627281906610025,0.00666487025773152,0.00705692144936278,0.00744897264099405),
 .UNSPECIFIED.);
#100=B_SPLINE_CURVE_WITH_KNOTS('',3,(#8853,#8854,#8855,#8856,#8857,#8858,
#8859,#8860,#8861,#8862,#8863,#8864,#8865,#8866,#8867),.UNSPECIFIED.,.T.,
 .F.,(1,1,1,1,1,1,1,1,1,1,1,1,1,1,1,1,1,1,1),(-0.00117615357489379,-0.000784102383262527,
-0.000392051191631263,0.,0.000392051191631263,0.000784102383262526,0.00117615357489379,
0.00156820476652505,0.00235230714978758,0.00313640953305011,0.00392051191631263,
0.00470461429957516,0.00509666549120642,0.00548871668283768,0.00588076787446895,
0.00627281906610021,0.00666487025773147,0.00705692144936274,0.007448972640994),
 .UNSPECIFIED.);
#101=B_SPLINE_CURVE_WITH_KNOTS('',3,(#8874,#8875,#8876,#8877),
 .UNSPECIFIED.,.F.,.F.,(4,4),(0.,0.963636363636364),.UNSPECIFIED.);
#102=B_SPLINE_CURVE_WITH_KNOTS('',3,(#8882,#8883,#8884,#8885),
 .UNSPECIFIED.,.F.,.F.,(4,4),(0.0363636363636361,1.),.UNSPECIFIED.);
#103=B_SPLINE_CURVE_WITH_KNOTS('',3,(#8891,#8892,#8893,#8894),
 .UNSPECIFIED.,.F.,.F.,(4,4),(0.00117486832502113,0.00123570717671972),
 .UNSPECIFIED.);
#104=B_SPLINE_CURVE_WITH_KNOTS('',3,(#8904,#8905,#8906,#8907),
 .UNSPECIFIED.,.F.,.F.,(4,4),(0.,0.963636363636364),.UNSPECIFIED.);
#105=B_SPLINE_CURVE_WITH_KNOTS('',3,(#8912,#8913,#8914,#8915),
 .UNSPECIFIED.,.F.,.F.,(4,4),(0.0363636363636361,1.),.UNSPECIFIED.);
#106=B_SPLINE_CURVE_WITH_KNOTS('',3,(#8921,#8922,#8923,#8924),
 .UNSPECIFIED.,.F.,.F.,(4,4),(0.00117486832502113,0.00123570717671973),
 .UNSPECIFIED.);
#107=B_SPLINE_CURVE_WITH_KNOTS('',3,(#8930,#8931,#8932,#8933),
 .UNSPECIFIED.,.F.,.F.,(4,4),(2.90212843139517E-7,0.000104776190202613),
 .UNSPECIFIED.);
#108=B_SPLINE_CURVE_WITH_KNOTS('',3,(#8942,#8943,#8944,#8945),
 .UNSPECIFIED.,.F.,.F.,(4,4),(2.88848966023526E-7,0.00010477482632549),
 .UNSPECIFIED.);
#109=B_SPLINE_CURVE_WITH_KNOTS('',3,(#8954,#8955,#8956,#8957),
 .UNSPECIFIED.,.F.,.F.,(4,4),(0.,0.963636363636364),.UNSPECIFIED.);
#110=B_SPLINE_CURVE_WITH_KNOTS('',3,(#8962,#8963,#8964,#8965),
 .UNSPECIFIED.,.F.,.F.,(4,4),(0.0363636363636361,1.),.UNSPECIFIED.);
#111=B_SPLINE_CURVE_WITH_KNOTS('',3,(#8969,#8970,#8971,#8972),
 .UNSPECIFIED.,.F.,.F.,(4,4),(0.,0.963636363636364),.UNSPECIFIED.);
#112=B_SPLINE_CURVE_WITH_KNOTS('',3,(#8977,#8978,#8979,#8980),
 .UNSPECIFIED.,.F.,.F.,(4,4),(0.0363636363636361,1.),.UNSPECIFIED.);
#113=B_SPLINE_CURVE_WITH_KNOTS('',3,(#8997,#8998,#8999,#9000),
 .UNSPECIFIED.,.F.,.F.,(4,4),(0.,1.),.UNSPECIFIED.);
#114=B_SPLINE_CURVE_WITH_KNOTS('',3,(#9005,#9006,#9007,#9008),
 .UNSPECIFIED.,.F.,.F.,(4,4),(0.,1.),.UNSPECIFIED.);
#115=B_SPLINE_CURVE_WITH_KNOTS('',3,(#9012,#9013,#9014,#9015),
 .UNSPECIFIED.,.F.,.F.,(4,4),(0.,1.),.UNSPECIFIED.);
#116=B_SPLINE_CURVE_WITH_KNOTS('',3,(#9019,#9020,#9021,#9022),
 .UNSPECIFIED.,.F.,.F.,(4,4),(0.,1.),.UNSPECIFIED.);
#117=B_SPLINE_CURVE_WITH_KNOTS('',3,(#9045,#9046,#9047,#9048,#9049,#9050,
#9051),.UNSPECIFIED.,.F.,.F.,(4,1,1,1,4),(0.,0.000404344897929858,0.000808689795859716,
0.00121303469378957,0.00161737959171943),.UNSPECIFIED.);
#118=B_SPLINE_CURVE_WITH_KNOTS('',3,(#9052,#9053,#9054,#9055,#9056,#9057,
#9058),.UNSPECIFIED.,.F.,.F.,(4,1,1,1,4),(0.,0.000404344897929862,0.000808689795859725,
0.00121303469378959,0.00161737959171945),.UNSPECIFIED.);
#119=B_SPLINE_CURVE_WITH_KNOTS('',3,(#9059,#9060,#9061,#9062,#9063,#9064,
#9065),.UNSPECIFIED.,.F.,.F.,(4,1,1,1,4),(0.,0.000404344897929858,0.000808689795859716,
0.00121303469378957,0.00161737959171943),.UNSPECIFIED.);
#120=B_SPLINE_CURVE_WITH_KNOTS('',3,(#9066,#9067,#9068,#9069,#9070,#9071,
#9072),.UNSPECIFIED.,.F.,.F.,(4,1,1,1,4),(0.,0.000404344897929862,0.000808689795859725,
0.00121303469378959,0.00161737959171945),.UNSPECIFIED.);
#121=B_SPLINE_CURVE_WITH_KNOTS('',3,(#9089,#9090,#9091,#9092,#9093,#9094,
#9095),.UNSPECIFIED.,.F.,.F.,(4,1,1,1,4),(0.,0.25,0.5,0.75,1.),
 .UNSPECIFIED.);
#122=B_SPLINE_CURVE_WITH_KNOTS('',3,(#9112,#9113,#9114,#9115,#9116,#9117,
#9118),.UNSPECIFIED.,.F.,.F.,(4,1,1,1,4),(0.,0.25,0.5,0.75,1.),
 .UNSPECIFIED.);
#123=B_SPLINE_CURVE_WITH_KNOTS('',3,(#9135,#9136,#9137,#9138,#9139,#9140,
#9141),.UNSPECIFIED.,.F.,.F.,(4,1,1,1,4),(0.,0.25,0.5,0.75,1.),
 .UNSPECIFIED.);
#124=B_SPLINE_CURVE_WITH_KNOTS('',3,(#9158,#9159,#9160,#9161,#9162,#9163,
#9164),.UNSPECIFIED.,.F.,.F.,(4,1,1,1,4),(0.,0.25,0.5,0.75,1.),
 .UNSPECIFIED.);
#125=B_SPLINE_CURVE_WITH_KNOTS('',3,(#9190,#9191,#9192,#9193),
 .UNSPECIFIED.,.F.,.F.,(4,4),(0.,1.),.UNSPECIFIED.);
#126=B_SPLINE_CURVE_WITH_KNOTS('',3,(#9194,#9195,#9196,#9197),
 .UNSPECIFIED.,.F.,.F.,(4,4),(0.,1.),.UNSPECIFIED.);
#127=B_SPLINE_CURVE_WITH_KNOTS('',3,(#9210,#9211,#9212,#9213),
 .UNSPECIFIED.,.F.,.F.,(4,4),(0.,1.),.UNSPECIFIED.);
#128=B_SPLINE_CURVE_WITH_KNOTS('',3,(#9226,#9227,#9228,#9229),
 .UNSPECIFIED.,.F.,.F.,(4,4),(0.,1.),.UNSPECIFIED.);
#129=B_SPLINE_CURVE_WITH_KNOTS('',3,(#9231,#9232,#9233,#9234),
 .UNSPECIFIED.,.F.,.F.,(4,4),(0.,1.),.UNSPECIFIED.);
#130=B_SPLINE_CURVE_WITH_KNOTS('',3,(#9236,#9237,#9238,#9239),
 .UNSPECIFIED.,.F.,.F.,(4,4),(0.,1.),.UNSPECIFIED.);
#131=B_SPLINE_CURVE_WITH_KNOTS('',3,(#9252,#9253,#9254,#9255),
 .UNSPECIFIED.,.F.,.F.,(4,4),(0.,1.),.UNSPECIFIED.);
#132=B_SPLINE_CURVE_WITH_KNOTS('',3,(#9268,#9269,#9270,#9271),
 .UNSPECIFIED.,.F.,.F.,(4,4),(0.,1.),.UNSPECIFIED.);
#133=B_SPLINE_CURVE_WITH_KNOTS('',3,(#9906,#9907,#9908,#9909),
 .UNSPECIFIED.,.F.,.F.,(4,4),(0.,8.87532072326953E-5),.UNSPECIFIED.);
#134=B_SPLINE_CURVE_WITH_KNOTS('',3,(#9911,#9912,#9913,#9914),
 .UNSPECIFIED.,.F.,.F.,(4,4),(1.28251411425419E-18,8.8753207232697E-5),
 .UNSPECIFIED.);
#135=B_SPLINE_CURVE_WITH_KNOTS('',3,(#9923,#9924,#9925,#9926),
 .UNSPECIFIED.,.F.,.F.,(4,4),(0.,8.87532072326989E-5),.UNSPECIFIED.);
#136=B_SPLINE_CURVE_WITH_KNOTS('',3,(#9930,#9931,#9932,#9933),
 .UNSPECIFIED.,.F.,.F.,(4,4),(0.,8.87532072326994E-5),.UNSPECIFIED.);
#137=B_SPLINE_CURVE_WITH_KNOTS('',3,(#9938,#9939,#9940,#9941),
 .UNSPECIFIED.,.F.,.F.,(4,4),(0.,0.000282258200345854),.UNSPECIFIED.);
#138=B_SPLINE_CURVE_WITH_KNOTS('',3,(#9942,#9943,#9944,#9945),
 .UNSPECIFIED.,.F.,.F.,(4,4),(0.,0.000282045143617365),.UNSPECIFIED.);
#139=B_SPLINE_CURVE_WITH_KNOTS('',3,(#9947,#9948,#9949,#9950),
 .UNSPECIFIED.,.F.,.F.,(4,4),(2.79392504792617E-19,0.000282045143617367),
 .UNSPECIFIED.);
#140=B_SPLINE_CURVE_WITH_KNOTS('',3,(#9951,#9952,#9953,#9954),
 .UNSPECIFIED.,.F.,.F.,(4,4),(1.24565346027112E-18,0.000282258200345856),
 .UNSPECIFIED.);
#141=B_SPLINE_CURVE_WITH_KNOTS('',3,(#9973,#9974,#9975,#9976),
 .UNSPECIFIED.,.F.,.F.,(4,4),(0.,8.87532072326951E-5),.UNSPECIFIED.);
#142=B_SPLINE_CURVE_WITH_KNOTS('',3,(#9978,#9979,#9980,#9981),
 .UNSPECIFIED.,.F.,.F.,(4,4),(0.,8.87532072326959E-5),.UNSPECIFIED.);
#143=B_SPLINE_CURVE_WITH_KNOTS('',3,(#10003,#10004,#10005,#10006),
 .UNSPECIFIED.,.F.,.F.,(4,4),(1.2266347333467E-18,8.87532072326973E-5),
 .UNSPECIFIED.);
#144=B_SPLINE_CURVE_WITH_KNOTS('',3,(#10010,#10011,#10012,#10013),
 .UNSPECIFIED.,.F.,.F.,(4,4),(0.,8.87532072326956E-5),.UNSPECIFIED.);
#145=B_SPLINE_CURVE_WITH_KNOTS('',3,(#10018,#10019,#10020,#10021),
 .UNSPECIFIED.,.F.,.F.,(4,4),(4.06575814682064E-20,0.000282045143617366),
 .UNSPECIFIED.);
#146=B_SPLINE_CURVE_WITH_KNOTS('',3,(#10022,#10023,#10024,#10025),
 .UNSPECIFIED.,.F.,.F.,(4,4),(0.,0.000282258200345855),.UNSPECIFIED.);
#147=B_SPLINE_CURVE_WITH_KNOTS('',3,(#10027,#10028,#10029,#10030),
 .UNSPECIFIED.,.F.,.F.,(4,4),(0.,0.000282258200345855),.UNSPECIFIED.);
#148=B_SPLINE_CURVE_WITH_KNOTS('',3,(#10031,#10032,#10033,#10034),
 .UNSPECIFIED.,.F.,.F.,(4,4),(0.,0.000282045143617362),.UNSPECIFIED.);
#149=B_SPLINE_CURVE_WITH_KNOTS('',3,(#10074,#10075,#10076,#10077),
 .UNSPECIFIED.,.F.,.F.,(4,4),(0.,0.000225736628822411),.UNSPECIFIED.);
#150=B_SPLINE_CURVE_WITH_KNOTS('',3,(#10078,#10079,#10080,#10081),
 .UNSPECIFIED.,.F.,.F.,(4,4),(0.,0.000226598780763496),.UNSPECIFIED.);
#151=B_SPLINE_CURVE_WITH_KNOTS('',3,(#10083,#10084,#10085,#10086),
 .UNSPECIFIED.,.F.,.F.,(4,4),(0.,0.00022659878076349),.UNSPECIFIED.);
#152=B_SPLINE_CURVE_WITH_KNOTS('',3,(#10087,#10088,#10089,#10090),
 .UNSPECIFIED.,.F.,.F.,(4,4),(0.,0.000225736628822394),.UNSPECIFIED.);
#153=B_SPLINE_CURVE_WITH_KNOTS('',3,(#10092,#10093,#10094,#10095),
 .UNSPECIFIED.,.F.,.F.,(4,4),(0.,0.000225736628822406),.UNSPECIFIED.);
#154=B_SPLINE_CURVE_WITH_KNOTS('',3,(#10096,#10097,#10098,#10099),
 .UNSPECIFIED.,.F.,.F.,(4,4),(0.,0.000226598780763506),.UNSPECIFIED.);
#155=B_SPLINE_CURVE_WITH_KNOTS('',3,(#10101,#10102,#10103,#10104),
 .UNSPECIFIED.,.F.,.F.,(4,4),(0.,0.00022659878076349),.UNSPECIFIED.);
#156=B_SPLINE_CURVE_WITH_KNOTS('',3,(#10105,#10106,#10107,#10108),
 .UNSPECIFIED.,.F.,.F.,(4,4),(0.,0.000225736628822394),.UNSPECIFIED.);
#157=B_SPLINE_CURVE_WITH_KNOTS('',3,(#10134,#10135,#10136,#10137),
 .UNSPECIFIED.,.F.,.F.,(4,4),(0.,0.000226598780763488),.UNSPECIFIED.);
#158=B_SPLINE_CURVE_WITH_KNOTS('',3,(#10138,#10139,#10140,#10141),
 .UNSPECIFIED.,.F.,.F.,(4,4),(0.,0.000225736628822408),.UNSPECIFIED.);
#159=B_SPLINE_CURVE_WITH_KNOTS('',3,(#10143,#10144,#10145,#10146),
 .UNSPECIFIED.,.F.,.F.,(4,4),(0.,0.0002257366288224),.UNSPECIFIED.);
#160=B_SPLINE_CURVE_WITH_KNOTS('',3,(#10147,#10148,#10149,#10150),
 .UNSPECIFIED.,.F.,.F.,(4,4),(0.,0.000226598780763497),.UNSPECIFIED.);
#161=B_SPLINE_CURVE_WITH_KNOTS('',3,(#10152,#10153,#10154,#10155),
 .UNSPECIFIED.,.F.,.F.,(4,4),(0.,0.000225736628822407),.UNSPECIFIED.);
#162=B_SPLINE_CURVE_WITH_KNOTS('',3,(#10156,#10157,#10158,#10159),
 .UNSPECIFIED.,.F.,.F.,(4,4),(0.,0.000226598780763494),.UNSPECIFIED.);
#163=B_SPLINE_CURVE_WITH_KNOTS('',3,(#10161,#10162,#10163,#10164),
 .UNSPECIFIED.,.F.,.F.,(4,4),(0.,0.000226598780763491),.UNSPECIFIED.);
#164=B_SPLINE_CURVE_WITH_KNOTS('',3,(#10165,#10166,#10167,#10168),
 .UNSPECIFIED.,.F.,.F.,(4,4),(0.,0.000225736628822383),.UNSPECIFIED.);
#165=B_SPLINE_CURVE_WITH_KNOTS('',3,(#10194,#10195,#10196,#10197),
 .UNSPECIFIED.,.F.,.F.,(4,4),(0.,0.000226598780763491),.UNSPECIFIED.);
#166=B_SPLINE_CURVE_WITH_KNOTS('',3,(#10198,#10199,#10200,#10201),
 .UNSPECIFIED.,.F.,.F.,(4,4),(0.,0.000225736628822401),.UNSPECIFIED.);
#167=B_SPLINE_CURVE_WITH_KNOTS('',3,(#10203,#10204,#10205,#10206),
 .UNSPECIFIED.,.F.,.F.,(4,4),(0.,0.000225736628822399),.UNSPECIFIED.);
#168=B_SPLINE_CURVE_WITH_KNOTS('',3,(#10207,#10208,#10209,#10210),
 .UNSPECIFIED.,.F.,.F.,(4,4),(0.,0.000226598780763493),.UNSPECIFIED.);
#169=B_SPLINE_CURVE_WITH_KNOTS('',3,(#10212,#10213,#10214,#10215),
 .UNSPECIFIED.,.F.,.F.,(4,4),(0.,0.0002257366288224),.UNSPECIFIED.);
#170=B_SPLINE_CURVE_WITH_KNOTS('',3,(#10216,#10217,#10218,#10219),
 .UNSPECIFIED.,.F.,.F.,(4,4),(0.,0.000226598780763493),.UNSPECIFIED.);
#171=B_SPLINE_CURVE_WITH_KNOTS('',3,(#10221,#10222,#10223,#10224),
 .UNSPECIFIED.,.F.,.F.,(4,4),(0.,0.000226598780763494),.UNSPECIFIED.);
#172=B_SPLINE_CURVE_WITH_KNOTS('',3,(#10225,#10226,#10227,#10228),
 .UNSPECIFIED.,.F.,.F.,(4,4),(0.,0.000225736628822402),.UNSPECIFIED.);
#173=B_SPLINE_CURVE_WITH_KNOTS('',3,(#10388,#10389,#10390,#10391,#10392,
#10393,#10394,#10395,#10396,#10397,#10398),.UNSPECIFIED.,.T.,.F.,(1,1,1,
1,1,1,1,1,1,1,1,1,1,1,1),(-0.00188362012771816,-0.00125574675181211,-0.000627873375906053,
0.,0.000627873375906052,0.0012557467518121,0.00188362012771816,0.00251149350362421,
0.00313936687953026,0.00376724025543631,0.00439511363134237,0.00502298700724842,
0.00565086038315447,0.00627873375906052,0.00690660713496658),
 .UNSPECIFIED.);
#174=B_SPLINE_CURVE_WITH_KNOTS('',3,(#10408,#10409,#10410,#10411,#10412,
#10413,#10414,#10415,#10416,#10417,#10418),.UNSPECIFIED.,.T.,.F.,(1,1,1,
1,1,1,1,1,1,1,1,1,1,1,1),(-0.00188362012771818,-0.00125574675181212,-0.00062787337590606,
1.02707939568695E-18,0.000627873375906062,0.00125574675181212,0.00188362012771818,
0.00251149350362424,0.00313936687953031,0.00376724025543637,0.00439511363134243,
0.00502298700724849,0.00565086038315455,0.00627873375906061,0.00690660713496667),
 .UNSPECIFIED.);
#175=B_SPLINE_CURVE_WITH_KNOTS('',3,(#10420,#10421,#10422,#10423,#10424,
#10425,#10426,#10427,#10428,#10429,#10430),.UNSPECIFIED.,.T.,.F.,(1,1,1,
1,1,1,1,1,1,1,1,1,1,1,1),(-0.00188362012771816,-0.00125574675181211,-0.000627873375906055,
0.,0.000627873375906055,0.00125574675181211,0.00188362012771816,0.00251149350362422,
0.00313936687953027,0.00376724025543633,0.00439511363134238,0.00502298700724844,
0.00565086038315449,0.00627873375906055,0.0069066071349666),
 .UNSPECIFIED.);
#176=B_SPLINE_CURVE_WITH_KNOTS('',3,(#10440,#10441,#10442,#10443,#10444,
#10445,#10446),.UNSPECIFIED.,.F.,.F.,(4,1,1,1,4),(0.,0.000626433719619632,
0.00125286743923926,0.0018793011588589,0.00250573487847853),
 .UNSPECIFIED.);
#177=B_SPLINE_CURVE_WITH_KNOTS('',3,(#10456,#10457,#10458,#10459,#10460,
#10461,#10462),.UNSPECIFIED.,.F.,.F.,(4,1,1,1,4),(0.,0.000626433719619632,
0.00125286743923926,0.0018793011588589,0.00250573487847853),
 .UNSPECIFIED.);
#178=B_SPLINE_CURVE_WITH_KNOTS('',3,(#10467,#10468,#10469,#10470),
 .UNSPECIFIED.,.F.,.F.,(4,4),(0.,1.),.UNSPECIFIED.);
#179=B_SPLINE_CURVE_WITH_KNOTS('',3,(#10474,#10475,#10476,#10477),
 .UNSPECIFIED.,.F.,.F.,(4,4),(0.,1.),.UNSPECIFIED.);
#180=B_SPLINE_CURVE_WITH_KNOTS('',3,(#10481,#10482,#10483,#10484),
 .UNSPECIFIED.,.F.,.F.,(4,4),(0.,1.),.UNSPECIFIED.);
#181=B_SPLINE_CURVE_WITH_KNOTS('',3,(#10488,#10489,#10490,#10491),
 .UNSPECIFIED.,.F.,.F.,(4,4),(0.,1.),.UNSPECIFIED.);
#182=B_SPLINE_CURVE_WITH_KNOTS('',3,(#10521,#10522,#10523,#10524,#10525),
 .UNSPECIFIED.,.F.,.F.,(4,1,4),(0.,0.5,1.),.UNSPECIFIED.);
#183=B_SPLINE_CURVE_WITH_KNOTS('',3,(#10527,#10528,#10529,#10530),
 .UNSPECIFIED.,.F.,.F.,(4,4),(0.,0.979999999999912),.UNSPECIFIED.);
#184=B_SPLINE_CURVE_WITH_KNOTS('',3,(#10532,#10533,#10534,#10535),
 .UNSPECIFIED.,.F.,.F.,(4,4),(0.,1.),.UNSPECIFIED.);
#185=B_SPLINE_CURVE_WITH_KNOTS('',3,(#10537,#10538,#10539,#10540),
 .UNSPECIFIED.,.F.,.F.,(4,4),(0.350000000000032,1.),.UNSPECIFIED.);
#186=B_SPLINE_CURVE_WITH_KNOTS('',3,(#10542,#10543,#10544,#10545),
 .UNSPECIFIED.,.F.,.F.,(4,4),(0.,0.998465727300285),.UNSPECIFIED.);
#187=B_SPLINE_CURVE_WITH_KNOTS('',3,(#10547,#10548,#10549,#10550),
 .UNSPECIFIED.,.F.,.F.,(4,4),(0.,1.),.UNSPECIFIED.);
#188=B_SPLINE_CURVE_WITH_KNOTS('',3,(#10557,#10558,#10559,#10560,#10561),
 .UNSPECIFIED.,.F.,.F.,(4,1,4),(0.,0.000714002194514141,0.00142800438902828),
 .UNSPECIFIED.);
#189=B_SPLINE_CURVE_WITH_KNOTS('',3,(#10563,#10564,#10565,#10566),
 .UNSPECIFIED.,.F.,.F.,(4,4),(0.,0.00101304480119945),.UNSPECIFIED.);
#190=B_SPLINE_CURVE_WITH_KNOTS('',3,(#10568,#10569,#10570,#10571,#10572),
 .UNSPECIFIED.,.F.,.F.,(4,1,4),(0.,0.000721641014260748,0.0014432820285215),
 .UNSPECIFIED.);
#191=B_SPLINE_CURVE_WITH_KNOTS('',3,(#10578,#10579,#10580,#10581),
 .UNSPECIFIED.,.F.,.F.,(4,4),(-0.0721169767898543,0.988888888888892),
 .UNSPECIFIED.);
#192=B_SPLINE_CURVE_WITH_KNOTS('',3,(#10595,#10596,#10597,#10598),
 .UNSPECIFIED.,.F.,.F.,(4,4),(0.0111111111111111,1.07211697678987),
 .UNSPECIFIED.);
#193=B_SPLINE_CURVE_WITH_KNOTS('',3,(#10606,#10607,#10608,#10609),
 .UNSPECIFIED.,.F.,.F.,(4,4),(0.,1.),.UNSPECIFIED.);
#194=B_SPLINE_CURVE_WITH_KNOTS('',3,(#10622,#10623,#10624,#10625),
 .UNSPECIFIED.,.F.,.F.,(4,4),(0.,1.),.UNSPECIFIED.);
#195=B_SPLINE_CURVE_WITH_KNOTS('',3,(#10638,#10639,#10640,#10641),
 .UNSPECIFIED.,.F.,.F.,(4,4),(0.0200000000000882,1.),.UNSPECIFIED.);
#196=B_SPLINE_CURVE_WITH_KNOTS('',3,(#10654,#10655,#10656,#10657),
 .UNSPECIFIED.,.F.,.F.,(4,4),(0.,0.649999999999968),.UNSPECIFIED.);
#197=B_SPLINE_CURVE_WITH_KNOTS('',3,(#10665,#10666,#10667,#10668),
 .UNSPECIFIED.,.F.,.F.,(4,4),(0.,0.979999999999912),.UNSPECIFIED.);
#198=B_SPLINE_CURVE_WITH_KNOTS('',3,(#10672,#10673,#10674,#10675),
 .UNSPECIFIED.,.F.,.F.,(4,4),(0.0200000000000882,1.),.UNSPECIFIED.);
#199=B_SPLINE_CURVE_WITH_KNOTS('',3,(#10680,#10681,#10682,#10683),
 .UNSPECIFIED.,.F.,.F.,(4,4),(0.,1.),.UNSPECIFIED.);
#200=B_SPLINE_CURVE_WITH_KNOTS('',3,(#10685,#10686,#10687,#10688),
 .UNSPECIFIED.,.F.,.F.,(4,4),(0.,0.979999999999912),.UNSPECIFIED.);
#201=B_SPLINE_CURVE_WITH_KNOTS('',3,(#10693,#10694,#10695,#10696),
 .UNSPECIFIED.,.F.,.F.,(4,4),(0.0200000000000882,1.),.UNSPECIFIED.);
#202=B_SPLINE_CURVE_WITH_KNOTS('',3,(#10701,#10702,#10703,#10704),
 .UNSPECIFIED.,.F.,.F.,(4,4),(0.,1.),.UNSPECIFIED.);
#203=B_SPLINE_CURVE_WITH_KNOTS('',3,(#10706,#10707,#10708,#10709),
 .UNSPECIFIED.,.F.,.F.,(4,4),(0.,1.),.UNSPECIFIED.);
#204=B_SPLINE_CURVE_WITH_KNOTS('',3,(#10726,#10727,#10728,#10729,#10730,
#10731,#10732),.UNSPECIFIED.,.F.,.F.,(4,1,1,1,4),(0.,0.25,0.5,0.75,1.),
 .UNSPECIFIED.);
#205=B_SPLINE_CURVE_WITH_KNOTS('',3,(#10749,#10750,#10751,#10752,#10753,
#10754,#10755),.UNSPECIFIED.,.F.,.F.,(4,1,1,1,4),(0.,0.25,0.5,0.75,1.),
 .UNSPECIFIED.);
#206=B_SPLINE_CURVE_WITH_KNOTS('',3,(#10772,#10773,#10774,#10775,#10776),
 .UNSPECIFIED.,.F.,.F.,(4,1,4),(0.,0.5,1.),.UNSPECIFIED.);
#207=B_SPLINE_CURVE_WITH_KNOTS('',3,(#10780,#10781,#10782,#10783),
 .UNSPECIFIED.,.F.,.F.,(4,4),(0.,1.),.UNSPECIFIED.);
#208=B_SPLINE_CURVE_WITH_KNOTS('',3,(#10785,#10786,#10787,#10788),
 .UNSPECIFIED.,.F.,.F.,(4,4),(0.00153441537259166,1.),.UNSPECIFIED.);
#209=B_SPLINE_CURVE_WITH_KNOTS('',3,(#10800,#10801,#10802,#10803),
 .UNSPECIFIED.,.F.,.F.,(4,4),(0.,1.),.UNSPECIFIED.);
#210=B_SPLINE_CURVE_WITH_KNOTS('',3,(#10805,#10806,#10807,#10808,#10809,
#10810,#10811,#10812,#10813,#10814,#10815,#10816,#10817,#10818,#10819,#10820,
#10821,#10822,#10823,#10824,#10825,#10826,#10827,#10828,#10829,#10830,#10831,
#10832),.UNSPECIFIED.,.F.,.F.,(4,1,1,1,1,1,1,1,1,1,1,1,1,1,1,1,1,1,1,1,
1,1,1,1,1,4),(0.,0.03125,0.0625,0.078125,0.09375,0.125,0.15625,0.1875,0.21875,
0.25,0.265625,0.28125,0.3125,0.375,0.4375,0.5,0.5625,0.625,0.65625,0.6875,
0.71875,0.75,0.78125,0.8125,0.875,1.),.UNSPECIFIED.);
#211=B_SPLINE_CURVE_WITH_KNOTS('',3,(#10834,#10835,#10836,#10837),
 .UNSPECIFIED.,.F.,.F.,(4,4),(0.,1.),.UNSPECIFIED.);
#212=B_SPLINE_CURVE_WITH_KNOTS('',3,(#10841,#10842,#10843,#10844),
 .UNSPECIFIED.,.F.,.F.,(4,4),(0.0496068832517415,0.988888888888889),
 .UNSPECIFIED.);
#213=B_SPLINE_CURVE_WITH_KNOTS('',3,(#10849,#10850,#10851,#10852),
 .UNSPECIFIED.,.F.,.F.,(4,4),(0.0111111111111089,0.950393116748242),
 .UNSPECIFIED.);
#214=B_SPLINE_CURVE_WITH_KNOTS('',3,(#10858,#10859,#10860,#10861,#10862,
#10863,#10864,#10865,#10866,#10867,#10868,#10869,#10870,#10871,#10872,#10873,
#10874,#10875,#10876,#10877,#10878,#10879,#10880,#10881),.UNSPECIFIED.,
 .F.,.F.,(4,3,2,2,2,2,2,2,2,3,4),(-16.9821383781793,3.69814934213971,4.34440833339968,
4.99066732465965,5.63692631591962,6.28318530717959,6.92944429843955,7.57570328969952,
8.22196228095949,8.86822127221946,29.5485089925385),.UNSPECIFIED.);
#215=B_SPLINE_CURVE_WITH_KNOTS('',3,(#10883,#10884,#10885,#10886,#10887,
#10888,#10889,#10890,#10891,#10892,#10893),.UNSPECIFIED.,.F.,.F.,(4,1,1,
1,1,1,1,1,4),(0.,0.125,0.25,0.375,0.5,0.625,0.75,0.875,1.),
 .UNSPECIFIED.);
#216=B_SPLINE_CURVE_WITH_KNOTS('',3,(#10895,#10896,#10897,#10898,#10899,
#10900,#10901,#10902,#10903,#10904,#10905,#10906,#10907,#10908,#10909,#10910,
#10911,#10912,#10913,#10914,#10915,#10916,#10917,#10918),.UNSPECIFIED.,
 .F.,.F.,(4,3,2,2,2,2,2,2,2,3,4),(-16.9821383781793,3.69814934213971,4.34440833339968,
4.99066732465965,5.63692631591962,6.28318530717959,6.92944429843955,7.57570328969952,
8.22196228095949,8.86822127221946,29.5485089925385),.UNSPECIFIED.);
#217=B_SPLINE_CURVE_WITH_KNOTS('',3,(#10921,#10922,#10923,#10924),
 .UNSPECIFIED.,.F.,.F.,(4,4),(0.000490446067397371,0.00379093933636658),
 .UNSPECIFIED.);
#218=B_SPLINE_CURVE_WITH_KNOTS('',3,(#10925,#10926,#10927,#10928),
 .UNSPECIFIED.,.F.,.F.,(4,4),(0.00060411638246016,0.00391622363820757),
 .UNSPECIFIED.);
#219=B_SPLINE_CURVE_WITH_KNOTS('',3,(#10943,#10944,#10945,#10946,#10947,
#10948,#10949),.UNSPECIFIED.,.F.,.F.,(4,1,1,1,4),(0.,0.25,0.5,0.75,1.),
 .UNSPECIFIED.);
#220=B_SPLINE_CURVE_WITH_KNOTS('',3,(#10964,#10965,#10966,#10967,#10968,
#10969,#10970),.UNSPECIFIED.,.F.,.F.,(4,1,1,1,4),(0.,0.25,0.5,0.75,1.),
 .UNSPECIFIED.);
#221=B_SPLINE_CURVE_WITH_KNOTS('',3,(#11056,#11057,#11058,#11059),
 .UNSPECIFIED.,.F.,.F.,(4,4),(0.,0.000182749898443791),.UNSPECIFIED.);
#222=B_SPLINE_CURVE_WITH_KNOTS('',3,(#11060,#11061,#11062,#11063),
 .UNSPECIFIED.,.F.,.F.,(4,4),(0.,0.000184930664033639),.UNSPECIFIED.);
#223=B_SPLINE_CURVE_WITH_KNOTS('',3,(#11065,#11066,#11067,#11068),
 .UNSPECIFIED.,.F.,.F.,(4,4),(0.,1.),.UNSPECIFIED.);
#224=B_SPLINE_CURVE_WITH_KNOTS('',3,(#11080,#11081,#11082,#11083),
 .UNSPECIFIED.,.F.,.F.,(4,4),(0.,1.),.UNSPECIFIED.);
#225=B_SPLINE_CURVE_WITH_KNOTS('',3,(#11087,#11088,#11089,#11090),
 .UNSPECIFIED.,.F.,.F.,(4,4),(0.,1.),.UNSPECIFIED.);
#226=B_SPLINE_CURVE_WITH_KNOTS('',3,(#11101,#11102,#11103,#11104),
 .UNSPECIFIED.,.F.,.F.,(4,4),(0.,1.),.UNSPECIFIED.);
#227=B_SPLINE_CURVE_WITH_KNOTS('',3,(#11115,#11116,#11117,#11118),
 .UNSPECIFIED.,.F.,.F.,(4,4),(0.,1.),.UNSPECIFIED.);
#228=B_SPLINE_CURVE_WITH_KNOTS('',3,(#11119,#11120,#11121,#11122),
 .UNSPECIFIED.,.F.,.F.,(4,4),(0.,1.),.UNSPECIFIED.);
#229=B_SPLINE_CURVE_WITH_KNOTS('',3,(#11126,#11127,#11128,#11129),
 .UNSPECIFIED.,.F.,.F.,(4,4),(0.,1.),.UNSPECIFIED.);
#230=B_SPLINE_CURVE_WITH_KNOTS('',3,(#11144,#11145,#11146,#11147),
 .UNSPECIFIED.,.F.,.F.,(4,4),(0.,1.),.UNSPECIFIED.);
#231=B_SPLINE_CURVE_WITH_KNOTS('',3,(#11151,#11152,#11153,#11154),
 .UNSPECIFIED.,.F.,.F.,(4,4),(0.,1.),.UNSPECIFIED.);
#232=B_SPLINE_CURVE_WITH_KNOTS('',3,(#11169,#11170,#11171,#11172),
 .UNSPECIFIED.,.F.,.F.,(4,4),(0.,1.),.UNSPECIFIED.);
#233=B_SPLINE_CURVE_WITH_KNOTS('',3,(#11174,#11175,#11176,#11177),
 .UNSPECIFIED.,.F.,.F.,(4,4),(0.,1.),.UNSPECIFIED.);
#234=B_SPLINE_CURVE_WITH_KNOTS('',3,(#11179,#11180,#11181,#11182),
 .UNSPECIFIED.,.F.,.F.,(4,4),(0.,1.),.UNSPECIFIED.);
#235=B_SPLINE_CURVE_WITH_KNOTS('',3,(#11193,#11194,#11195,#11196),
 .UNSPECIFIED.,.F.,.F.,(4,4),(0.,0.000763757593126009),.UNSPECIFIED.);
#236=B_SPLINE_CURVE_WITH_KNOTS('',3,(#11199,#11200,#11201,#11202,#11203),
 .UNSPECIFIED.,.F.,.F.,(4,1,4),(0.,0.00041002265519289,0.00082004531038578),
 .UNSPECIFIED.);
#237=B_SPLINE_CURVE_WITH_KNOTS('',3,(#11204,#11205,#11206,#11207,#11208),
 .UNSPECIFIED.,.F.,.F.,(4,1,4),(0.,0.000408008748127086,0.000816017496254171),
 .UNSPECIFIED.);
#238=B_SPLINE_CURVE_WITH_KNOTS('',3,(#11357,#11358,#11359,#11360,#11361,
#11362,#11363,#11364,#11365,#11366,#11367,#11368,#11369,#11370,#11371,#11372,
#11373,#11374,#11375,#11376,#11377,#11378,#11379,#11380,#11381,#11382,#11383,
#11384,#11385,#11386,#11387,#11388,#11389,#11390,#11391,#11392,#11393,#11394,
#11395,#11396,#11397,#11398,#11399,#11400,#11401,#11402,#11403,#11404,#11405,
#11406,#11407,#11408,#11409,#11410,#11411,#11412,#11413,#11414,#11415,#11416,
#11417,#11418,#11419,#11420,#11421,#11422,#11423,#11424,#11425,#11426,#11427,
#11428,#11429,#11430,#11431,#11432,#11433,#11434,#11435,#11436,#11437,#11438,
#11439,#11440,#11441,#11442,#11443,#11444,#11445,#11446,#11447,#11448,#11449,
#11450,#11451,#11452,#11453,#11454,#11455,#11456,#11457,#11458,#11459,#11460,
#11461,#11462,#11463,#11464,#11465,#11466,#11467,#11468,#11469,#11470,#11471,
#11472,#11473,#11474,#11475,#11476,#11477,#11478,#11479,#11480,#11481,#11482,
#11483,#11484,#11485,#11486,#11487,#11488,#11489,#11490,#11491,#11492,#11493,
#11494,#11495,#11496,#11497,#11498,#11499,#11500,#11501,#11502,#11503,#11504,
#11505,#11506,#11507,#11508,#11509,#11510,#11511,#11512,#11513,#11514,#11515,
#11516,#11517,#11518,#11519,#11520,#11521,#11522,#11523,#11524,#11525,#11526,
#11527,#11528,#11529,#11530,#11531,#11532,#11533,#11534,#11535,#11536,#11537),
 .UNSPECIFIED.,.F.,.F.,(4,3,3,3,3,3,3,3,3,3,3,3,3,3,3,3,3,3,3,3,3,3,3,3,
3,3,3,3,3,3,3,3,3,3,3,3,3,3,3,3,3,3,3,3,3,3,3,3,3,3,3,3,3,3,3,3,3,3,3,3,
4),(0.892857143279459,0.894676987382291,0.896483829923773,0.898278607526835,
0.900068242153833,0.901855465367151,0.903642996669293,0.905438142929537,
0.907238649194655,0.909054558691141,0.910714285714286,0.91253412984198,
0.914340972413234,0.916135750053328,0.917925384721694,0.919712607980699,
0.921500139332787,0.923295285649633,0.925095791975043,0.926911701537797,
0.928571428571429,0.93039127268891,0.932198115248383,0.933992892874424,
0.935782527527438,0.937569750769814,0.939357282104096,0.941152428401487,
0.942952934706502,0.944768844247832,0.946428571428571,0.948248415546049,
0.950055258105471,0.951850035731504,0.953639670384522,0.955426893626914,
0.957214424961168,0.959009571258562,0.960810077563582,0.962625987104916,
0.964285714285714,0.966105558403224,0.967912400962679,0.969707178588721,
0.971496813241738,0.973284036484125,0.975071567818386,0.976866714115784,
0.978667220420789,0.980483129962116,0.982142857142857,0.983962701260368,
0.985769543819826,0.987564321445862,0.989353956098876,0.991141179341278,
0.992928710675536,0.994723856972942,0.996524363277954,0.998340272819277,
1.),.UNSPECIFIED.);
#239=B_SPLINE_CURVE_WITH_KNOTS('',3,(#11554,#11555,#11556,#11557,#11558,
#11559,#11560),.UNSPECIFIED.,.F.,.F.,(4,1,1,1,4),(7.92292416590534E-20,
0.00140920175178249,0.00281840350356497,0.00422760525534746,0.00563680700712994),
 .UNSPECIFIED.);
#240=B_SPLINE_CURVE_WITH_KNOTS('',3,(#11564,#11565,#11566,#11567,#11568,
#11569,#11570),.UNSPECIFIED.,.F.,.F.,(4,1,1,1,4),(3.28139120702365E-18,
0.00140762216887609,0.00281524433775218,0.00422286650662827,0.00563048867550436),
 .UNSPECIFIED.);
#241=B_SPLINE_CURVE_WITH_KNOTS('',3,(#12025,#12026,#12027,#12028,#12029,
#12030,#12031,#12032,#12033,#12034,#12035,#12036,#12037,#12038,#12039,#12040,
#12041,#12042,#12043,#12044,#12045,#12046,#12047,#12048,#12049,#12050,#12051,
#12052,#12053,#12054,#12055,#12056,#12057,#12058,#12059,#12060,#12061,#12062,
#12063,#12064,#12065,#12066,#12067,#12068,#12069,#12070,#12071,#12072,#12073,
#12074,#12075,#12076,#12077,#12078,#12079,#12080,#12081,#12082,#12083,#12084,
#12085,#12086,#12087,#12088,#12089,#12090,#12091),.UNSPECIFIED.,.F.,.F.,
(4,1,1,1,1,1,1,1,1,1,1,1,1,1,1,1,1,1,1,1,1,1,1,1,1,1,1,1,1,1,1,1,1,1,1,
1,1,1,1,1,1,1,1,1,1,1,1,1,1,1,1,1,1,1,1,1,1,1,1,1,1,1,1,1,4),(-0.0936465850709685,
-0.0921197759080873,-0.0905929667452061,-0.089066157582325,-0.0875393484194438,
-0.0860125392565626,-0.0844857300936814,-0.0829589209308002,-0.081432111767919,
-0.0799053026050379,-0.0783784934421567,-0.0768516842792755,-0.0753248751163943,
-0.0737980659535131,-0.0722712567906319,-0.0707444476277508,-0.0692176384648696,
-0.0676908293019884,-0.0661640201391072,-0.064637210976226,-0.0631104018133448,
-0.0615835926504637,-0.0600567834875825,-0.0585299743247013,-0.0570031651618201,
-0.0554763559989389,-0.0539495468360577,-0.0524227376731766,-0.0508959285102954,
-0.0493691193474142,-0.047842310184533,-0.0463155010216518,-0.0447886918587706,
-0.0432618826958895,-0.0417350735330083,-0.0402082643701271,-0.0386814552072459,
-0.0371546460443647,-0.0356278368814835,-0.0341010277186024,-0.0325742185557212,
-0.03104740939284,-0.0295206002299588,-0.0279937910670776,-0.0264669819041964,
-0.0249401727413153,-0.0234133635784341,-0.0218865544155529,-0.0203597452526717,
-0.0188329360897905,-0.0173061269269093,-0.0157793177640282,-0.014252508601147,
-0.0127256994382658,-0.0111988902753846,-0.00967208111250342,-0.00814527194962224,
-0.00661846278674106,-0.00509165362385988,-0.00356484446097869,-0.00203803529809751,
-0.000511226135216325,0.00101558302766486,0.00254239219054604,0.00406920135342722),
 .UNSPECIFIED.);
#242=B_SPLINE_CURVE_WITH_KNOTS('',3,(#12298,#12299,#12300,#12301,#12302,
#12303,#12304,#12305,#12306,#12307,#12308,#12309,#12310,#12311,#12312,#12313,
#12314,#12315,#12316,#12317,#12318,#12319,#12320,#12321,#12322,#12323,#12324,
#12325,#12326,#12327,#12328,#12329,#12330,#12331,#12332,#12333,#12334,#12335,
#12336,#12337,#12338,#12339,#12340,#12341,#12342,#12343,#12344,#12345,#12346,
#12347,#12348,#12349,#12350,#12351,#12352,#12353,#12354,#12355,#12356,#12357,
#12358,#12359,#12360,#12361,#12362,#12363,#12364),.UNSPECIFIED.,.F.,.F.,
(4,1,1,1,1,1,1,1,1,1,1,1,1,1,1,1,1,1,1,1,1,1,1,1,1,1,1,1,1,1,1,1,1,1,1,
1,1,1,1,1,1,1,1,1,1,1,1,1,1,1,1,1,1,1,1,1,1,1,1,1,1,1,1,1,4),(0.,0.00152708408542862,
0.00305416817085723,0.00458125225628585,0.00610833634171446,0.00763542042714307,
0.00916250451257169,0.0106895885980003,0.0122166726834289,0.0137437567688575,
0.0152708408542861,0.0167979249397148,0.0183250090251434,0.019852093110572,
0.0213791771960006,0.0229062612814292,0.0244333453668578,0.0259604294522865,
0.0274875135377151,0.0290145976231437,0.0305416817085723,0.0320687657940009,
0.0335958498794295,0.0351229339648581,0.0366500180502868,0.0381771021357154,
0.039704186221144,0.0412312703065726,0.0427583543920012,0.0442854384774298,
0.0458125225628584,0.0473396066482871,0.0488666907337157,0.0503937748191443,
0.0519208589045729,0.0534479429900015,0.0549750270754301,0.0565021111608588,
0.0580291952462874,0.059556279331716,0.0610833634171446,0.0626104475025732,
0.0641375315880018,0.0656646156734304,0.0671916997588591,0.0687187838442877,
0.0702458679297163,0.0717729520151449,0.0733000361005735,0.0748271201860021,
0.0763542042714307,0.0778812883568594,0.079408372442288,0.0809354565277166,
0.0824625406131452,0.0839896246985738,0.0855167087840024,0.0870437928694311,
0.0885708769548597,0.0900979610402883,0.0916250451257169,0.0931521292111455,
0.0946792132965741,0.0962062973820028,0.0977333814674314),.UNSPECIFIED.);
#243=CONTEXT_DEPENDENT_SHAPE_REPRESENTATION(#273,#12595);
#244=CONTEXT_DEPENDENT_SHAPE_REPRESENTATION(#274,#12596);
#245=CONTEXT_DEPENDENT_SHAPE_REPRESENTATION(#275,#12598);
#246=CONTEXT_DEPENDENT_SHAPE_REPRESENTATION(#276,#12599);
#247=CONTEXT_DEPENDENT_SHAPE_REPRESENTATION(#277,#12601);
#248=CONTEXT_DEPENDENT_SHAPE_REPRESENTATION(#278,#12603);
#249=CONTEXT_DEPENDENT_SHAPE_REPRESENTATION(#279,#12604);
#250=CONTEXT_DEPENDENT_SHAPE_REPRESENTATION(#280,#12606);
#251=CONTEXT_DEPENDENT_SHAPE_REPRESENTATION(#281,#12608);
#252=CONTEXT_DEPENDENT_SHAPE_REPRESENTATION(#282,#12610);
#253=CONTEXT_DEPENDENT_SHAPE_REPRESENTATION(#283,#12612);
#254=CONTEXT_DEPENDENT_SHAPE_REPRESENTATION(#284,#12614);
#255=CONTEXT_DEPENDENT_SHAPE_REPRESENTATION(#285,#12615);
#256=CONTEXT_DEPENDENT_SHAPE_REPRESENTATION(#286,#12616);
#257=CONTEXT_DEPENDENT_SHAPE_REPRESENTATION(#287,#12617);
#258=NEXT_ASSEMBLY_USAGE_OCCURRENCE('NAUO1','Part 1','Part 1',#12618,#12619,
'');
#259=NEXT_ASSEMBLY_USAGE_OCCURRENCE('NAUO2','Part 1','Part 1',#12618,#12619,
'');
#260=NEXT_ASSEMBLY_USAGE_OCCURRENCE('NAUO3','Part 1','Part 1',#12618,#12620,
'');
#261=NEXT_ASSEMBLY_USAGE_OCCURRENCE('NAUO4','Part 1','Part 1',#12618,#12619,
'');
#262=NEXT_ASSEMBLY_USAGE_OCCURRENCE('NAUO5','Part 1','Part 1',#12618,#12621,
'');
#263=NEXT_ASSEMBLY_USAGE_OCCURRENCE('NAUO6','Part 1','Part 1',#12618,#12622,
'');
#264=NEXT_ASSEMBLY_USAGE_OCCURRENCE('NAUO7','Part 1','Part 1',#12618,#12619,
'');
#265=NEXT_ASSEMBLY_USAGE_OCCURRENCE('NAUO8','Part 1','Part 1',#12618,#12623,
'');
#266=NEXT_ASSEMBLY_USAGE_OCCURRENCE('NAUO9','Part 1','Part 1',#12618,#12624,
'');
#267=NEXT_ASSEMBLY_USAGE_OCCURRENCE('NAUO10','Part 1','Part 1',#12618,#12625,
'');
#268=NEXT_ASSEMBLY_USAGE_OCCURRENCE('NAUO11','Part 1','Part 1',#12618,#12626,
'');
#269=NEXT_ASSEMBLY_USAGE_OCCURRENCE('NAUO12','E3D v6 HotEnd - Nozzle',
'E3D v6 HotEnd - Nozzle',#12618,#12627,'');
#270=NEXT_ASSEMBLY_USAGE_OCCURRENCE('NAUO13','Part 1','Part 1',#12618,#12623,
'');
#271=NEXT_ASSEMBLY_USAGE_OCCURRENCE('NAUO14','Part 1','Part 1',#12618,#12619,
'');
#272=NEXT_ASSEMBLY_USAGE_OCCURRENCE('NAUO15','Part 1','Part 1',#12618,#12619,
'');
#273=(
REPRESENTATION_RELATIONSHIP(' ',' ',#6390,#6389)
REPRESENTATION_RELATIONSHIP_WITH_TRANSFORMATION(#288)
SHAPE_REPRESENTATION_RELATIONSHIP()
);
#274=(
REPRESENTATION_RELATIONSHIP(' ',' ',#6390,#6389)
REPRESENTATION_RELATIONSHIP_WITH_TRANSFORMATION(#289)
SHAPE_REPRESENTATION_RELATIONSHIP()
);
#275=(
REPRESENTATION_RELATIONSHIP(' ',' ',#6391,#6389)
REPRESENTATION_RELATIONSHIP_WITH_TRANSFORMATION(#290)
SHAPE_REPRESENTATION_RELATIONSHIP()
);
#276=(
REPRESENTATION_RELATIONSHIP(' ',' ',#6390,#6389)
REPRESENTATION_RELATIONSHIP_WITH_TRANSFORMATION(#291)
SHAPE_REPRESENTATION_RELATIONSHIP()
);
#277=(
REPRESENTATION_RELATIONSHIP(' ',' ',#6392,#6389)
REPRESENTATION_RELATIONSHIP_WITH_TRANSFORMATION(#292)
SHAPE_REPRESENTATION_RELATIONSHIP()
);
#278=(
REPRESENTATION_RELATIONSHIP(' ',' ',#6393,#6389)
REPRESENTATION_RELATIONSHIP_WITH_TRANSFORMATION(#293)
SHAPE_REPRESENTATION_RELATIONSHIP()
);
#279=(
REPRESENTATION_RELATIONSHIP(' ',' ',#6390,#6389)
REPRESENTATION_RELATIONSHIP_WITH_TRANSFORMATION(#294)
SHAPE_REPRESENTATION_RELATIONSHIP()
);
#280=(
REPRESENTATION_RELATIONSHIP(' ',' ',#6394,#6389)
REPRESENTATION_RELATIONSHIP_WITH_TRANSFORMATION(#295)
SHAPE_REPRESENTATION_RELATIONSHIP()
);
#281=(
REPRESENTATION_RELATIONSHIP(' ',' ',#6395,#6389)
REPRESENTATION_RELATIONSHIP_WITH_TRANSFORMATION(#296)
SHAPE_REPRESENTATION_RELATIONSHIP()
);
#282=(
REPRESENTATION_RELATIONSHIP(' ',' ',#6396,#6389)
REPRESENTATION_RELATIONSHIP_WITH_TRANSFORMATION(#297)
SHAPE_REPRESENTATION_RELATIONSHIP()
);
#283=(
REPRESENTATION_RELATIONSHIP(' ',' ',#6397,#6389)
REPRESENTATION_RELATIONSHIP_WITH_TRANSFORMATION(#298)
SHAPE_REPRESENTATION_RELATIONSHIP()
);
#284=(
REPRESENTATION_RELATIONSHIP(' ',' ',#6398,#6389)
REPRESENTATION_RELATIONSHIP_WITH_TRANSFORMATION(#299)
SHAPE_REPRESENTATION_RELATIONSHIP()
);
#285=(
REPRESENTATION_RELATIONSHIP(' ',' ',#6394,#6389)
REPRESENTATION_RELATIONSHIP_WITH_TRANSFORMATION(#300)
SHAPE_REPRESENTATION_RELATIONSHIP()
);
#286=(
REPRESENTATION_RELATIONSHIP(' ',' ',#6390,#6389)
REPRESENTATION_RELATIONSHIP_WITH_TRANSFORMATION(#301)
SHAPE_REPRESENTATION_RELATIONSHIP()
);
#287=(
REPRESENTATION_RELATIONSHIP(' ',' ',#6390,#6389)
REPRESENTATION_RELATIONSHIP_WITH_TRANSFORMATION(#302)
SHAPE_REPRESENTATION_RELATIONSHIP()
);
#288=ITEM_DEFINED_TRANSFORMATION(' ',' ',#6399,#6422);
#289=ITEM_DEFINED_TRANSFORMATION(' ',' ',#6399,#6423);
#290=ITEM_DEFINED_TRANSFORMATION(' ',' ',#6399,#6485);
#291=ITEM_DEFINED_TRANSFORMATION(' ',' ',#6399,#6486);
#292=ITEM_DEFINED_TRANSFORMATION(' ',' ',#6399,#6504);
#293=ITEM_DEFINED_TRANSFORMATION(' ',' ',#6399,#6521);
#294=ITEM_DEFINED_TRANSFORMATION(' ',' ',#6399,#6522);
#295=ITEM_DEFINED_TRANSFORMATION(' ',' ',#6399,#6852);
#296=ITEM_DEFINED_TRANSFORMATION(' ',' ',#6399,#6868);
#297=ITEM_DEFINED_TRANSFORMATION(' ',' ',#6399,#6969);
#298=ITEM_DEFINED_TRANSFORMATION(' ',' ',#6399,#7002);
#299=ITEM_DEFINED_TRANSFORMATION(' ',' ',#6399,#7067);
#300=ITEM_DEFINED_TRANSFORMATION(' ',' ',#6399,#7068);
#301=ITEM_DEFINED_TRANSFORMATION(' ',' ',#6399,#7069);
#302=ITEM_DEFINED_TRANSFORMATION(' ',' ',#6399,#7070);
#303=SHAPE_REPRESENTATION_RELATIONSHIP('','',#6390,#312);
#304=SHAPE_REPRESENTATION_RELATIONSHIP('','',#6391,#313);
#305=SHAPE_REPRESENTATION_RELATIONSHIP('','',#6392,#314);
#306=SHAPE_REPRESENTATION_RELATIONSHIP('','',#6393,#315);
#307=SHAPE_REPRESENTATION_RELATIONSHIP('','',#6394,#316);
#308=SHAPE_REPRESENTATION_RELATIONSHIP('','',#6395,#317);
#309=SHAPE_REPRESENTATION_RELATIONSHIP('','',#6396,#318);
#310=SHAPE_REPRESENTATION_RELATIONSHIP('','',#6397,#319);
#311=SHAPE_REPRESENTATION_RELATIONSHIP('','',#6398,#320);
#312=ADVANCED_BREP_SHAPE_REPRESENTATION('',(#6370),#12571);
#313=ADVANCED_BREP_SHAPE_REPRESENTATION('',(#6371),#12572);
#314=ADVANCED_BREP_SHAPE_REPRESENTATION('',(#6372),#12573);
#315=ADVANCED_BREP_SHAPE_REPRESENTATION('',(#6373),#12574);
#316=ADVANCED_BREP_SHAPE_REPRESENTATION('',(#6374),#12575);
#317=ADVANCED_BREP_SHAPE_REPRESENTATION('',(#6375),#12576);
#318=ADVANCED_BREP_SHAPE_REPRESENTATION('',(#6376),#12577);
#319=ADVANCED_BREP_SHAPE_REPRESENTATION('',(#6377),#12578);
#320=ADVANCED_BREP_SHAPE_REPRESENTATION('',(#6378),#12579);
#321=CONICAL_SURFACE('',#6419,0.0008,0.785398163397449);
#322=CONICAL_SURFACE('',#6420,0.001675,0.785398163397448);
#323=CONICAL_SURFACE('',#6421,0.001875,0.785398163397448);
#324=CONICAL_SURFACE('',#6460,0.00125,1.02974425867665);
#325=CONICAL_SURFACE('',#6463,0.00125,1.02974425867665);
#326=CONICAL_SURFACE('',#6466,0.00125,1.02974425867665);
#327=CONICAL_SURFACE('',#6469,0.00125,1.02974425867665);
#328=CONICAL_SURFACE('',#6475,0.0037,0.785398163397448);
#329=CONICAL_SURFACE('',#6480,0.00906188425753637,0.785398163397448);
#330=CONICAL_SURFACE('',#6481,0.00926188425753637,0.785398163397448);
#331=CONICAL_SURFACE('',#6482,0.00926188425753637,0.785398163397448);
#332=CONICAL_SURFACE('',#6483,0.00926188425753637,0.785398163397444);
#333=CONICAL_SURFACE('',#6484,0.00926188425753637,0.785398163397444);
#334=CONICAL_SURFACE('',#6502,0.0013,0.785398163397448);
#335=CONICAL_SURFACE('',#6503,0.0015,0.785398163397446);
#336=CONICAL_SURFACE('',#6517,0.0009,0.785398163397446);
#337=CONICAL_SURFACE('',#6518,0.0012,0.785398163397448);
#338=CONICAL_SURFACE('',#6519,0.0027,0.785398163397448);
#339=CONICAL_SURFACE('',#6520,0.003,0.785398163397446);
#340=CONICAL_SURFACE('',#6774,0.00145,0.785398163397448);
#341=CONICAL_SURFACE('',#6778,0.00165,0.785398163397448);
#342=CONICAL_SURFACE('',#6782,0.00165,0.785398163397448);
#343=CONICAL_SURFACE('',#6786,0.00165,0.785398163397448);
#344=CONICAL_SURFACE('',#6790,0.00145,0.785398163397448);
#345=CONICAL_SURFACE('',#6794,0.00145,0.785398163397448);
#346=CONICAL_SURFACE('',#6861,0.003,0.785398163397453);
#347=CONICAL_SURFACE('',#6941,0.0018,0.785398163397452);
#348=CONICAL_SURFACE('',#6942,0.0044,0.785398163397448);
#349=CONICAL_SURFACE('',#6944,0.0044,0.785398163397448);
#350=CONICAL_SURFACE('',#6945,0.00225,0.785398163397448);
#351=CONICAL_SURFACE('',#6947,0.0044,0.785398163397448);
#352=CONICAL_SURFACE('',#6948,0.0027,0.785398163397448);
#353=CONICAL_SURFACE('',#6949,0.0003,0.785398163397453);
#354=CONICAL_SURFACE('',#6952,0.0031,0.785398163397452);
#355=CONICAL_SURFACE('',#6955,0.0003,0.785398163397452);
#356=CONICAL_SURFACE('',#6957,0.0033,0.785398163397452);
#357=CONICAL_SURFACE('',#6963,0.0008,1.02974425867665);
#358=CONICAL_SURFACE('',#6966,0.0008,1.02974425867665);
#359=CONICAL_SURFACE('',#6992,0.0021,1.02974425867665);
#360=CONICAL_SURFACE('',#6996,0.0028,0.785398163397448);
#361=CONICAL_SURFACE('',#6997,0.0023,0.785398163397448);
#362=CONICAL_SURFACE('',#6998,0.0011,0.785398163397457);
#363=CONICAL_SURFACE('',#6999,0.003,0.785398163397448);
#364=CONICAL_SURFACE('',#7000,0.003275,0.785398163397448);
#365=CONICAL_SURFACE('',#7001,0.003475,0.785398163397448);
#366=CONICAL_SURFACE('',#7044,0.00404145188432738,1.06547032025974);
#367=CONICAL_SURFACE('',#7046,0.00349919004830523,1.06547032025974);
#368=CONICAL_SURFACE('',#7050,0.00190041507630667,0.610865238200054);
#369=CONICAL_SURFACE('',#7051,0.000499999999817646,1.0297442586507);
#370=CONICAL_SURFACE('',#7055,0.0010000000000332,1.02974425866194);
#371=CONICAL_SURFACE('',#7060,0.000749999999999989,1.02974425867665);
#372=CONICAL_SURFACE('',#7063,0.001,0.785398163397452);
#373=LINE('',#8784,#728);
#374=LINE('',#8787,#729);
#375=LINE('',#8789,#730);
#376=LINE('',#8791,#731);
#377=LINE('',#8793,#732);
#378=LINE('',#8795,#733);
#379=LINE('',#8803,#734);
#380=LINE('',#8805,#735);
#381=LINE('',#8807,#736);
#382=LINE('',#8809,#737);
#383=LINE('',#8811,#738);
#384=LINE('',#8813,#739);
#385=LINE('',#8815,#740);
#386=LINE('',#8817,#741);
#387=LINE('',#8819,#742);
#388=LINE('',#8821,#743);
#389=LINE('',#8823,#744);
#390=LINE('',#8825,#745);
#391=LINE('',#8880,#746);
#392=LINE('',#8887,#747);
#393=LINE('',#8889,#748);
#394=LINE('',#8896,#749);
#395=LINE('',#8898,#750);
#396=LINE('',#8910,#751);
#397=LINE('',#8917,#752);
#398=LINE('',#8919,#753);
#399=LINE('',#8926,#754);
#400=LINE('',#8928,#755);
#401=LINE('',#8937,#756);
#402=LINE('',#8939,#757);
#403=LINE('',#8940,#758);
#404=LINE('',#8947,#759);
#405=LINE('',#8951,#760);
#406=LINE('',#8952,#761);
#407=LINE('',#8960,#762);
#408=LINE('',#8967,#763);
#409=LINE('',#8975,#764);
#410=LINE('',#8982,#765);
#411=LINE('',#9003,#766);
#412=LINE('',#9010,#767);
#413=LINE('',#9017,#768);
#414=LINE('',#9024,#769);
#415=LINE('',#9275,#770);
#416=LINE('',#9276,#771);
#417=LINE('',#9278,#772);
#418=LINE('',#9280,#773);
#419=LINE('',#9340,#774);
#420=LINE('',#9344,#775);
#421=LINE('',#9346,#776);
#422=LINE('',#9351,#777);
#423=LINE('',#9358,#778);
#424=LINE('',#9362,#779);
#425=LINE('',#9364,#780);
#426=LINE('',#9369,#781);
#427=LINE('',#9376,#782);
#428=LINE('',#9380,#783);
#429=LINE('',#9385,#784);
#430=LINE('',#9389,#785);
#431=LINE('',#9394,#786);
#432=LINE('',#9398,#787);
#433=LINE('',#9403,#788);
#434=LINE('',#9407,#789);
#435=LINE('',#9411,#790);
#436=LINE('',#9415,#791);
#437=LINE('',#9419,#792);
#438=LINE('',#9423,#793);
#439=LINE('',#9427,#794);
#440=LINE('',#9428,#795);
#441=LINE('',#9432,#796);
#442=LINE('',#9433,#797);
#443=LINE('',#9437,#798);
#444=LINE('',#9441,#799);
#445=LINE('',#9446,#800);
#446=LINE('',#9450,#801);
#447=LINE('',#9454,#802);
#448=LINE('',#9458,#803);
#449=LINE('',#9462,#804);
#450=LINE('',#9466,#805);
#451=LINE('',#9470,#806);
#452=LINE('',#9471,#807);
#453=LINE('',#9475,#808);
#454=LINE('',#9476,#809);
#455=LINE('',#9480,#810);
#456=LINE('',#9481,#811);
#457=LINE('',#9486,#812);
#458=LINE('',#9490,#813);
#459=LINE('',#9494,#814);
#460=LINE('',#9498,#815);
#461=LINE('',#9502,#816);
#462=LINE('',#9506,#817);
#463=LINE('',#9510,#818);
#464=LINE('',#9511,#819);
#465=LINE('',#9515,#820);
#466=LINE('',#9516,#821);
#467=LINE('',#9520,#822);
#468=LINE('',#9524,#823);
#469=LINE('',#9529,#824);
#470=LINE('',#9533,#825);
#471=LINE('',#9535,#826);
#472=LINE('',#9539,#827);
#473=LINE('',#9544,#828);
#474=LINE('',#9545,#829);
#475=LINE('',#9547,#830);
#476=LINE('',#9551,#831);
#477=LINE('',#9556,#832);
#478=LINE('',#9560,#833);
#479=LINE('',#9562,#834);
#480=LINE('',#9566,#835);
#481=LINE('',#9568,#836);
#482=LINE('',#9572,#837);
#483=LINE('',#9574,#838);
#484=LINE('',#9576,#839);
#485=LINE('',#9580,#840);
#486=LINE('',#9582,#841);
#487=LINE('',#9586,#842);
#488=LINE('',#9590,#843);
#489=LINE('',#9592,#844);
#490=LINE('',#9594,#845);
#491=LINE('',#9598,#846);
#492=LINE('',#9600,#847);
#493=LINE('',#9604,#848);
#494=LINE('',#9606,#849);
#495=LINE('',#9610,#850);
#496=LINE('',#9614,#851);
#497=LINE('',#9616,#852);
#498=LINE('',#9620,#853);
#499=LINE('',#9624,#854);
#500=LINE('',#9625,#855);
#501=LINE('',#9629,#856);
#502=LINE('',#9633,#857);
#503=LINE('',#9638,#858);
#504=LINE('',#9639,#859);
#505=LINE('',#9641,#860);
#506=LINE('',#9646,#861);
#507=LINE('',#9653,#862);
#508=LINE('',#9654,#863);
#509=LINE('',#9656,#864);
#510=LINE('',#9660,#865);
#511=LINE('',#9662,#866);
#512=LINE('',#9667,#867);
#513=LINE('',#9671,#868);
#514=LINE('',#9676,#869);
#515=LINE('',#9680,#870);
#516=LINE('',#9690,#871);
#517=LINE('',#9698,#872);
#518=LINE('',#9706,#873);
#519=LINE('',#9708,#874);
#520=LINE('',#9713,#875);
#521=LINE('',#9717,#876);
#522=LINE('',#9727,#877);
#523=LINE('',#9735,#878);
#524=LINE('',#9743,#879);
#525=LINE('',#9748,#880);
#526=LINE('',#9752,#881);
#527=LINE('',#9756,#882);
#528=LINE('',#9757,#883);
#529=LINE('',#9762,#884);
#530=LINE('',#9766,#885);
#531=LINE('',#9776,#886);
#532=LINE('',#9782,#887);
#533=LINE('',#9786,#888);
#534=LINE('',#9790,#889);
#535=LINE('',#9796,#890);
#536=LINE('',#9802,#891);
#537=LINE('',#9806,#892);
#538=LINE('',#9810,#893);
#539=LINE('',#9816,#894);
#540=LINE('',#9825,#895);
#541=LINE('',#9831,#896);
#542=LINE('',#9835,#897);
#543=LINE('',#9839,#898);
#544=LINE('',#9845,#899);
#545=LINE('',#9851,#900);
#546=LINE('',#9855,#901);
#547=LINE('',#9859,#902);
#548=LINE('',#9865,#903);
#549=LINE('',#9866,#904);
#550=LINE('',#9871,#905);
#551=LINE('',#9875,#906);
#552=LINE('',#9878,#907);
#553=LINE('',#9883,#908);
#554=LINE('',#9887,#909);
#555=LINE('',#9891,#910);
#556=LINE('',#9892,#911);
#557=LINE('',#9894,#912);
#558=LINE('',#9896,#913);
#559=LINE('',#9898,#914);
#560=LINE('',#9900,#915);
#561=LINE('',#9903,#916);
#562=LINE('',#9910,#917);
#563=LINE('',#9919,#918);
#564=LINE('',#9920,#919);
#565=LINE('',#9922,#920);
#566=LINE('',#9928,#921);
#567=LINE('',#9935,#922);
#568=LINE('',#9936,#923);
#569=LINE('',#9958,#924);
#570=LINE('',#9959,#925);
#571=LINE('',#9961,#926);
#572=LINE('',#9962,#927);
#573=LINE('',#9964,#928);
#574=LINE('',#9965,#929);
#575=LINE('',#9970,#930);
#576=LINE('',#9977,#931);
#577=LINE('',#9983,#932);
#578=LINE('',#9987,#933);
#579=LINE('',#9991,#934);
#580=LINE('',#9992,#935);
#581=LINE('',#9996,#936);
#582=LINE('',#10000,#937);
#583=LINE('',#10002,#938);
#584=LINE('',#10008,#939);
#585=LINE('',#10015,#940);
#586=LINE('',#10016,#941);
#587=LINE('',#10038,#942);
#588=LINE('',#10039,#943);
#589=LINE('',#10041,#944);
#590=LINE('',#10042,#945);
#591=LINE('',#10044,#946);
#592=LINE('',#10045,#947);
#593=LINE('',#10050,#948);
#594=LINE('',#10055,#949);
#595=LINE('',#10059,#950);
#596=LINE('',#10064,#951);
#597=LINE('',#10068,#952);
#598=LINE('',#10069,#953);
#599=LINE('',#10071,#954);
#600=LINE('',#10072,#955);
#601=LINE('',#10110,#956);
#602=LINE('',#10115,#957);
#603=LINE('',#10119,#958);
#604=LINE('',#10120,#959);
#605=LINE('',#10122,#960);
#606=LINE('',#10127,#961);
#607=LINE('',#10131,#962);
#608=LINE('',#10132,#963);
#609=LINE('',#10170,#964);
#610=LINE('',#10175,#965);
#611=LINE('',#10179,#966);
#612=LINE('',#10184,#967);
#613=LINE('',#10188,#968);
#614=LINE('',#10189,#969);
#615=LINE('',#10191,#970);
#616=LINE('',#10192,#971);
#617=LINE('',#10230,#972);
#618=LINE('',#10231,#973);
#619=LINE('',#10233,#974);
#620=LINE('',#10234,#975);
#621=LINE('',#10236,#976);
#622=LINE('',#10237,#977);
#623=LINE('',#10242,#978);
#624=LINE('',#10243,#979);
#625=LINE('',#10245,#980);
#626=LINE('',#10246,#981);
#627=LINE('',#10272,#982);
#628=LINE('',#10274,#983);
#629=LINE('',#10277,#984);
#630=LINE('',#10279,#985);
#631=LINE('',#10282,#986);
#632=LINE('',#10284,#987);
#633=LINE('',#10287,#988);
#634=LINE('',#10289,#989);
#635=LINE('',#10292,#990);
#636=LINE('',#10294,#991);
#637=LINE('',#10297,#992);
#638=LINE('',#10299,#993);
#639=LINE('',#10302,#994);
#640=LINE('',#10304,#995);
#641=LINE('',#10307,#996);
#642=LINE('',#10309,#997);
#643=LINE('',#10312,#998);
#644=LINE('',#10314,#999);
#645=LINE('',#10317,#1000);
#646=LINE('',#10319,#1001);
#647=LINE('',#10322,#1002);
#648=LINE('',#10324,#1003);
#649=LINE('',#10327,#1004);
#650=LINE('',#10329,#1005);
#651=LINE('',#10332,#1006);
#652=LINE('',#10334,#1007);
#653=LINE('',#10337,#1008);
#654=LINE('',#10339,#1009);
#655=LINE('',#10342,#1010);
#656=LINE('',#10344,#1011);
#657=LINE('',#10347,#1012);
#658=LINE('',#10349,#1013);
#659=LINE('',#10352,#1014);
#660=LINE('',#10354,#1015);
#661=LINE('',#10357,#1016);
#662=LINE('',#10359,#1017);
#663=LINE('',#10400,#1018);
#664=LINE('',#10405,#1019);
#665=LINE('',#10433,#1020);
#666=LINE('',#10438,#1021);
#667=LINE('',#10448,#1022);
#668=LINE('',#10454,#1023);
#669=LINE('',#10472,#1024);
#670=LINE('',#10479,#1025);
#671=LINE('',#10486,#1026);
#672=LINE('',#10495,#1027);
#673=LINE('',#10499,#1028);
#674=LINE('',#10518,#1029);
#675=LINE('',#10555,#1030);
#676=LINE('',#10574,#1031);
#677=LINE('',#10585,#1032);
#678=LINE('',#10591,#1033);
#679=LINE('',#10614,#1034);
#680=LINE('',#10618,#1035);
#681=LINE('',#10633,#1036);
#682=LINE('',#10635,#1037);
#683=LINE('',#10636,#1038);
#684=LINE('',#10643,#1039);
#685=LINE('',#10649,#1040);
#686=LINE('',#10651,#1041);
#687=LINE('',#10652,#1042);
#688=LINE('',#10662,#1043);
#689=LINE('',#10663,#1044);
#690=LINE('',#10670,#1045);
#691=LINE('',#10677,#1046);
#692=LINE('',#10691,#1047);
#693=LINE('',#10698,#1048);
#694=LINE('',#10699,#1049);
#695=LINE('',#10778,#1050);
#696=LINE('',#10798,#1051);
#697=LINE('',#10839,#1052);
#698=LINE('',#10980,#1053);
#699=LINE('',#10983,#1054);
#700=LINE('',#10984,#1055);
#701=LINE('',#10986,#1056);
#702=LINE('',#10988,#1057);
#703=LINE('',#10990,#1058);
#704=LINE('',#11069,#1059);
#705=LINE('',#11071,#1060);
#706=LINE('',#11085,#1061);
#707=LINE('',#11092,#1062);
#708=LINE('',#11124,#1063);
#709=LINE('',#11131,#1064);
#710=LINE('',#11149,#1065);
#711=LINE('',#11156,#1066);
#712=LINE('',#11301,#1067);
#713=LINE('',#11306,#1068);
#714=LINE('',#11310,#1069);
#715=LINE('',#11315,#1070);
#716=LINE('',#11319,#1071);
#717=LINE('',#11324,#1072);
#718=LINE('',#11328,#1073);
#719=LINE('',#11333,#1074);
#720=LINE('',#11337,#1075);
#721=LINE('',#11342,#1076);
#722=LINE('',#11346,#1077);
#723=LINE('',#11349,#1078);
#724=LINE('',#11351,#1079);
#725=LINE('',#11353,#1080);
#726=LINE('',#12490,#1081);
#727=LINE('',#12534,#1082);
#728=VECTOR('',#7089,1.);
#729=VECTOR('',#7090,1.);
#730=VECTOR('',#7091,1.);
#731=VECTOR('',#7092,1.);
#732=VECTOR('',#7093,1.);
#733=VECTOR('',#7094,1.);
#734=VECTOR('',#7105,1.);
#735=VECTOR('',#7106,1.);
#736=VECTOR('',#7107,1.);
#737=VECTOR('',#7110,1.);
#738=VECTOR('',#7111,1.);
#739=VECTOR('',#7114,1.);
#740=VECTOR('',#7115,1.);
#741=VECTOR('',#7118,1.);
#742=VECTOR('',#7119,1.);
#743=VECTOR('',#7122,1.);
#744=VECTOR('',#7123,1.);
#745=VECTOR('',#7126,1.);
#746=VECTOR('',#7151,1.);
#747=VECTOR('',#7152,1.);
#748=VECTOR('',#7153,1.);
#749=VECTOR('',#7154,1.);
#750=VECTOR('',#7155,1.);
#751=VECTOR('',#7162,1.);
#752=VECTOR('',#7163,1.);
#753=VECTOR('',#7164,1.);
#754=VECTOR('',#7165,1.);
#755=VECTOR('',#7166,1.);
#756=VECTOR('',#7171,1.);
#757=VECTOR('',#7174,1.);
#758=VECTOR('',#7175,1.);
#759=VECTOR('',#7178,1.);
#760=VECTOR('',#7183,1.);
#761=VECTOR('',#7184,1.);
#762=VECTOR('',#7187,1.);
#763=VECTOR('',#7188,1.);
#764=VECTOR('',#7191,1.);
#765=VECTOR('',#7192,1.);
#766=VECTOR('',#7209,1.);
#767=VECTOR('',#7210,1.);
#768=VECTOR('',#7211,1.);
#769=VECTOR('',#7212,1.);
#770=VECTOR('',#7279,1.);
#771=VECTOR('',#7280,1.);
#772=VECTOR('',#7283,1.);
#773=VECTOR('',#7286,1.);
#774=VECTOR('',#7369,1.);
#775=VECTOR('',#7372,1.);
#776=VECTOR('',#7375,1.);
#777=VECTOR('',#7378,1.);
#778=VECTOR('',#7385,1.);
#779=VECTOR('',#7388,1.);
#780=VECTOR('',#7391,1.);
#781=VECTOR('',#7394,1.);
#782=VECTOR('',#7401,1.);
#783=VECTOR('',#7404,1.);
#784=VECTOR('',#7409,1.);
#785=VECTOR('',#7412,1.);
#786=VECTOR('',#7417,1.);
#787=VECTOR('',#7420,1.);
#788=VECTOR('',#7425,1.);
#789=VECTOR('',#7428,1.);
#790=VECTOR('',#7431,1.);
#791=VECTOR('',#7434,1.);
#792=VECTOR('',#7437,1.);
#793=VECTOR('',#7440,1.);
#794=VECTOR('',#7443,1.);
#795=VECTOR('',#7444,1.);
#796=VECTOR('',#7447,1.);
#797=VECTOR('',#7448,1.);
#798=VECTOR('',#7451,1.);
#799=VECTOR('',#7454,1.);
#800=VECTOR('',#7459,1.);
#801=VECTOR('',#7462,1.);
#802=VECTOR('',#7465,1.);
#803=VECTOR('',#7468,1.);
#804=VECTOR('',#7471,1.);
#805=VECTOR('',#7474,1.);
#806=VECTOR('',#7477,1.);
#807=VECTOR('',#7478,1.);
#808=VECTOR('',#7481,1.);
#809=VECTOR('',#7482,1.);
#810=VECTOR('',#7485,1.);
#811=VECTOR('',#7486,1.);
#812=VECTOR('',#7491,1.);
#813=VECTOR('',#7494,1.);
#814=VECTOR('',#7497,1.);
#815=VECTOR('',#7500,1.);
#816=VECTOR('',#7503,1.);
#817=VECTOR('',#7506,1.);
#818=VECTOR('',#7509,1.);
#819=VECTOR('',#7510,1.);
#820=VECTOR('',#7513,1.);
#821=VECTOR('',#7514,1.);
#822=VECTOR('',#7517,1.);
#823=VECTOR('',#7520,1.);
#824=VECTOR('',#7525,1.);
#825=VECTOR('',#7528,1.);
#826=VECTOR('',#7531,1.);
#827=VECTOR('',#7534,1.);
#828=VECTOR('',#7539,1.);
#829=VECTOR('',#7540,1.);
#830=VECTOR('',#7543,1.);
#831=VECTOR('',#7546,1.);
#832=VECTOR('',#7551,1.);
#833=VECTOR('',#7554,1.);
#834=VECTOR('',#7557,1.);
#835=VECTOR('',#7560,1.);
#836=VECTOR('',#7563,1.);
#837=VECTOR('',#7566,1.);
#838=VECTOR('',#7569,1.);
#839=VECTOR('',#7570,1.);
#840=VECTOR('',#7575,1.);
#841=VECTOR('',#7576,1.);
#842=VECTOR('',#7581,1.);
#843=VECTOR('',#7584,1.);
#844=VECTOR('',#7587,1.);
#845=VECTOR('',#7588,1.);
#846=VECTOR('',#7593,1.);
#847=VECTOR('',#7594,1.);
#848=VECTOR('',#7599,1.);
#849=VECTOR('',#7600,1.);
#850=VECTOR('',#7605,1.);
#851=VECTOR('',#7608,1.);
#852=VECTOR('',#7611,1.);
#853=VECTOR('',#7614,1.);
#854=VECTOR('',#7617,1.);
#855=VECTOR('',#7618,1.);
#856=VECTOR('',#7621,1.);
#857=VECTOR('',#7624,1.);
#858=VECTOR('',#7629,1.);
#859=VECTOR('',#7630,1.);
#860=VECTOR('',#7633,1.);
#861=VECTOR('',#7636,1.);
#862=VECTOR('',#7643,1.);
#863=VECTOR('',#7644,1.);
#864=VECTOR('',#7647,1.);
#865=VECTOR('',#7650,1.);
#866=VECTOR('',#7653,1.);
#867=VECTOR('',#7656,1.);
#868=VECTOR('',#7661,1.);
#869=VECTOR('',#7664,1.);
#870=VECTOR('',#7667,1.);
#871=VECTOR('',#7676,1.);
#872=VECTOR('',#7683,1.);
#873=VECTOR('',#7690,1.);
#874=VECTOR('',#7693,1.);
#875=VECTOR('',#7696,1.);
#876=VECTOR('',#7699,1.);
#877=VECTOR('',#7708,1.);
#878=VECTOR('',#7715,1.);
#879=VECTOR('',#7722,1.);
#880=VECTOR('',#7727,1.);
#881=VECTOR('',#7730,1.);
#882=VECTOR('',#7733,1.);
#883=VECTOR('',#7734,1.);
#884=VECTOR('',#7737,1.);
#885=VECTOR('',#7740,1.);
#886=VECTOR('',#7749,1.);
#887=VECTOR('',#7754,1.);
#888=VECTOR('',#7757,1.);
#889=VECTOR('',#7760,1.);
#890=VECTOR('',#7765,1.);
#891=VECTOR('',#7770,1.);
#892=VECTOR('',#7773,1.);
#893=VECTOR('',#7776,1.);
#894=VECTOR('',#7781,1.);
#895=VECTOR('',#7790,1.);
#896=VECTOR('',#7795,1.);
#897=VECTOR('',#7798,1.);
#898=VECTOR('',#7801,1.);
#899=VECTOR('',#7806,1.);
#900=VECTOR('',#7811,1.);
#901=VECTOR('',#7814,1.);
#902=VECTOR('',#7817,1.);
#903=VECTOR('',#7822,1.);
#904=VECTOR('',#7823,1.);
#905=VECTOR('',#7826,1.);
#906=VECTOR('',#7829,1.);
#907=VECTOR('',#7832,1.);
#908=VECTOR('',#7835,1.);
#909=VECTOR('',#7838,1.);
#910=VECTOR('',#7843,1.);
#911=VECTOR('',#7844,1.);
#912=VECTOR('',#7847,1.);
#913=VECTOR('',#7850,1.);
#914=VECTOR('',#7853,1.);
#915=VECTOR('',#7856,1.);
#916=VECTOR('',#7861,1.);
#917=VECTOR('',#7862,1.);
#918=VECTOR('',#7867,1.);
#919=VECTOR('',#7868,1.);
#920=VECTOR('',#7871,1.);
#921=VECTOR('',#7872,1.);
#922=VECTOR('',#7875,1.);
#923=VECTOR('',#7876,1.);
#924=VECTOR('',#7887,1.);
#925=VECTOR('',#7888,1.);
#926=VECTOR('',#7891,1.);
#927=VECTOR('',#7892,1.);
#928=VECTOR('',#7895,1.);
#929=VECTOR('',#7896,1.);
#930=VECTOR('',#7905,1.);
#931=VECTOR('',#7906,1.);
#932=VECTOR('',#7909,1.);
#933=VECTOR('',#7912,1.);
#934=VECTOR('',#7915,1.);
#935=VECTOR('',#7916,1.);
#936=VECTOR('',#7919,1.);
#937=VECTOR('',#7922,1.);
#938=VECTOR('',#7925,1.);
#939=VECTOR('',#7926,1.);
#940=VECTOR('',#7929,1.);
#941=VECTOR('',#7930,1.);
#942=VECTOR('',#7941,1.);
#943=VECTOR('',#7942,1.);
#944=VECTOR('',#7945,1.);
#945=VECTOR('',#7946,1.);
#946=VECTOR('',#7949,1.);
#947=VECTOR('',#7950,1.);
#948=VECTOR('',#7959,1.);
#949=VECTOR('',#7962,1.);
#950=VECTOR('',#7967,1.);
#951=VECTOR('',#7970,1.);
#952=VECTOR('',#7975,1.);
#953=VECTOR('',#7976,1.);
#954=VECTOR('',#7979,1.);
#955=VECTOR('',#7980,1.);
#956=VECTOR('',#7991,1.);
#957=VECTOR('',#7994,1.);
#958=VECTOR('',#7999,1.);
#959=VECTOR('',#8000,1.);
#960=VECTOR('',#8003,1.);
#961=VECTOR('',#8006,1.);
#962=VECTOR('',#8011,1.);
#963=VECTOR('',#8012,1.);
#964=VECTOR('',#8023,1.);
#965=VECTOR('',#8026,1.);
#966=VECTOR('',#8031,1.);
#967=VECTOR('',#8034,1.);
#968=VECTOR('',#8039,1.);
#969=VECTOR('',#8040,1.);
#970=VECTOR('',#8043,1.);
#971=VECTOR('',#8044,1.);
#972=VECTOR('',#8055,1.);
#973=VECTOR('',#8056,1.);
#974=VECTOR('',#8059,1.);
#975=VECTOR('',#8060,1.);
#976=VECTOR('',#8063,1.);
#977=VECTOR('',#8064,1.);
#978=VECTOR('',#8069,1.);
#979=VECTOR('',#8070,1.);
#980=VECTOR('',#8073,1.);
#981=VECTOR('',#8074,1.);
#982=VECTOR('',#8125,1.);
#983=VECTOR('',#8128,1.);
#984=VECTOR('',#8133,1.);
#985=VECTOR('',#8136,1.);
#986=VECTOR('',#8141,1.);
#987=VECTOR('',#8144,1.);
#988=VECTOR('',#8149,1.);
#989=VECTOR('',#8152,1.);
#990=VECTOR('',#8157,1.);
#991=VECTOR('',#8160,1.);
#992=VECTOR('',#8165,1.);
#993=VECTOR('',#8168,1.);
#994=VECTOR('',#8173,1.);
#995=VECTOR('',#8176,1.);
#996=VECTOR('',#8181,1.);
#997=VECTOR('',#8184,1.);
#998=VECTOR('',#8189,1.);
#999=VECTOR('',#8192,1.);
#1000=VECTOR('',#8197,1.);
#1001=VECTOR('',#8200,1.);
#1002=VECTOR('',#8205,1.);
#1003=VECTOR('',#8208,1.);
#1004=VECTOR('',#8213,1.);
#1005=VECTOR('',#8216,1.);
#1006=VECTOR('',#8221,1.);
#1007=VECTOR('',#8224,1.);
#1008=VECTOR('',#8229,1.);
#1009=VECTOR('',#8232,1.);
#1010=VECTOR('',#8237,1.);
#1011=VECTOR('',#8240,1.);
#1012=VECTOR('',#8245,1.);
#1013=VECTOR('',#8248,1.);
#1014=VECTOR('',#8253,1.);
#1015=VECTOR('',#8256,1.);
#1016=VECTOR('',#8261,1.);
#1017=VECTOR('',#8264,1.);
#1018=VECTOR('',#8305,1.);
#1019=VECTOR('',#8308,1.);
#1020=VECTOR('',#8313,1.);
#1021=VECTOR('',#8316,1.);
#1022=VECTOR('',#8317,1.);
#1023=VECTOR('',#8322,1.);
#1024=VECTOR('',#8327,1.);
#1025=VECTOR('',#8328,1.);
#1026=VECTOR('',#8329,1.);
#1027=VECTOR('',#8332,1.);
#1028=VECTOR('',#8335,1.);
#1029=VECTOR('',#8338,1.);
#1030=VECTOR('',#8343,1.);
#1031=VECTOR('',#8344,1.);
#1032=VECTOR('',#8349,1.);
#1033=VECTOR('',#8354,1.);
#1034=VECTOR('',#8367,1.);
#1035=VECTOR('',#8370,1.);
#1036=VECTOR('',#8381,1.);
#1037=VECTOR('',#8384,1.);
#1038=VECTOR('',#8385,1.);
#1039=VECTOR('',#8386,1.);
#1040=VECTOR('',#8393,1.);
#1041=VECTOR('',#8394,1.);
#1042=VECTOR('',#8395,1.);
#1043=VECTOR('',#8402,1.);
#1044=VECTOR('',#8403,1.);
#1045=VECTOR('',#8404,1.);
#1046=VECTOR('',#8405,1.);
#1047=VECTOR('',#8412,1.);
#1048=VECTOR('',#8413,1.);
#1049=VECTOR('',#8414,1.);
#1050=VECTOR('',#8419,1.);
#1051=VECTOR('',#8430,1.);
#1052=VECTOR('',#8431,1.);
#1053=VECTOR('',#8458,1.);
#1054=VECTOR('',#8459,1.);
#1055=VECTOR('',#8460,1.);
#1056=VECTOR('',#8463,1.);
#1057=VECTOR('',#8464,1.);
#1058=VECTOR('',#8465,1.);
#1059=VECTOR('',#8490,1.);
#1060=VECTOR('',#8493,1.);
#1061=VECTOR('',#8496,1.);
#1062=VECTOR('',#8501,1.);
#1063=VECTOR('',#8508,1.);
#1064=VECTOR('',#8513,1.);
#1065=VECTOR('',#8516,1.);
#1066=VECTOR('',#8521,1.);
#1067=VECTOR('',#8620,1.);
#1068=VECTOR('',#8623,1.);
#1069=VECTOR('',#8628,1.);
#1070=VECTOR('',#8631,1.);
#1071=VECTOR('',#8636,1.);
#1072=VECTOR('',#8639,1.);
#1073=VECTOR('',#8644,1.);
#1074=VECTOR('',#8647,1.);
#1075=VECTOR('',#8652,1.);
#1076=VECTOR('',#8655,1.);
#1077=VECTOR('',#8660,1.);
#1078=VECTOR('',#8661,1.);
#1079=VECTOR('',#8662,1.);
#1080=VECTOR('',#8663,1.);
#1081=VECTOR('',#8702,1.);
#1082=VECTOR('',#8715,1.);
#1083=PLANE('',#6403);
#1084=PLANE('',#6406);
#1085=PLANE('',#6410);
#1086=PLANE('',#6412);
#1087=PLANE('',#6413);
#1088=PLANE('',#6414);
#1089=PLANE('',#6415);
#1090=PLANE('',#6416);
#1091=PLANE('',#6417);
#1092=PLANE('',#6418);
#1093=PLANE('',#6427);
#1094=PLANE('',#6430);
#1095=PLANE('',#6435);
#1096=PLANE('',#6438);
#1097=PLANE('',#6439);
#1098=PLANE('',#6440);
#1099=PLANE('',#6441);
#1100=PLANE('',#6447);
#1101=PLANE('',#6455);
#1102=PLANE('',#6476);
#1103=PLANE('',#6477);
#1104=PLANE('',#6478);
#1105=PLANE('',#6479);
#1106=PLANE('',#6490);
#1107=PLANE('',#6494);
#1108=PLANE('',#6498);
#1109=PLANE('',#6501);
#1110=PLANE('',#6511);
#1111=PLANE('',#6514);
#1112=PLANE('',#6523);
#1113=PLANE('',#6526);
#1114=PLANE('',#6529);
#1115=PLANE('',#6532);
#1116=PLANE('',#6535);
#1117=PLANE('',#6538);
#1118=PLANE('',#6541);
#1119=PLANE('',#6592);
#1120=PLANE('',#6594);
#1121=PLANE('',#6596);
#1122=PLANE('',#6598);
#1123=PLANE('',#6600);
#1124=PLANE('',#6602);
#1125=PLANE('',#6604);
#1126=PLANE('',#6623);
#1127=PLANE('',#6636);
#1128=PLANE('',#6649);
#1129=PLANE('',#6671);
#1130=PLANE('',#6693);
#1131=PLANE('',#6695);
#1132=PLANE('',#6697);
#1133=PLANE('',#6699);
#1134=PLANE('',#6702);
#1135=PLANE('',#6703);
#1136=PLANE('',#6708);
#1137=PLANE('',#6709);
#1138=PLANE('',#6710);
#1139=PLANE('',#6714);
#1140=PLANE('',#6720);
#1141=PLANE('',#6721);
#1142=PLANE('',#6726);
#1143=PLANE('',#6727);
#1144=PLANE('',#6728);
#1145=PLANE('',#6738);
#1146=PLANE('',#6739);
#1147=PLANE('',#6747);
#1148=PLANE('',#6751);
#1149=PLANE('',#6762);
#1150=PLANE('',#6763);
#1151=PLANE('',#6768);
#1152=PLANE('',#6769);
#1153=PLANE('',#6770);
#1154=PLANE('',#6773);
#1155=PLANE('',#6798);
#1156=PLANE('',#6799);
#1157=PLANE('',#6800);
#1158=PLANE('',#6801);
#1159=PLANE('',#6802);
#1160=PLANE('',#6803);
#1161=PLANE('',#6804);
#1162=PLANE('',#6805);
#1163=PLANE('',#6806);
#1164=PLANE('',#6807);
#1165=PLANE('',#6808);
#1166=PLANE('',#6809);
#1167=PLANE('',#6810);
#1168=PLANE('',#6811);
#1169=PLANE('',#6812);
#1170=PLANE('',#6813);
#1171=PLANE('',#6814);
#1172=PLANE('',#6815);
#1173=PLANE('',#6816);
#1174=PLANE('',#6817);
#1175=PLANE('',#6818);
#1176=PLANE('',#6819);
#1177=PLANE('',#6820);
#1178=PLANE('',#6821);
#1179=PLANE('',#6822);
#1180=PLANE('',#6823);
#1181=PLANE('',#6824);
#1182=PLANE('',#6825);
#1183=PLANE('',#6826);
#1184=PLANE('',#6827);
#1185=PLANE('',#6828);
#1186=PLANE('',#6829);
#1187=PLANE('',#6830);
#1188=PLANE('',#6831);
#1189=PLANE('',#6832);
#1190=PLANE('',#6833);
#1191=PLANE('',#6834);
#1192=PLANE('',#6835);
#1193=PLANE('',#6836);
#1194=PLANE('',#6837);
#1195=PLANE('',#6838);
#1196=PLANE('',#6839);
#1197=PLANE('',#6840);
#1198=PLANE('',#6841);
#1199=PLANE('',#6842);
#1200=PLANE('',#6843);
#1201=PLANE('',#6844);
#1202=PLANE('',#6845);
#1203=PLANE('',#6846);
#1204=PLANE('',#6847);
#1205=PLANE('',#6848);
#1206=PLANE('',#6849);
#1207=PLANE('',#6850);
#1208=PLANE('',#6851);
#1209=PLANE('',#6856);
#1210=PLANE('',#6859);
#1211=PLANE('',#6864);
#1212=PLANE('',#6867);
#1213=PLANE('',#6877);
#1214=PLANE('',#6889);
#1215=PLANE('',#6899);
#1216=PLANE('',#6902);
#1217=PLANE('',#6904);
#1218=PLANE('',#6905);
#1219=PLANE('',#6908);
#1220=PLANE('',#6909);
#1221=PLANE('',#6910);
#1222=PLANE('',#6911);
#1223=PLANE('',#6920);
#1224=PLANE('',#6923);
#1225=PLANE('',#6926);
#1226=PLANE('',#6929);
#1227=PLANE('',#6930);
#1228=PLANE('',#6931);
#1229=PLANE('',#6943);
#1230=PLANE('',#6946);
#1231=PLANE('',#6950);
#1232=PLANE('',#6951);
#1233=PLANE('',#6953);
#1234=PLANE('',#6954);
#1235=PLANE('',#6956);
#1236=PLANE('',#6976);
#1237=PLANE('',#6979);
#1238=PLANE('',#6987);
#1239=PLANE('',#6990);
#1240=PLANE('',#7018);
#1241=PLANE('',#7021);
#1242=PLANE('',#7024);
#1243=PLANE('',#7027);
#1244=PLANE('',#7031);
#1245=PLANE('',#7034);
#1246=PLANE('',#7037);
#1247=PLANE('',#7038);
#1248=PLANE('',#7040);
#1249=PLANE('',#7041);
#1250=PLANE('',#7042);
#1251=PLANE('',#7043);
#1252=ORIENTED_EDGE('',*,*,#2948,.T.);
#1253=ORIENTED_EDGE('',*,*,#2949,.T.);
#1254=ORIENTED_EDGE('',*,*,#2950,.T.);
#1255=ORIENTED_EDGE('',*,*,#2951,.F.);
#1256=ORIENTED_EDGE('',*,*,#2952,.T.);
#1257=ORIENTED_EDGE('',*,*,#2953,.F.);
#1258=ORIENTED_EDGE('',*,*,#2954,.F.);
#1259=ORIENTED_EDGE('',*,*,#2955,.F.);
#1260=ORIENTED_EDGE('',*,*,#2956,.F.);
#1261=ORIENTED_EDGE('',*,*,#2957,.F.);
#1262=ORIENTED_EDGE('',*,*,#2958,.F.);
#1263=ORIENTED_EDGE('',*,*,#2959,.T.);
#1264=ORIENTED_EDGE('',*,*,#2951,.T.);
#1265=ORIENTED_EDGE('',*,*,#2960,.T.);
#1266=ORIENTED_EDGE('',*,*,#2954,.T.);
#1267=ORIENTED_EDGE('',*,*,#2961,.F.);
#1268=ORIENTED_EDGE('',*,*,#2962,.F.);
#1269=ORIENTED_EDGE('',*,*,#2963,.T.);
#1270=ORIENTED_EDGE('',*,*,#2953,.T.);
#1271=ORIENTED_EDGE('',*,*,#2964,.F.);
#1272=ORIENTED_EDGE('',*,*,#2965,.F.);
#1273=ORIENTED_EDGE('',*,*,#2961,.T.);
#1274=ORIENTED_EDGE('',*,*,#2958,.T.);
#1275=ORIENTED_EDGE('',*,*,#2966,.F.);
#1276=ORIENTED_EDGE('',*,*,#2967,.F.);
#1277=ORIENTED_EDGE('',*,*,#2964,.T.);
#1278=ORIENTED_EDGE('',*,*,#2957,.T.);
#1279=ORIENTED_EDGE('',*,*,#2968,.F.);
#1280=ORIENTED_EDGE('',*,*,#2969,.F.);
#1281=ORIENTED_EDGE('',*,*,#2966,.T.);
#1282=ORIENTED_EDGE('',*,*,#2956,.T.);
#1283=ORIENTED_EDGE('',*,*,#2970,.F.);
#1284=ORIENTED_EDGE('',*,*,#2971,.F.);
#1285=ORIENTED_EDGE('',*,*,#2968,.T.);
#1286=ORIENTED_EDGE('',*,*,#2955,.T.);
#1287=ORIENTED_EDGE('',*,*,#2963,.F.);
#1288=ORIENTED_EDGE('',*,*,#2972,.F.);
#1289=ORIENTED_EDGE('',*,*,#2970,.T.);
#1290=ORIENTED_EDGE('',*,*,#2962,.T.);
#1291=ORIENTED_EDGE('',*,*,#2965,.T.);
#1292=ORIENTED_EDGE('',*,*,#2967,.T.);
#1293=ORIENTED_EDGE('',*,*,#2969,.T.);
#1294=ORIENTED_EDGE('',*,*,#2971,.T.);
#1295=ORIENTED_EDGE('',*,*,#2972,.T.);
#1296=ORIENTED_EDGE('',*,*,#2959,.F.);
#1297=ORIENTED_EDGE('',*,*,#2960,.F.);
#1298=ORIENTED_EDGE('',*,*,#2948,.F.);
#1299=ORIENTED_EDGE('',*,*,#2950,.F.);
#1300=ORIENTED_EDGE('',*,*,#2952,.F.);
#1301=ORIENTED_EDGE('',*,*,#2949,.F.);
#1302=ORIENTED_EDGE('',*,*,#2973,.T.);
#1303=ORIENTED_EDGE('',*,*,#2974,.T.);
#1304=ORIENTED_EDGE('',*,*,#2975,.T.);
#1305=ORIENTED_EDGE('',*,*,#2976,.T.);
#1306=ORIENTED_EDGE('',*,*,#2977,.T.);
#1307=ORIENTED_EDGE('',*,*,#2978,.T.);
#1308=ORIENTED_EDGE('',*,*,#2979,.T.);
#1309=ORIENTED_EDGE('',*,*,#2980,.T.);
#1310=ORIENTED_EDGE('',*,*,#2981,.T.);
#1311=ORIENTED_EDGE('',*,*,#2982,.T.);
#1312=ORIENTED_EDGE('',*,*,#2983,.T.);
#1313=ORIENTED_EDGE('',*,*,#2984,.T.);
#1314=ORIENTED_EDGE('',*,*,#2985,.F.);
#1315=ORIENTED_EDGE('',*,*,#2986,.T.);
#1316=ORIENTED_EDGE('',*,*,#2987,.F.);
#1317=ORIENTED_EDGE('',*,*,#2988,.F.);
#1318=ORIENTED_EDGE('',*,*,#2989,.T.);
#1319=ORIENTED_EDGE('',*,*,#2990,.T.);
#1320=ORIENTED_EDGE('',*,*,#2991,.T.);
#1321=ORIENTED_EDGE('',*,*,#2992,.F.);
#1322=ORIENTED_EDGE('',*,*,#2993,.T.);
#1323=ORIENTED_EDGE('',*,*,#2994,.F.);
#1324=ORIENTED_EDGE('',*,*,#2995,.F.);
#1325=ORIENTED_EDGE('',*,*,#2996,.F.);
#1326=ORIENTED_EDGE('',*,*,#2997,.F.);
#1327=ORIENTED_EDGE('',*,*,#2993,.F.);
#1328=ORIENTED_EDGE('',*,*,#2998,.F.);
#1329=ORIENTED_EDGE('',*,*,#2999,.T.);
#1330=ORIENTED_EDGE('',*,*,#2995,.T.);
#1331=ORIENTED_EDGE('',*,*,#3000,.T.);
#1332=ORIENTED_EDGE('',*,*,#2999,.F.);
#1333=ORIENTED_EDGE('',*,*,#3001,.T.);
#1334=ORIENTED_EDGE('',*,*,#3002,.F.);
#1335=ORIENTED_EDGE('',*,*,#3003,.F.);
#1336=ORIENTED_EDGE('',*,*,#3004,.F.);
#1337=ORIENTED_EDGE('',*,*,#2985,.T.);
#1338=ORIENTED_EDGE('',*,*,#3003,.T.);
#1339=ORIENTED_EDGE('',*,*,#3005,.T.);
#1340=ORIENTED_EDGE('',*,*,#2983,.F.);
#1341=ORIENTED_EDGE('',*,*,#3006,.T.);
#1342=ORIENTED_EDGE('',*,*,#3007,.T.);
#1343=ORIENTED_EDGE('',*,*,#3008,.T.);
#1344=ORIENTED_EDGE('',*,*,#3009,.T.);
#1345=ORIENTED_EDGE('',*,*,#3010,.T.);
#1346=ORIENTED_EDGE('',*,*,#3011,.T.);
#1347=ORIENTED_EDGE('',*,*,#3012,.T.);
#1348=ORIENTED_EDGE('',*,*,#3013,.T.);
#1349=ORIENTED_EDGE('',*,*,#3014,.F.);
#1350=ORIENTED_EDGE('',*,*,#3015,.T.);
#1351=ORIENTED_EDGE('',*,*,#3016,.T.);
#1352=ORIENTED_EDGE('',*,*,#3017,.T.);
#1353=ORIENTED_EDGE('',*,*,#3018,.T.);
#1354=ORIENTED_EDGE('',*,*,#3019,.T.);
#1355=ORIENTED_EDGE('',*,*,#2975,.F.);
#1356=ORIENTED_EDGE('',*,*,#3020,.T.);
#1357=ORIENTED_EDGE('',*,*,#3021,.T.);
#1358=ORIENTED_EDGE('',*,*,#3022,.T.);
#1359=ORIENTED_EDGE('',*,*,#3023,.T.);
#1360=ORIENTED_EDGE('',*,*,#3024,.T.);
#1361=ORIENTED_EDGE('',*,*,#3025,.T.);
#1362=ORIENTED_EDGE('',*,*,#3026,.T.);
#1363=ORIENTED_EDGE('',*,*,#3027,.T.);
#1364=ORIENTED_EDGE('',*,*,#3028,.T.);
#1365=ORIENTED_EDGE('',*,*,#3029,.T.);
#1366=ORIENTED_EDGE('',*,*,#3030,.T.);
#1367=ORIENTED_EDGE('',*,*,#3031,.T.);
#1368=ORIENTED_EDGE('',*,*,#3032,.T.);
#1369=ORIENTED_EDGE('',*,*,#3033,.T.);
#1370=ORIENTED_EDGE('',*,*,#3034,.T.);
#1371=ORIENTED_EDGE('',*,*,#3035,.T.);
#1372=ORIENTED_EDGE('',*,*,#3036,.T.);
#1373=ORIENTED_EDGE('',*,*,#3037,.T.);
#1374=ORIENTED_EDGE('',*,*,#3038,.T.);
#1375=ORIENTED_EDGE('',*,*,#3014,.T.);
#1376=ORIENTED_EDGE('',*,*,#3039,.T.);
#1377=ORIENTED_EDGE('',*,*,#2996,.T.);
#1378=ORIENTED_EDGE('',*,*,#3001,.F.);
#1379=ORIENTED_EDGE('',*,*,#2998,.T.);
#1380=ORIENTED_EDGE('',*,*,#2992,.T.);
#1381=ORIENTED_EDGE('',*,*,#3040,.T.);
#1382=ORIENTED_EDGE('',*,*,#3010,.F.);
#1383=ORIENTED_EDGE('',*,*,#3041,.T.);
#1384=ORIENTED_EDGE('',*,*,#2986,.F.);
#1385=ORIENTED_EDGE('',*,*,#3004,.T.);
#1386=ORIENTED_EDGE('',*,*,#3006,.F.);
#1387=ORIENTED_EDGE('',*,*,#2982,.F.);
#1388=ORIENTED_EDGE('',*,*,#2991,.F.);
#1389=ORIENTED_EDGE('',*,*,#3042,.T.);
#1390=ORIENTED_EDGE('',*,*,#3007,.F.);
#1391=ORIENTED_EDGE('',*,*,#3040,.F.);
#1392=ORIENTED_EDGE('',*,*,#3013,.F.);
#1393=ORIENTED_EDGE('',*,*,#3043,.T.);
#1394=ORIENTED_EDGE('',*,*,#2989,.F.);
#1395=ORIENTED_EDGE('',*,*,#3039,.F.);
#1396=ORIENTED_EDGE('',*,*,#3009,.F.);
#1397=ORIENTED_EDGE('',*,*,#3044,.T.);
#1398=ORIENTED_EDGE('',*,*,#2979,.F.);
#1399=ORIENTED_EDGE('',*,*,#3041,.F.);
#1400=ORIENTED_EDGE('',*,*,#2981,.F.);
#1401=ORIENTED_EDGE('',*,*,#3045,.T.);
#1402=ORIENTED_EDGE('',*,*,#3011,.F.);
#1403=ORIENTED_EDGE('',*,*,#3038,.F.);
#1404=ORIENTED_EDGE('',*,*,#3005,.F.);
#1405=ORIENTED_EDGE('',*,*,#3002,.T.);
#1406=ORIENTED_EDGE('',*,*,#2984,.F.);
#1407=ORIENTED_EDGE('',*,*,#3046,.F.);
#1408=ORIENTED_EDGE('',*,*,#3046,.T.);
#1409=ORIENTED_EDGE('',*,*,#3016,.F.);
#1410=ORIENTED_EDGE('',*,*,#3047,.F.);
#1411=ORIENTED_EDGE('',*,*,#2994,.T.);
#1412=ORIENTED_EDGE('',*,*,#2997,.T.);
#1413=ORIENTED_EDGE('',*,*,#3000,.F.);
#1414=ORIENTED_EDGE('',*,*,#3047,.T.);
#1415=ORIENTED_EDGE('',*,*,#3019,.F.);
#1416=ORIENTED_EDGE('',*,*,#3048,.F.);
#1417=ORIENTED_EDGE('',*,*,#3048,.T.);
#1418=ORIENTED_EDGE('',*,*,#3018,.F.);
#1419=ORIENTED_EDGE('',*,*,#3049,.F.);
#1420=ORIENTED_EDGE('',*,*,#3049,.T.);
#1421=ORIENTED_EDGE('',*,*,#3017,.F.);
#1422=ORIENTED_EDGE('',*,*,#2974,.F.);
#1423=ORIENTED_EDGE('',*,*,#2987,.T.);
#1424=ORIENTED_EDGE('',*,*,#2976,.F.);
#1425=ORIENTED_EDGE('',*,*,#2977,.F.);
#1426=ORIENTED_EDGE('',*,*,#2978,.F.);
#1427=ORIENTED_EDGE('',*,*,#2988,.T.);
#1428=ORIENTED_EDGE('',*,*,#2973,.F.);
#1429=ORIENTED_EDGE('',*,*,#3020,.F.);
#1430=ORIENTED_EDGE('',*,*,#3050,.F.);
#1431=ORIENTED_EDGE('',*,*,#3012,.F.);
#1432=ORIENTED_EDGE('',*,*,#3051,.F.);
#1433=ORIENTED_EDGE('',*,*,#3026,.F.);
#1434=ORIENTED_EDGE('',*,*,#3051,.T.);
#1435=ORIENTED_EDGE('',*,*,#3045,.F.);
#1436=ORIENTED_EDGE('',*,*,#3052,.F.);
#1437=ORIENTED_EDGE('',*,*,#3027,.F.);
#1438=ORIENTED_EDGE('',*,*,#3050,.T.);
#1439=ORIENTED_EDGE('',*,*,#3025,.F.);
#1440=ORIENTED_EDGE('',*,*,#3053,.F.);
#1441=ORIENTED_EDGE('',*,*,#3043,.F.);
#1442=ORIENTED_EDGE('',*,*,#3052,.T.);
#1443=ORIENTED_EDGE('',*,*,#2980,.F.);
#1444=ORIENTED_EDGE('',*,*,#3054,.F.);
#1445=ORIENTED_EDGE('',*,*,#3028,.F.);
#1446=ORIENTED_EDGE('',*,*,#3053,.T.);
#1447=ORIENTED_EDGE('',*,*,#3024,.F.);
#1448=ORIENTED_EDGE('',*,*,#3055,.F.);
#1449=ORIENTED_EDGE('',*,*,#2990,.F.);
#1450=ORIENTED_EDGE('',*,*,#3054,.T.);
#1451=ORIENTED_EDGE('',*,*,#3044,.F.);
#1452=ORIENTED_EDGE('',*,*,#3056,.F.);
#1453=ORIENTED_EDGE('',*,*,#3021,.F.);
#1454=ORIENTED_EDGE('',*,*,#3055,.T.);
#1455=ORIENTED_EDGE('',*,*,#3023,.F.);
#1456=ORIENTED_EDGE('',*,*,#3057,.F.);
#1457=ORIENTED_EDGE('',*,*,#3042,.F.);
#1458=ORIENTED_EDGE('',*,*,#3056,.T.);
#1459=ORIENTED_EDGE('',*,*,#3008,.F.);
#1460=ORIENTED_EDGE('',*,*,#3057,.T.);
#1461=ORIENTED_EDGE('',*,*,#3022,.F.);
#1462=ORIENTED_EDGE('',*,*,#3029,.F.);
#1463=ORIENTED_EDGE('',*,*,#3015,.F.);
#1464=ORIENTED_EDGE('',*,*,#3058,.F.);
#1465=ORIENTED_EDGE('',*,*,#3037,.F.);
#1466=ORIENTED_EDGE('',*,*,#3059,.F.);
#1467=ORIENTED_EDGE('',*,*,#3033,.F.);
#1468=ORIENTED_EDGE('',*,*,#3059,.T.);
#1469=ORIENTED_EDGE('',*,*,#3036,.F.);
#1470=ORIENTED_EDGE('',*,*,#3060,.F.);
#1471=ORIENTED_EDGE('',*,*,#3030,.F.);
#1472=ORIENTED_EDGE('',*,*,#3058,.T.);
#1473=ORIENTED_EDGE('',*,*,#3032,.F.);
#1474=ORIENTED_EDGE('',*,*,#3061,.F.);
#1475=ORIENTED_EDGE('',*,*,#3034,.F.);
#1476=ORIENTED_EDGE('',*,*,#3060,.T.);
#1477=ORIENTED_EDGE('',*,*,#3035,.F.);
#1478=ORIENTED_EDGE('',*,*,#3061,.T.);
#1479=ORIENTED_EDGE('',*,*,#3031,.F.);
#1480=ORIENTED_EDGE('',*,*,#3062,.T.);
#1481=ORIENTED_EDGE('',*,*,#3063,.T.);
#1482=ORIENTED_EDGE('',*,*,#3064,.T.);
#1483=ORIENTED_EDGE('',*,*,#3065,.F.);
#1484=ORIENTED_EDGE('',*,*,#3066,.F.);
#1485=ORIENTED_EDGE('',*,*,#3067,.T.);
#1486=ORIENTED_EDGE('',*,*,#3068,.F.);
#1487=ORIENTED_EDGE('',*,*,#3066,.T.);
#1488=ORIENTED_EDGE('',*,*,#3068,.T.);
#1489=ORIENTED_EDGE('',*,*,#3069,.F.);
#1490=ORIENTED_EDGE('',*,*,#3065,.T.);
#1491=ORIENTED_EDGE('',*,*,#3069,.T.);
#1492=ORIENTED_EDGE('',*,*,#3062,.F.);
#1493=ORIENTED_EDGE('',*,*,#3064,.F.);
#1494=ORIENTED_EDGE('',*,*,#3067,.F.);
#1495=ORIENTED_EDGE('',*,*,#3063,.F.);
#1496=ORIENTED_EDGE('',*,*,#3070,.T.);
#1497=ORIENTED_EDGE('',*,*,#3071,.T.);
#1498=ORIENTED_EDGE('',*,*,#3072,.T.);
#1499=ORIENTED_EDGE('',*,*,#3073,.T.);
#1500=ORIENTED_EDGE('',*,*,#3074,.T.);
#1501=ORIENTED_EDGE('',*,*,#3075,.T.);
#1502=ORIENTED_EDGE('',*,*,#3076,.T.);
#1503=ORIENTED_EDGE('',*,*,#3077,.T.);
#1504=ORIENTED_EDGE('',*,*,#3074,.F.);
#1505=ORIENTED_EDGE('',*,*,#3070,.F.);
#1506=ORIENTED_EDGE('',*,*,#3071,.F.);
#1507=ORIENTED_EDGE('',*,*,#3076,.F.);
#1508=ORIENTED_EDGE('',*,*,#3072,.F.);
#1509=ORIENTED_EDGE('',*,*,#3075,.F.);
#1510=ORIENTED_EDGE('',*,*,#3077,.F.);
#1511=ORIENTED_EDGE('',*,*,#3073,.F.);
#1512=ORIENTED_EDGE('',*,*,#3078,.T.);
#1513=ORIENTED_EDGE('',*,*,#3079,.T.);
#1514=ORIENTED_EDGE('',*,*,#3080,.T.);
#1515=ORIENTED_EDGE('',*,*,#3081,.F.);
#1516=ORIENTED_EDGE('',*,*,#3082,.F.);
#1517=ORIENTED_EDGE('',*,*,#3083,.T.);
#1518=ORIENTED_EDGE('',*,*,#3084,.F.);
#1519=ORIENTED_EDGE('',*,*,#3085,.T.);
#1520=ORIENTED_EDGE('',*,*,#3086,.T.);
#1521=ORIENTED_EDGE('',*,*,#3087,.T.);
#1522=ORIENTED_EDGE('',*,*,#3088,.T.);
#1523=ORIENTED_EDGE('',*,*,#3089,.T.);
#1524=ORIENTED_EDGE('',*,*,#3090,.F.);
#1525=ORIENTED_EDGE('',*,*,#3091,.T.);
#1526=ORIENTED_EDGE('',*,*,#3092,.T.);
#1527=ORIENTED_EDGE('',*,*,#3093,.T.);
#1528=ORIENTED_EDGE('',*,*,#3094,.T.);
#1529=ORIENTED_EDGE('',*,*,#3095,.T.);
#1530=ORIENTED_EDGE('',*,*,#3096,.T.);
#1531=ORIENTED_EDGE('',*,*,#3097,.F.);
#1532=ORIENTED_EDGE('',*,*,#3098,.T.);
#1533=ORIENTED_EDGE('',*,*,#3099,.T.);
#1534=ORIENTED_EDGE('',*,*,#3100,.F.);
#1535=ORIENTED_EDGE('',*,*,#3101,.F.);
#1536=ORIENTED_EDGE('',*,*,#3102,.T.);
#1537=ORIENTED_EDGE('',*,*,#3103,.T.);
#1538=ORIENTED_EDGE('',*,*,#3104,.F.);
#1539=ORIENTED_EDGE('',*,*,#3105,.F.);
#1540=ORIENTED_EDGE('',*,*,#3106,.T.);
#1541=ORIENTED_EDGE('',*,*,#3107,.T.);
#1542=ORIENTED_EDGE('',*,*,#3108,.T.);
#1543=ORIENTED_EDGE('',*,*,#3109,.F.);
#1544=ORIENTED_EDGE('',*,*,#3110,.T.);
#1545=ORIENTED_EDGE('',*,*,#3111,.T.);
#1546=ORIENTED_EDGE('',*,*,#3112,.T.);
#1547=ORIENTED_EDGE('',*,*,#3113,.F.);
#1548=ORIENTED_EDGE('',*,*,#3114,.T.);
#1549=ORIENTED_EDGE('',*,*,#3115,.T.);
#1550=ORIENTED_EDGE('',*,*,#3116,.T.);
#1551=ORIENTED_EDGE('',*,*,#3117,.F.);
#1552=ORIENTED_EDGE('',*,*,#3118,.F.);
#1553=ORIENTED_EDGE('',*,*,#3119,.T.);
#1554=ORIENTED_EDGE('',*,*,#3098,.F.);
#1555=ORIENTED_EDGE('',*,*,#3120,.F.);
#1556=ORIENTED_EDGE('',*,*,#3121,.F.);
#1557=ORIENTED_EDGE('',*,*,#3122,.T.);
#1558=ORIENTED_EDGE('',*,*,#3102,.F.);
#1559=ORIENTED_EDGE('',*,*,#3123,.F.);
#1560=ORIENTED_EDGE('',*,*,#3124,.F.);
#1561=ORIENTED_EDGE('',*,*,#3125,.T.);
#1562=ORIENTED_EDGE('',*,*,#3126,.F.);
#1563=ORIENTED_EDGE('',*,*,#3127,.F.);
#1564=ORIENTED_EDGE('',*,*,#3128,.T.);
#1565=ORIENTED_EDGE('',*,*,#3129,.T.);
#1566=ORIENTED_EDGE('',*,*,#3130,.T.);
#1567=ORIENTED_EDGE('',*,*,#3131,.F.);
#1568=ORIENTED_EDGE('',*,*,#3132,.T.);
#1569=ORIENTED_EDGE('',*,*,#3133,.T.);
#1570=ORIENTED_EDGE('',*,*,#3134,.T.);
#1571=ORIENTED_EDGE('',*,*,#3135,.F.);
#1572=ORIENTED_EDGE('',*,*,#3136,.T.);
#1573=ORIENTED_EDGE('',*,*,#3137,.T.);
#1574=ORIENTED_EDGE('',*,*,#3138,.T.);
#1575=ORIENTED_EDGE('',*,*,#3139,.F.);
#1576=ORIENTED_EDGE('',*,*,#3140,.F.);
#1577=ORIENTED_EDGE('',*,*,#3141,.T.);
#1578=ORIENTED_EDGE('',*,*,#3086,.F.);
#1579=ORIENTED_EDGE('',*,*,#3142,.F.);
#1580=ORIENTED_EDGE('',*,*,#3143,.F.);
#1581=ORIENTED_EDGE('',*,*,#3144,.T.);
#1582=ORIENTED_EDGE('',*,*,#3094,.F.);
#1583=ORIENTED_EDGE('',*,*,#3145,.F.);
#1584=ORIENTED_EDGE('',*,*,#3146,.F.);
#1585=ORIENTED_EDGE('',*,*,#3147,.T.);
#1586=ORIENTED_EDGE('',*,*,#3091,.F.);
#1587=ORIENTED_EDGE('',*,*,#3148,.F.);
#1588=ORIENTED_EDGE('',*,*,#3149,.T.);
#1589=ORIENTED_EDGE('',*,*,#3150,.T.);
#1590=ORIENTED_EDGE('',*,*,#3151,.T.);
#1591=ORIENTED_EDGE('',*,*,#3152,.F.);
#1592=ORIENTED_EDGE('',*,*,#3153,.T.);
#1593=ORIENTED_EDGE('',*,*,#3154,.T.);
#1594=ORIENTED_EDGE('',*,*,#3155,.T.);
#1595=ORIENTED_EDGE('',*,*,#3156,.F.);
#1596=ORIENTED_EDGE('',*,*,#3157,.T.);
#1597=ORIENTED_EDGE('',*,*,#3158,.T.);
#1598=ORIENTED_EDGE('',*,*,#3159,.T.);
#1599=ORIENTED_EDGE('',*,*,#3160,.F.);
#1600=ORIENTED_EDGE('',*,*,#3161,.F.);
#1601=ORIENTED_EDGE('',*,*,#3162,.T.);
#1602=ORIENTED_EDGE('',*,*,#3078,.F.);
#1603=ORIENTED_EDGE('',*,*,#3163,.F.);
#1604=ORIENTED_EDGE('',*,*,#3164,.F.);
#1605=ORIENTED_EDGE('',*,*,#3165,.T.);
#1606=ORIENTED_EDGE('',*,*,#3085,.F.);
#1607=ORIENTED_EDGE('',*,*,#3166,.F.);
#1608=ORIENTED_EDGE('',*,*,#3167,.F.);
#1609=ORIENTED_EDGE('',*,*,#3168,.T.);
#1610=ORIENTED_EDGE('',*,*,#3169,.F.);
#1611=ORIENTED_EDGE('',*,*,#3170,.F.);
#1612=ORIENTED_EDGE('',*,*,#3171,.T.);
#1613=ORIENTED_EDGE('',*,*,#3172,.T.);
#1614=ORIENTED_EDGE('',*,*,#3173,.F.);
#1615=ORIENTED_EDGE('',*,*,#3174,.F.);
#1616=ORIENTED_EDGE('',*,*,#3175,.F.);
#1617=ORIENTED_EDGE('',*,*,#3176,.T.);
#1618=ORIENTED_EDGE('',*,*,#3177,.T.);
#1619=ORIENTED_EDGE('',*,*,#3083,.F.);
#1620=ORIENTED_EDGE('',*,*,#3178,.T.);
#1621=ORIENTED_EDGE('',*,*,#3179,.T.);
#1622=ORIENTED_EDGE('',*,*,#3093,.F.);
#1623=ORIENTED_EDGE('',*,*,#3180,.F.);
#1624=ORIENTED_EDGE('',*,*,#3181,.F.);
#1625=ORIENTED_EDGE('',*,*,#3182,.T.);
#1626=ORIENTED_EDGE('',*,*,#3183,.T.);
#1627=ORIENTED_EDGE('',*,*,#3096,.F.);
#1628=ORIENTED_EDGE('',*,*,#3184,.T.);
#1629=ORIENTED_EDGE('',*,*,#3185,.T.);
#1630=ORIENTED_EDGE('',*,*,#3186,.T.);
#1631=ORIENTED_EDGE('',*,*,#3187,.F.);
#1632=ORIENTED_EDGE('',*,*,#3188,.F.);
#1633=ORIENTED_EDGE('',*,*,#3189,.T.);
#1634=ORIENTED_EDGE('',*,*,#3190,.T.);
#1635=ORIENTED_EDGE('',*,*,#3100,.T.);
#1636=ORIENTED_EDGE('',*,*,#3191,.F.);
#1637=ORIENTED_EDGE('',*,*,#3192,.T.);
#1638=ORIENTED_EDGE('',*,*,#3193,.T.);
#1639=ORIENTED_EDGE('',*,*,#3104,.T.);
#1640=ORIENTED_EDGE('',*,*,#3194,.F.);
#1641=ORIENTED_EDGE('',*,*,#3159,.F.);
#1642=ORIENTED_EDGE('',*,*,#3195,.F.);
#1643=ORIENTED_EDGE('',*,*,#3196,.F.);
#1644=ORIENTED_EDGE('',*,*,#3197,.F.);
#1645=ORIENTED_EDGE('',*,*,#3155,.F.);
#1646=ORIENTED_EDGE('',*,*,#3198,.T.);
#1647=ORIENTED_EDGE('',*,*,#3199,.F.);
#1648=ORIENTED_EDGE('',*,*,#3151,.F.);
#1649=ORIENTED_EDGE('',*,*,#3200,.T.);
#1650=ORIENTED_EDGE('',*,*,#3201,.F.);
#1651=ORIENTED_EDGE('',*,*,#3202,.F.);
#1652=ORIENTED_EDGE('',*,*,#3203,.F.);
#1653=ORIENTED_EDGE('',*,*,#3138,.F.);
#1654=ORIENTED_EDGE('',*,*,#3204,.T.);
#1655=ORIENTED_EDGE('',*,*,#3205,.F.);
#1656=ORIENTED_EDGE('',*,*,#3206,.F.);
#1657=ORIENTED_EDGE('',*,*,#3134,.F.);
#1658=ORIENTED_EDGE('',*,*,#3207,.T.);
#1659=ORIENTED_EDGE('',*,*,#3208,.F.);
#1660=ORIENTED_EDGE('',*,*,#3209,.F.);
#1661=ORIENTED_EDGE('',*,*,#3116,.F.);
#1662=ORIENTED_EDGE('',*,*,#3210,.T.);
#1663=ORIENTED_EDGE('',*,*,#3211,.T.);
#1664=ORIENTED_EDGE('',*,*,#3212,.F.);
#1665=ORIENTED_EDGE('',*,*,#3213,.T.);
#1666=ORIENTED_EDGE('',*,*,#3214,.F.);
#1667=ORIENTED_EDGE('',*,*,#3108,.F.);
#1668=ORIENTED_EDGE('',*,*,#3215,.F.);
#1669=ORIENTED_EDGE('',*,*,#3216,.T.);
#1670=ORIENTED_EDGE('',*,*,#3217,.F.);
#1671=ORIENTED_EDGE('',*,*,#3218,.T.);
#1672=ORIENTED_EDGE('',*,*,#3219,.T.);
#1673=ORIENTED_EDGE('',*,*,#3201,.T.);
#1674=ORIENTED_EDGE('',*,*,#3220,.F.);
#1675=ORIENTED_EDGE('',*,*,#3221,.F.);
#1676=ORIENTED_EDGE('',*,*,#3222,.F.);
#1677=ORIENTED_EDGE('',*,*,#3223,.T.);
#1678=ORIENTED_EDGE('',*,*,#3224,.T.);
#1679=ORIENTED_EDGE('',*,*,#3080,.F.);
#1680=ORIENTED_EDGE('',*,*,#3225,.T.);
#1681=ORIENTED_EDGE('',*,*,#3226,.T.);
#1682=ORIENTED_EDGE('',*,*,#3196,.T.);
#1683=ORIENTED_EDGE('',*,*,#3227,.F.);
#1684=ORIENTED_EDGE('',*,*,#3228,.F.);
#1685=ORIENTED_EDGE('',*,*,#3229,.T.);
#1686=ORIENTED_EDGE('',*,*,#3230,.T.);
#1687=ORIENTED_EDGE('',*,*,#3231,.T.);
#1688=ORIENTED_EDGE('',*,*,#3232,.T.);
#1689=ORIENTED_EDGE('',*,*,#3233,.T.);
#1690=ORIENTED_EDGE('',*,*,#3205,.T.);
#1691=ORIENTED_EDGE('',*,*,#3234,.F.);
#1692=ORIENTED_EDGE('',*,*,#3235,.F.);
#1693=ORIENTED_EDGE('',*,*,#3236,.T.);
#1694=ORIENTED_EDGE('',*,*,#3237,.T.);
#1695=ORIENTED_EDGE('',*,*,#3213,.F.);
#1696=ORIENTED_EDGE('',*,*,#3238,.F.);
#1697=ORIENTED_EDGE('',*,*,#3239,.T.);
#1698=ORIENTED_EDGE('',*,*,#3240,.T.);
#1699=ORIENTED_EDGE('',*,*,#3241,.F.);
#1700=ORIENTED_EDGE('',*,*,#3242,.F.);
#1701=ORIENTED_EDGE('',*,*,#3243,.F.);
#1702=ORIENTED_EDGE('',*,*,#3244,.F.);
#1703=ORIENTED_EDGE('',*,*,#3245,.F.);
#1704=ORIENTED_EDGE('',*,*,#3246,.F.);
#1705=ORIENTED_EDGE('',*,*,#3247,.F.);
#1706=ORIENTED_EDGE('',*,*,#3248,.F.);
#1707=ORIENTED_EDGE('',*,*,#3249,.T.);
#1708=ORIENTED_EDGE('',*,*,#3250,.F.);
#1709=ORIENTED_EDGE('',*,*,#3251,.T.);
#1710=ORIENTED_EDGE('',*,*,#3252,.F.);
#1711=ORIENTED_EDGE('',*,*,#3253,.T.);
#1712=ORIENTED_EDGE('',*,*,#3254,.F.);
#1713=ORIENTED_EDGE('',*,*,#3255,.T.);
#1714=ORIENTED_EDGE('',*,*,#3256,.F.);
#1715=ORIENTED_EDGE('',*,*,#3257,.T.);
#1716=ORIENTED_EDGE('',*,*,#3258,.F.);
#1717=ORIENTED_EDGE('',*,*,#3259,.T.);
#1718=ORIENTED_EDGE('',*,*,#3260,.T.);
#1719=ORIENTED_EDGE('',*,*,#3261,.T.);
#1720=ORIENTED_EDGE('',*,*,#3262,.T.);
#1721=ORIENTED_EDGE('',*,*,#3263,.T.);
#1722=ORIENTED_EDGE('',*,*,#3264,.T.);
#1723=ORIENTED_EDGE('',*,*,#3265,.T.);
#1724=ORIENTED_EDGE('',*,*,#3266,.F.);
#1725=ORIENTED_EDGE('',*,*,#3267,.T.);
#1726=ORIENTED_EDGE('',*,*,#3268,.F.);
#1727=ORIENTED_EDGE('',*,*,#3269,.F.);
#1728=ORIENTED_EDGE('',*,*,#3270,.F.);
#1729=ORIENTED_EDGE('',*,*,#3271,.T.);
#1730=ORIENTED_EDGE('',*,*,#3272,.F.);
#1731=ORIENTED_EDGE('',*,*,#3273,.F.);
#1732=ORIENTED_EDGE('',*,*,#3274,.F.);
#1733=ORIENTED_EDGE('',*,*,#3275,.T.);
#1734=ORIENTED_EDGE('',*,*,#3276,.F.);
#1735=ORIENTED_EDGE('',*,*,#3277,.F.);
#1736=ORIENTED_EDGE('',*,*,#3278,.F.);
#1737=ORIENTED_EDGE('',*,*,#3279,.T.);
#1738=ORIENTED_EDGE('',*,*,#3280,.F.);
#1739=ORIENTED_EDGE('',*,*,#3281,.T.);
#1740=ORIENTED_EDGE('',*,*,#3282,.F.);
#1741=ORIENTED_EDGE('',*,*,#3283,.T.);
#1742=ORIENTED_EDGE('',*,*,#3284,.F.);
#1743=ORIENTED_EDGE('',*,*,#3285,.F.);
#1744=ORIENTED_EDGE('',*,*,#3286,.F.);
#1745=ORIENTED_EDGE('',*,*,#3287,.F.);
#1746=ORIENTED_EDGE('',*,*,#3288,.F.);
#1747=ORIENTED_EDGE('',*,*,#3289,.F.);
#1748=ORIENTED_EDGE('',*,*,#3290,.F.);
#1749=ORIENTED_EDGE('',*,*,#3291,.T.);
#1750=ORIENTED_EDGE('',*,*,#3292,.F.);
#1751=ORIENTED_EDGE('',*,*,#3293,.T.);
#1752=ORIENTED_EDGE('',*,*,#3294,.F.);
#1753=ORIENTED_EDGE('',*,*,#3295,.T.);
#1754=ORIENTED_EDGE('',*,*,#3296,.F.);
#1755=ORIENTED_EDGE('',*,*,#3297,.F.);
#1756=ORIENTED_EDGE('',*,*,#3298,.F.);
#1757=ORIENTED_EDGE('',*,*,#3299,.F.);
#1758=ORIENTED_EDGE('',*,*,#3300,.F.);
#1759=ORIENTED_EDGE('',*,*,#3301,.T.);
#1760=ORIENTED_EDGE('',*,*,#3302,.F.);
#1761=ORIENTED_EDGE('',*,*,#3303,.T.);
#1762=ORIENTED_EDGE('',*,*,#3304,.F.);
#1763=ORIENTED_EDGE('',*,*,#3305,.T.);
#1764=ORIENTED_EDGE('',*,*,#3306,.F.);
#1765=ORIENTED_EDGE('',*,*,#3307,.F.);
#1766=ORIENTED_EDGE('',*,*,#3308,.F.);
#1767=ORIENTED_EDGE('',*,*,#3309,.F.);
#1768=ORIENTED_EDGE('',*,*,#3310,.F.);
#1769=ORIENTED_EDGE('',*,*,#3311,.T.);
#1770=ORIENTED_EDGE('',*,*,#3312,.F.);
#1771=ORIENTED_EDGE('',*,*,#3313,.T.);
#1772=ORIENTED_EDGE('',*,*,#3314,.F.);
#1773=ORIENTED_EDGE('',*,*,#3315,.T.);
#1774=ORIENTED_EDGE('',*,*,#3316,.F.);
#1775=ORIENTED_EDGE('',*,*,#3317,.F.);
#1776=ORIENTED_EDGE('',*,*,#3318,.F.);
#1777=ORIENTED_EDGE('',*,*,#3319,.T.);
#1778=ORIENTED_EDGE('',*,*,#3320,.T.);
#1779=ORIENTED_EDGE('',*,*,#3321,.F.);
#1780=ORIENTED_EDGE('',*,*,#3322,.T.);
#1781=ORIENTED_EDGE('',*,*,#3323,.F.);
#1782=ORIENTED_EDGE('',*,*,#3324,.T.);
#1783=ORIENTED_EDGE('',*,*,#3325,.T.);
#1784=ORIENTED_EDGE('',*,*,#3326,.F.);
#1785=ORIENTED_EDGE('',*,*,#3327,.F.);
#1786=ORIENTED_EDGE('',*,*,#3328,.F.);
#1787=ORIENTED_EDGE('',*,*,#3329,.T.);
#1788=ORIENTED_EDGE('',*,*,#3330,.T.);
#1789=ORIENTED_EDGE('',*,*,#3331,.F.);
#1790=ORIENTED_EDGE('',*,*,#3332,.T.);
#1791=ORIENTED_EDGE('',*,*,#3333,.F.);
#1792=ORIENTED_EDGE('',*,*,#3334,.T.);
#1793=ORIENTED_EDGE('',*,*,#3335,.T.);
#1794=ORIENTED_EDGE('',*,*,#3336,.F.);
#1795=ORIENTED_EDGE('',*,*,#3337,.F.);
#1796=ORIENTED_EDGE('',*,*,#3338,.F.);
#1797=ORIENTED_EDGE('',*,*,#3339,.F.);
#1798=ORIENTED_EDGE('',*,*,#3340,.F.);
#1799=ORIENTED_EDGE('',*,*,#3341,.F.);
#1800=ORIENTED_EDGE('',*,*,#3342,.F.);
#1801=ORIENTED_EDGE('',*,*,#3343,.F.);
#1802=ORIENTED_EDGE('',*,*,#3344,.T.);
#1803=ORIENTED_EDGE('',*,*,#3345,.F.);
#1804=ORIENTED_EDGE('',*,*,#3346,.T.);
#1805=ORIENTED_EDGE('',*,*,#3347,.F.);
#1806=ORIENTED_EDGE('',*,*,#3348,.T.);
#1807=ORIENTED_EDGE('',*,*,#3349,.F.);
#1808=ORIENTED_EDGE('',*,*,#3242,.T.);
#1809=ORIENTED_EDGE('',*,*,#3350,.F.);
#1810=ORIENTED_EDGE('',*,*,#3260,.F.);
#1811=ORIENTED_EDGE('',*,*,#3351,.T.);
#1812=ORIENTED_EDGE('',*,*,#3247,.T.);
#1813=ORIENTED_EDGE('',*,*,#3352,.F.);
#1814=ORIENTED_EDGE('',*,*,#3261,.F.);
#1815=ORIENTED_EDGE('',*,*,#3350,.T.);
#1816=ORIENTED_EDGE('',*,*,#3246,.T.);
#1817=ORIENTED_EDGE('',*,*,#3353,.F.);
#1818=ORIENTED_EDGE('',*,*,#3262,.F.);
#1819=ORIENTED_EDGE('',*,*,#3352,.T.);
#1820=ORIENTED_EDGE('',*,*,#3245,.T.);
#1821=ORIENTED_EDGE('',*,*,#3354,.F.);
#1822=ORIENTED_EDGE('',*,*,#3263,.F.);
#1823=ORIENTED_EDGE('',*,*,#3353,.T.);
#1824=ORIENTED_EDGE('',*,*,#3244,.T.);
#1825=ORIENTED_EDGE('',*,*,#3355,.F.);
#1826=ORIENTED_EDGE('',*,*,#3264,.F.);
#1827=ORIENTED_EDGE('',*,*,#3354,.T.);
#1828=ORIENTED_EDGE('',*,*,#3243,.T.);
#1829=ORIENTED_EDGE('',*,*,#3351,.F.);
#1830=ORIENTED_EDGE('',*,*,#3265,.F.);
#1831=ORIENTED_EDGE('',*,*,#3355,.T.);
#1832=ORIENTED_EDGE('',*,*,#3356,.F.);
#1833=ORIENTED_EDGE('',*,*,#3357,.T.);
#1834=ORIENTED_EDGE('',*,*,#3310,.T.);
#1835=ORIENTED_EDGE('',*,*,#3358,.F.);
#1836=ORIENTED_EDGE('',*,*,#3320,.F.);
#1837=ORIENTED_EDGE('',*,*,#3359,.T.);
#1838=ORIENTED_EDGE('',*,*,#3360,.T.);
#1839=ORIENTED_EDGE('',*,*,#3361,.T.);
#1840=ORIENTED_EDGE('',*,*,#3199,.T.);
#1841=ORIENTED_EDGE('',*,*,#3362,.F.);
#1842=ORIENTED_EDGE('',*,*,#3324,.F.);
#1843=ORIENTED_EDGE('',*,*,#3363,.F.);
#1844=ORIENTED_EDGE('',*,*,#3306,.T.);
#1845=ORIENTED_EDGE('',*,*,#3364,.T.);
#1846=ORIENTED_EDGE('',*,*,#3365,.F.);
#1847=ORIENTED_EDGE('',*,*,#3366,.T.);
#1848=ORIENTED_EDGE('',*,*,#3322,.F.);
#1849=ORIENTED_EDGE('',*,*,#3367,.F.);
#1850=ORIENTED_EDGE('',*,*,#3308,.T.);
#1851=ORIENTED_EDGE('',*,*,#3368,.F.);
#1852=ORIENTED_EDGE('',*,*,#3217,.T.);
#1853=ORIENTED_EDGE('',*,*,#3369,.T.);
#1854=ORIENTED_EDGE('',*,*,#3365,.T.);
#1855=ORIENTED_EDGE('',*,*,#3370,.T.);
#1856=ORIENTED_EDGE('',*,*,#3356,.T.);
#1857=ORIENTED_EDGE('',*,*,#3371,.T.);
#1858=ORIENTED_EDGE('',*,*,#3222,.T.);
#1859=ORIENTED_EDGE('',*,*,#3372,.T.);
#1860=ORIENTED_EDGE('',*,*,#3323,.T.);
#1861=ORIENTED_EDGE('',*,*,#3368,.T.);
#1862=ORIENTED_EDGE('',*,*,#3307,.T.);
#1863=ORIENTED_EDGE('',*,*,#3363,.T.);
#1864=ORIENTED_EDGE('',*,*,#3321,.T.);
#1865=ORIENTED_EDGE('',*,*,#3358,.T.);
#1866=ORIENTED_EDGE('',*,*,#3309,.T.);
#1867=ORIENTED_EDGE('',*,*,#3367,.T.);
#1868=ORIENTED_EDGE('',*,*,#3279,.F.);
#1869=ORIENTED_EDGE('',*,*,#3373,.F.);
#1870=ORIENTED_EDGE('',*,*,#3340,.T.);
#1871=ORIENTED_EDGE('',*,*,#3374,.F.);
#1872=ORIENTED_EDGE('',*,*,#3338,.T.);
#1873=ORIENTED_EDGE('',*,*,#3375,.F.);
#1874=ORIENTED_EDGE('',*,*,#3281,.F.);
#1875=ORIENTED_EDGE('',*,*,#3376,.F.);
#1876=ORIENTED_EDGE('',*,*,#3283,.F.);
#1877=ORIENTED_EDGE('',*,*,#3377,.F.);
#1878=ORIENTED_EDGE('',*,*,#3342,.T.);
#1879=ORIENTED_EDGE('',*,*,#3378,.F.);
#1880=ORIENTED_EDGE('',*,*,#3339,.T.);
#1881=ORIENTED_EDGE('',*,*,#3376,.T.);
#1882=ORIENTED_EDGE('',*,*,#3280,.T.);
#1883=ORIENTED_EDGE('',*,*,#3374,.T.);
#1884=ORIENTED_EDGE('',*,*,#3341,.T.);
#1885=ORIENTED_EDGE('',*,*,#3373,.T.);
#1886=ORIENTED_EDGE('',*,*,#3278,.T.);
#1887=ORIENTED_EDGE('',*,*,#3378,.T.);
#1888=ORIENTED_EDGE('',*,*,#3343,.T.);
#1889=ORIENTED_EDGE('',*,*,#3377,.T.);
#1890=ORIENTED_EDGE('',*,*,#3282,.T.);
#1891=ORIENTED_EDGE('',*,*,#3375,.T.);
#1892=ORIENTED_EDGE('',*,*,#3379,.F.);
#1893=ORIENTED_EDGE('',*,*,#3380,.T.);
#1894=ORIENTED_EDGE('',*,*,#3300,.T.);
#1895=ORIENTED_EDGE('',*,*,#3381,.F.);
#1896=ORIENTED_EDGE('',*,*,#3330,.F.);
#1897=ORIENTED_EDGE('',*,*,#3382,.T.);
#1898=ORIENTED_EDGE('',*,*,#3383,.F.);
#1899=ORIENTED_EDGE('',*,*,#3384,.T.);
#1900=ORIENTED_EDGE('',*,*,#3385,.F.);
#1901=ORIENTED_EDGE('',*,*,#3386,.T.);
#1902=ORIENTED_EDGE('',*,*,#3387,.T.);
#1903=ORIENTED_EDGE('',*,*,#3208,.T.);
#1904=ORIENTED_EDGE('',*,*,#3388,.F.);
#1905=ORIENTED_EDGE('',*,*,#3389,.F.);
#1906=ORIENTED_EDGE('',*,*,#3390,.F.);
#1907=ORIENTED_EDGE('',*,*,#3391,.T.);
#1908=ORIENTED_EDGE('',*,*,#3392,.T.);
#1909=ORIENTED_EDGE('',*,*,#3088,.F.);
#1910=ORIENTED_EDGE('',*,*,#3334,.F.);
#1911=ORIENTED_EDGE('',*,*,#3393,.F.);
#1912=ORIENTED_EDGE('',*,*,#3296,.T.);
#1913=ORIENTED_EDGE('',*,*,#3394,.T.);
#1914=ORIENTED_EDGE('',*,*,#3395,.F.);
#1915=ORIENTED_EDGE('',*,*,#3396,.T.);
#1916=ORIENTED_EDGE('',*,*,#3332,.F.);
#1917=ORIENTED_EDGE('',*,*,#3397,.F.);
#1918=ORIENTED_EDGE('',*,*,#3298,.T.);
#1919=ORIENTED_EDGE('',*,*,#3398,.F.);
#1920=ORIENTED_EDGE('',*,*,#3379,.T.);
#1921=ORIENTED_EDGE('',*,*,#3399,.T.);
#1922=ORIENTED_EDGE('',*,*,#3390,.T.);
#1923=ORIENTED_EDGE('',*,*,#3400,.T.);
#1924=ORIENTED_EDGE('',*,*,#3385,.T.);
#1925=ORIENTED_EDGE('',*,*,#3401,.T.);
#1926=ORIENTED_EDGE('',*,*,#3395,.T.);
#1927=ORIENTED_EDGE('',*,*,#3402,.T.);
#1928=ORIENTED_EDGE('',*,*,#3333,.T.);
#1929=ORIENTED_EDGE('',*,*,#3398,.T.);
#1930=ORIENTED_EDGE('',*,*,#3297,.T.);
#1931=ORIENTED_EDGE('',*,*,#3393,.T.);
#1932=ORIENTED_EDGE('',*,*,#3331,.T.);
#1933=ORIENTED_EDGE('',*,*,#3381,.T.);
#1934=ORIENTED_EDGE('',*,*,#3299,.T.);
#1935=ORIENTED_EDGE('',*,*,#3397,.T.);
#1936=ORIENTED_EDGE('',*,*,#3284,.T.);
#1937=ORIENTED_EDGE('',*,*,#3403,.F.);
#1938=ORIENTED_EDGE('',*,*,#3346,.F.);
#1939=ORIENTED_EDGE('',*,*,#3404,.F.);
#1940=ORIENTED_EDGE('',*,*,#3344,.F.);
#1941=ORIENTED_EDGE('',*,*,#3405,.F.);
#1942=ORIENTED_EDGE('',*,*,#3286,.T.);
#1943=ORIENTED_EDGE('',*,*,#3406,.F.);
#1944=ORIENTED_EDGE('',*,*,#3288,.T.);
#1945=ORIENTED_EDGE('',*,*,#3407,.F.);
#1946=ORIENTED_EDGE('',*,*,#3348,.F.);
#1947=ORIENTED_EDGE('',*,*,#3408,.F.);
#1948=ORIENTED_EDGE('',*,*,#3285,.T.);
#1949=ORIENTED_EDGE('',*,*,#3404,.T.);
#1950=ORIENTED_EDGE('',*,*,#3345,.T.);
#1951=ORIENTED_EDGE('',*,*,#3406,.T.);
#1952=ORIENTED_EDGE('',*,*,#3347,.T.);
#1953=ORIENTED_EDGE('',*,*,#3403,.T.);
#1954=ORIENTED_EDGE('',*,*,#3289,.T.);
#1955=ORIENTED_EDGE('',*,*,#3408,.T.);
#1956=ORIENTED_EDGE('',*,*,#3349,.T.);
#1957=ORIENTED_EDGE('',*,*,#3407,.T.);
#1958=ORIENTED_EDGE('',*,*,#3287,.T.);
#1959=ORIENTED_EDGE('',*,*,#3405,.T.);
#1960=ORIENTED_EDGE('',*,*,#3409,.F.);
#1961=ORIENTED_EDGE('',*,*,#3410,.T.);
#1962=ORIENTED_EDGE('',*,*,#3411,.F.);
#1963=ORIENTED_EDGE('',*,*,#3412,.T.);
#1964=ORIENTED_EDGE('',*,*,#3413,.F.);
#1965=ORIENTED_EDGE('',*,*,#3414,.T.);
#1966=ORIENTED_EDGE('',*,*,#3415,.F.);
#1967=ORIENTED_EDGE('',*,*,#3416,.T.);
#1968=ORIENTED_EDGE('',*,*,#3313,.F.);
#1969=ORIENTED_EDGE('',*,*,#3417,.F.);
#1970=ORIENTED_EDGE('',*,*,#3317,.T.);
#1971=ORIENTED_EDGE('',*,*,#3418,.F.);
#1972=ORIENTED_EDGE('',*,*,#3259,.F.);
#1973=ORIENTED_EDGE('',*,*,#3419,.F.);
#1974=ORIENTED_EDGE('',*,*,#3269,.T.);
#1975=ORIENTED_EDGE('',*,*,#3420,.F.);
#1976=ORIENTED_EDGE('',*,*,#3268,.T.);
#1977=ORIENTED_EDGE('',*,*,#3421,.T.);
#1978=ORIENTED_EDGE('',*,*,#3409,.T.);
#1979=ORIENTED_EDGE('',*,*,#3422,.T.);
#1980=ORIENTED_EDGE('',*,*,#3248,.T.);
#1981=ORIENTED_EDGE('',*,*,#3420,.T.);
#1982=ORIENTED_EDGE('',*,*,#3413,.T.);
#1983=ORIENTED_EDGE('',*,*,#3423,.T.);
#1984=ORIENTED_EDGE('',*,*,#3270,.T.);
#1985=ORIENTED_EDGE('',*,*,#3419,.T.);
#1986=ORIENTED_EDGE('',*,*,#3258,.T.);
#1987=ORIENTED_EDGE('',*,*,#3424,.T.);
#1988=ORIENTED_EDGE('',*,*,#3316,.T.);
#1989=ORIENTED_EDGE('',*,*,#3425,.T.);
#1990=ORIENTED_EDGE('',*,*,#3411,.T.);
#1991=ORIENTED_EDGE('',*,*,#3426,.T.);
#1992=ORIENTED_EDGE('',*,*,#3290,.T.);
#1993=ORIENTED_EDGE('',*,*,#3418,.T.);
#1994=ORIENTED_EDGE('',*,*,#3415,.T.);
#1995=ORIENTED_EDGE('',*,*,#3427,.T.);
#1996=ORIENTED_EDGE('',*,*,#3318,.T.);
#1997=ORIENTED_EDGE('',*,*,#3417,.T.);
#1998=ORIENTED_EDGE('',*,*,#3312,.T.);
#1999=ORIENTED_EDGE('',*,*,#3428,.T.);
#2000=ORIENTED_EDGE('',*,*,#3429,.F.);
#2001=ORIENTED_EDGE('',*,*,#3430,.T.);
#2002=ORIENTED_EDGE('',*,*,#3431,.F.);
#2003=ORIENTED_EDGE('',*,*,#3432,.T.);
#2004=ORIENTED_EDGE('',*,*,#3277,.T.);
#2005=ORIENTED_EDGE('',*,*,#3433,.F.);
#2006=ORIENTED_EDGE('',*,*,#3251,.F.);
#2007=ORIENTED_EDGE('',*,*,#3434,.F.);
#2008=ORIENTED_EDGE('',*,*,#3435,.F.);
#2009=ORIENTED_EDGE('',*,*,#3436,.T.);
#2010=ORIENTED_EDGE('',*,*,#3437,.F.);
#2011=ORIENTED_EDGE('',*,*,#3438,.T.);
#2012=ORIENTED_EDGE('',*,*,#3293,.F.);
#2013=ORIENTED_EDGE('',*,*,#3439,.F.);
#2014=ORIENTED_EDGE('',*,*,#3337,.T.);
#2015=ORIENTED_EDGE('',*,*,#3440,.F.);
#2016=ORIENTED_EDGE('',*,*,#3429,.T.);
#2017=ORIENTED_EDGE('',*,*,#3441,.T.);
#2018=ORIENTED_EDGE('',*,*,#3266,.T.);
#2019=ORIENTED_EDGE('',*,*,#3434,.T.);
#2020=ORIENTED_EDGE('',*,*,#3250,.T.);
#2021=ORIENTED_EDGE('',*,*,#3442,.T.);
#2022=ORIENTED_EDGE('',*,*,#3276,.T.);
#2023=ORIENTED_EDGE('',*,*,#3443,.T.);
#2024=ORIENTED_EDGE('',*,*,#3435,.T.);
#2025=ORIENTED_EDGE('',*,*,#3444,.T.);
#2026=ORIENTED_EDGE('',*,*,#3252,.T.);
#2027=ORIENTED_EDGE('',*,*,#3433,.T.);
#2028=ORIENTED_EDGE('',*,*,#3336,.T.);
#2029=ORIENTED_EDGE('',*,*,#3445,.T.);
#2030=ORIENTED_EDGE('',*,*,#3437,.T.);
#2031=ORIENTED_EDGE('',*,*,#3446,.T.);
#2032=ORIENTED_EDGE('',*,*,#3294,.T.);
#2033=ORIENTED_EDGE('',*,*,#3440,.T.);
#2034=ORIENTED_EDGE('',*,*,#3431,.T.);
#2035=ORIENTED_EDGE('',*,*,#3447,.T.);
#2036=ORIENTED_EDGE('',*,*,#3314,.T.);
#2037=ORIENTED_EDGE('',*,*,#3439,.T.);
#2038=ORIENTED_EDGE('',*,*,#3292,.T.);
#2039=ORIENTED_EDGE('',*,*,#3448,.T.);
#2040=ORIENTED_EDGE('',*,*,#3449,.F.);
#2041=ORIENTED_EDGE('',*,*,#3450,.T.);
#2042=ORIENTED_EDGE('',*,*,#3451,.F.);
#2043=ORIENTED_EDGE('',*,*,#3452,.T.);
#2044=ORIENTED_EDGE('',*,*,#3453,.F.);
#2045=ORIENTED_EDGE('',*,*,#3454,.T.);
#2046=ORIENTED_EDGE('',*,*,#3455,.F.);
#2047=ORIENTED_EDGE('',*,*,#3456,.T.);
#2048=ORIENTED_EDGE('',*,*,#3303,.F.);
#2049=ORIENTED_EDGE('',*,*,#3457,.F.);
#2050=ORIENTED_EDGE('',*,*,#3327,.T.);
#2051=ORIENTED_EDGE('',*,*,#3458,.F.);
#2052=ORIENTED_EDGE('',*,*,#3273,.T.);
#2053=ORIENTED_EDGE('',*,*,#3459,.F.);
#2054=ORIENTED_EDGE('',*,*,#3255,.F.);
#2055=ORIENTED_EDGE('',*,*,#3460,.F.);
#2056=ORIENTED_EDGE('',*,*,#3449,.T.);
#2057=ORIENTED_EDGE('',*,*,#3461,.T.);
#2058=ORIENTED_EDGE('',*,*,#3274,.T.);
#2059=ORIENTED_EDGE('',*,*,#3460,.T.);
#2060=ORIENTED_EDGE('',*,*,#3254,.T.);
#2061=ORIENTED_EDGE('',*,*,#3462,.T.);
#2062=ORIENTED_EDGE('',*,*,#3272,.T.);
#2063=ORIENTED_EDGE('',*,*,#3463,.T.);
#2064=ORIENTED_EDGE('',*,*,#3453,.T.);
#2065=ORIENTED_EDGE('',*,*,#3464,.T.);
#2066=ORIENTED_EDGE('',*,*,#3256,.T.);
#2067=ORIENTED_EDGE('',*,*,#3459,.T.);
#2068=ORIENTED_EDGE('',*,*,#3326,.T.);
#2069=ORIENTED_EDGE('',*,*,#3465,.T.);
#2070=ORIENTED_EDGE('',*,*,#3455,.T.);
#2071=ORIENTED_EDGE('',*,*,#3466,.T.);
#2072=ORIENTED_EDGE('',*,*,#3304,.T.);
#2073=ORIENTED_EDGE('',*,*,#3458,.T.);
#2074=ORIENTED_EDGE('',*,*,#3451,.T.);
#2075=ORIENTED_EDGE('',*,*,#3467,.T.);
#2076=ORIENTED_EDGE('',*,*,#3328,.T.);
#2077=ORIENTED_EDGE('',*,*,#3457,.T.);
#2078=ORIENTED_EDGE('',*,*,#3302,.T.);
#2079=ORIENTED_EDGE('',*,*,#3468,.T.);
#2080=ORIENTED_EDGE('',*,*,#3469,.F.);
#2081=ORIENTED_EDGE('',*,*,#3169,.T.);
#2082=ORIENTED_EDGE('',*,*,#3470,.T.);
#2083=ORIENTED_EDGE('',*,*,#3173,.T.);
#2084=ORIENTED_EDGE('',*,*,#3471,.F.);
#2085=ORIENTED_EDGE('',*,*,#3126,.T.);
#2086=ORIENTED_EDGE('',*,*,#3472,.F.);
#2087=ORIENTED_EDGE('',*,*,#3186,.F.);
#2088=ORIENTED_EDGE('',*,*,#3130,.F.);
#2089=ORIENTED_EDGE('',*,*,#3473,.T.);
#2090=ORIENTED_EDGE('',*,*,#3231,.F.);
#2091=ORIENTED_EDGE('',*,*,#3474,.T.);
#2092=ORIENTED_EDGE('',*,*,#3475,.T.);
#2093=ORIENTED_EDGE('',*,*,#3476,.T.);
#2094=ORIENTED_EDGE('',*,*,#3211,.F.);
#2095=ORIENTED_EDGE('',*,*,#3477,.F.);
#2096=ORIENTED_EDGE('',*,*,#3112,.F.);
#2097=ORIENTED_EDGE('',*,*,#3478,.T.);
#2098=ORIENTED_EDGE('',*,*,#3241,.T.);
#2099=ORIENTED_EDGE('',*,*,#3479,.F.);
#2100=ORIENTED_EDGE('',*,*,#3421,.F.);
#2101=ORIENTED_EDGE('',*,*,#3267,.F.);
#2102=ORIENTED_EDGE('',*,*,#3441,.F.);
#2103=ORIENTED_EDGE('',*,*,#3432,.F.);
#2104=ORIENTED_EDGE('',*,*,#3448,.F.);
#2105=ORIENTED_EDGE('',*,*,#3291,.F.);
#2106=ORIENTED_EDGE('',*,*,#3426,.F.);
#2107=ORIENTED_EDGE('',*,*,#3410,.F.);
#2108=ORIENTED_EDGE('',*,*,#3480,.F.);
#2109=ORIENTED_EDGE('',*,*,#3239,.F.);
#2110=ORIENTED_EDGE('',*,*,#3481,.F.);
#2111=ORIENTED_EDGE('',*,*,#3236,.F.);
#2112=ORIENTED_EDGE('',*,*,#3482,.F.);
#2113=ORIENTED_EDGE('',*,*,#3475,.F.);
#2114=ORIENTED_EDGE('',*,*,#3400,.F.);
#2115=ORIENTED_EDGE('',*,*,#3483,.F.);
#2116=ORIENTED_EDGE('',*,*,#3229,.F.);
#2117=ORIENTED_EDGE('',*,*,#3484,.F.);
#2118=ORIENTED_EDGE('',*,*,#3232,.F.);
#2119=ORIENTED_EDGE('',*,*,#3485,.F.);
#2120=ORIENTED_EDGE('',*,*,#3386,.F.);
#2121=ORIENTED_EDGE('',*,*,#3402,.F.);
#2122=ORIENTED_EDGE('',*,*,#3394,.F.);
#2123=ORIENTED_EDGE('',*,*,#3295,.F.);
#2124=ORIENTED_EDGE('',*,*,#3446,.F.);
#2125=ORIENTED_EDGE('',*,*,#3436,.F.);
#2126=ORIENTED_EDGE('',*,*,#3443,.F.);
#2127=ORIENTED_EDGE('',*,*,#3275,.F.);
#2128=ORIENTED_EDGE('',*,*,#3461,.F.);
#2129=ORIENTED_EDGE('',*,*,#3452,.F.);
#2130=ORIENTED_EDGE('',*,*,#3468,.F.);
#2131=ORIENTED_EDGE('',*,*,#3301,.F.);
#2132=ORIENTED_EDGE('',*,*,#3380,.F.);
#2133=ORIENTED_EDGE('',*,*,#3372,.F.);
#2134=ORIENTED_EDGE('',*,*,#3486,.F.);
#2135=ORIENTED_EDGE('',*,*,#3225,.F.);
#2136=ORIENTED_EDGE('',*,*,#3487,.F.);
#2137=ORIENTED_EDGE('',*,*,#3360,.F.);
#2138=ORIENTED_EDGE('',*,*,#3488,.F.);
#2139=ORIENTED_EDGE('',*,*,#3218,.F.);
#2140=ORIENTED_EDGE('',*,*,#3370,.F.);
#2141=ORIENTED_EDGE('',*,*,#3364,.F.);
#2142=ORIENTED_EDGE('',*,*,#3305,.F.);
#2143=ORIENTED_EDGE('',*,*,#3466,.F.);
#2144=ORIENTED_EDGE('',*,*,#3454,.F.);
#2145=ORIENTED_EDGE('',*,*,#3463,.F.);
#2146=ORIENTED_EDGE('',*,*,#3271,.F.);
#2147=ORIENTED_EDGE('',*,*,#3423,.F.);
#2148=ORIENTED_EDGE('',*,*,#3416,.F.);
#2149=ORIENTED_EDGE('',*,*,#3428,.F.);
#2150=ORIENTED_EDGE('',*,*,#3311,.F.);
#2151=ORIENTED_EDGE('',*,*,#3357,.F.);
#2152=ORIENTED_EDGE('',*,*,#3192,.F.);
#2153=ORIENTED_EDGE('',*,*,#3489,.T.);
#2154=ORIENTED_EDGE('',*,*,#3189,.F.);
#2155=ORIENTED_EDGE('',*,*,#3490,.T.);
#2156=ORIENTED_EDGE('',*,*,#3184,.F.);
#2157=ORIENTED_EDGE('',*,*,#3491,.T.);
#2158=ORIENTED_EDGE('',*,*,#3442,.F.);
#2159=ORIENTED_EDGE('',*,*,#3249,.F.);
#2160=ORIENTED_EDGE('',*,*,#3422,.F.);
#2161=ORIENTED_EDGE('',*,*,#3412,.F.);
#2162=ORIENTED_EDGE('',*,*,#3425,.F.);
#2163=ORIENTED_EDGE('',*,*,#3315,.F.);
#2164=ORIENTED_EDGE('',*,*,#3447,.F.);
#2165=ORIENTED_EDGE('',*,*,#3430,.F.);
#2166=ORIENTED_EDGE('',*,*,#3445,.F.);
#2167=ORIENTED_EDGE('',*,*,#3335,.F.);
#2168=ORIENTED_EDGE('',*,*,#3396,.F.);
#2169=ORIENTED_EDGE('',*,*,#3401,.F.);
#2170=ORIENTED_EDGE('',*,*,#3492,.F.);
#2171=ORIENTED_EDGE('',*,*,#3178,.F.);
#2172=ORIENTED_EDGE('',*,*,#3493,.T.);
#2173=ORIENTED_EDGE('',*,*,#3182,.F.);
#2174=ORIENTED_EDGE('',*,*,#3494,.T.);
#2175=ORIENTED_EDGE('',*,*,#3391,.F.);
#2176=ORIENTED_EDGE('',*,*,#3399,.F.);
#2177=ORIENTED_EDGE('',*,*,#3382,.F.);
#2178=ORIENTED_EDGE('',*,*,#3329,.F.);
#2179=ORIENTED_EDGE('',*,*,#3467,.F.);
#2180=ORIENTED_EDGE('',*,*,#3450,.F.);
#2181=ORIENTED_EDGE('',*,*,#3462,.F.);
#2182=ORIENTED_EDGE('',*,*,#3253,.F.);
#2183=ORIENTED_EDGE('',*,*,#3444,.F.);
#2184=ORIENTED_EDGE('',*,*,#3438,.F.);
#2185=ORIENTED_EDGE('',*,*,#3465,.F.);
#2186=ORIENTED_EDGE('',*,*,#3325,.F.);
#2187=ORIENTED_EDGE('',*,*,#3366,.F.);
#2188=ORIENTED_EDGE('',*,*,#3369,.F.);
#2189=ORIENTED_EDGE('',*,*,#3495,.F.);
#2190=ORIENTED_EDGE('',*,*,#3171,.F.);
#2191=ORIENTED_EDGE('',*,*,#3496,.T.);
#2192=ORIENTED_EDGE('',*,*,#3176,.F.);
#2193=ORIENTED_EDGE('',*,*,#3497,.T.);
#2194=ORIENTED_EDGE('',*,*,#3223,.F.);
#2195=ORIENTED_EDGE('',*,*,#3371,.F.);
#2196=ORIENTED_EDGE('',*,*,#3359,.F.);
#2197=ORIENTED_EDGE('',*,*,#3319,.F.);
#2198=ORIENTED_EDGE('',*,*,#3427,.F.);
#2199=ORIENTED_EDGE('',*,*,#3414,.F.);
#2200=ORIENTED_EDGE('',*,*,#3424,.F.);
#2201=ORIENTED_EDGE('',*,*,#3257,.F.);
#2202=ORIENTED_EDGE('',*,*,#3464,.F.);
#2203=ORIENTED_EDGE('',*,*,#3456,.F.);
#2204=ORIENTED_EDGE('',*,*,#3202,.T.);
#2205=ORIENTED_EDGE('',*,*,#3219,.F.);
#2206=ORIENTED_EDGE('',*,*,#3498,.F.);
#2207=ORIENTED_EDGE('',*,*,#3152,.T.);
#2208=ORIENTED_EDGE('',*,*,#3198,.F.);
#2209=ORIENTED_EDGE('',*,*,#3154,.F.);
#2210=ORIENTED_EDGE('',*,*,#3499,.T.);
#2211=ORIENTED_EDGE('',*,*,#3362,.T.);
#2212=ORIENTED_EDGE('',*,*,#3153,.F.);
#2213=ORIENTED_EDGE('',*,*,#3498,.T.);
#2214=ORIENTED_EDGE('',*,*,#3488,.T.);
#2215=ORIENTED_EDGE('',*,*,#3499,.F.);
#2216=ORIENTED_EDGE('',*,*,#3197,.T.);
#2217=ORIENTED_EDGE('',*,*,#3361,.F.);
#2218=ORIENTED_EDGE('',*,*,#3500,.F.);
#2219=ORIENTED_EDGE('',*,*,#3156,.T.);
#2220=ORIENTED_EDGE('',*,*,#3195,.T.);
#2221=ORIENTED_EDGE('',*,*,#3158,.F.);
#2222=ORIENTED_EDGE('',*,*,#3501,.F.);
#2223=ORIENTED_EDGE('',*,*,#3227,.T.);
#2224=ORIENTED_EDGE('',*,*,#3157,.F.);
#2225=ORIENTED_EDGE('',*,*,#3500,.T.);
#2226=ORIENTED_EDGE('',*,*,#3487,.T.);
#2227=ORIENTED_EDGE('',*,*,#3501,.T.);
#2228=ORIENTED_EDGE('',*,*,#3194,.T.);
#2229=ORIENTED_EDGE('',*,*,#3226,.F.);
#2230=ORIENTED_EDGE('',*,*,#3502,.F.);
#2231=ORIENTED_EDGE('',*,*,#3160,.T.);
#2232=ORIENTED_EDGE('',*,*,#3200,.F.);
#2233=ORIENTED_EDGE('',*,*,#3150,.F.);
#2234=ORIENTED_EDGE('',*,*,#3503,.T.);
#2235=ORIENTED_EDGE('',*,*,#3220,.T.);
#2236=ORIENTED_EDGE('',*,*,#3149,.F.);
#2237=ORIENTED_EDGE('',*,*,#3502,.T.);
#2238=ORIENTED_EDGE('',*,*,#3486,.T.);
#2239=ORIENTED_EDGE('',*,*,#3221,.T.);
#2240=ORIENTED_EDGE('',*,*,#3503,.F.);
#2241=ORIENTED_EDGE('',*,*,#3474,.F.);
#2242=ORIENTED_EDGE('',*,*,#3230,.F.);
#2243=ORIENTED_EDGE('',*,*,#3504,.T.);
#2244=ORIENTED_EDGE('',*,*,#3131,.T.);
#2245=ORIENTED_EDGE('',*,*,#3207,.F.);
#2246=ORIENTED_EDGE('',*,*,#3133,.F.);
#2247=ORIENTED_EDGE('',*,*,#3505,.T.);
#2248=ORIENTED_EDGE('',*,*,#3388,.T.);
#2249=ORIENTED_EDGE('',*,*,#3504,.F.);
#2250=ORIENTED_EDGE('',*,*,#3483,.T.);
#2251=ORIENTED_EDGE('',*,*,#3389,.T.);
#2252=ORIENTED_EDGE('',*,*,#3505,.F.);
#2253=ORIENTED_EDGE('',*,*,#3132,.F.);
#2254=ORIENTED_EDGE('',*,*,#3204,.F.);
#2255=ORIENTED_EDGE('',*,*,#3137,.F.);
#2256=ORIENTED_EDGE('',*,*,#3506,.T.);
#2257=ORIENTED_EDGE('',*,*,#3234,.T.);
#2258=ORIENTED_EDGE('',*,*,#3206,.T.);
#2259=ORIENTED_EDGE('',*,*,#3387,.F.);
#2260=ORIENTED_EDGE('',*,*,#3507,.F.);
#2261=ORIENTED_EDGE('',*,*,#3135,.T.);
#2262=ORIENTED_EDGE('',*,*,#3506,.F.);
#2263=ORIENTED_EDGE('',*,*,#3136,.F.);
#2264=ORIENTED_EDGE('',*,*,#3507,.T.);
#2265=ORIENTED_EDGE('',*,*,#3485,.T.);
#2266=ORIENTED_EDGE('',*,*,#3203,.T.);
#2267=ORIENTED_EDGE('',*,*,#3233,.F.);
#2268=ORIENTED_EDGE('',*,*,#3508,.F.);
#2269=ORIENTED_EDGE('',*,*,#3139,.T.);
#2270=ORIENTED_EDGE('',*,*,#3473,.F.);
#2271=ORIENTED_EDGE('',*,*,#3129,.F.);
#2272=ORIENTED_EDGE('',*,*,#3509,.T.);
#2273=ORIENTED_EDGE('',*,*,#3228,.T.);
#2274=ORIENTED_EDGE('',*,*,#3128,.F.);
#2275=ORIENTED_EDGE('',*,*,#3508,.T.);
#2276=ORIENTED_EDGE('',*,*,#3484,.T.);
#2277=ORIENTED_EDGE('',*,*,#3509,.F.);
#2278=ORIENTED_EDGE('',*,*,#3210,.F.);
#2279=ORIENTED_EDGE('',*,*,#3115,.F.);
#2280=ORIENTED_EDGE('',*,*,#3510,.T.);
#2281=ORIENTED_EDGE('',*,*,#3477,.T.);
#2282=ORIENTED_EDGE('',*,*,#3479,.T.);
#2283=ORIENTED_EDGE('',*,*,#3240,.F.);
#2284=ORIENTED_EDGE('',*,*,#3511,.F.);
#2285=ORIENTED_EDGE('',*,*,#3113,.T.);
#2286=ORIENTED_EDGE('',*,*,#3510,.F.);
#2287=ORIENTED_EDGE('',*,*,#3114,.F.);
#2288=ORIENTED_EDGE('',*,*,#3511,.T.);
#2289=ORIENTED_EDGE('',*,*,#3480,.T.);
#2290=ORIENTED_EDGE('',*,*,#3214,.T.);
#2291=ORIENTED_EDGE('',*,*,#3237,.F.);
#2292=ORIENTED_EDGE('',*,*,#3512,.F.);
#2293=ORIENTED_EDGE('',*,*,#3109,.T.);
#2294=ORIENTED_EDGE('',*,*,#3478,.F.);
#2295=ORIENTED_EDGE('',*,*,#3111,.F.);
#2296=ORIENTED_EDGE('',*,*,#3513,.T.);
#2297=ORIENTED_EDGE('',*,*,#3238,.T.);
#2298=ORIENTED_EDGE('',*,*,#3110,.F.);
#2299=ORIENTED_EDGE('',*,*,#3512,.T.);
#2300=ORIENTED_EDGE('',*,*,#3481,.T.);
#2301=ORIENTED_EDGE('',*,*,#3513,.F.);
#2302=ORIENTED_EDGE('',*,*,#3209,.T.);
#2303=ORIENTED_EDGE('',*,*,#3476,.F.);
#2304=ORIENTED_EDGE('',*,*,#3514,.F.);
#2305=ORIENTED_EDGE('',*,*,#3117,.T.);
#2306=ORIENTED_EDGE('',*,*,#3212,.T.);
#2307=ORIENTED_EDGE('',*,*,#3107,.F.);
#2308=ORIENTED_EDGE('',*,*,#3515,.F.);
#2309=ORIENTED_EDGE('',*,*,#3235,.T.);
#2310=ORIENTED_EDGE('',*,*,#3106,.F.);
#2311=ORIENTED_EDGE('',*,*,#3514,.T.);
#2312=ORIENTED_EDGE('',*,*,#3482,.T.);
#2313=ORIENTED_EDGE('',*,*,#3515,.T.);
#2314=ORIENTED_EDGE('',*,*,#3470,.F.);
#2315=ORIENTED_EDGE('',*,*,#3168,.F.);
#2316=ORIENTED_EDGE('',*,*,#3516,.T.);
#2317=ORIENTED_EDGE('',*,*,#3174,.T.);
#2318=ORIENTED_EDGE('',*,*,#3084,.T.);
#2319=ORIENTED_EDGE('',*,*,#3177,.F.);
#2320=ORIENTED_EDGE('',*,*,#3517,.F.);
#2321=ORIENTED_EDGE('',*,*,#3166,.T.);
#2322=ORIENTED_EDGE('',*,*,#3167,.T.);
#2323=ORIENTED_EDGE('',*,*,#3517,.T.);
#2324=ORIENTED_EDGE('',*,*,#3496,.F.);
#2325=ORIENTED_EDGE('',*,*,#3516,.F.);
#2326=ORIENTED_EDGE('',*,*,#3082,.T.);
#2327=ORIENTED_EDGE('',*,*,#3165,.F.);
#2328=ORIENTED_EDGE('',*,*,#3518,.F.);
#2329=ORIENTED_EDGE('',*,*,#3175,.T.);
#2330=ORIENTED_EDGE('',*,*,#3081,.T.);
#2331=ORIENTED_EDGE('',*,*,#3224,.F.);
#2332=ORIENTED_EDGE('',*,*,#3519,.F.);
#2333=ORIENTED_EDGE('',*,*,#3163,.T.);
#2334=ORIENTED_EDGE('',*,*,#3518,.T.);
#2335=ORIENTED_EDGE('',*,*,#3164,.T.);
#2336=ORIENTED_EDGE('',*,*,#3519,.T.);
#2337=ORIENTED_EDGE('',*,*,#3497,.F.);
#2338=ORIENTED_EDGE('',*,*,#3469,.T.);
#2339=ORIENTED_EDGE('',*,*,#3172,.F.);
#2340=ORIENTED_EDGE('',*,*,#3520,.F.);
#2341=ORIENTED_EDGE('',*,*,#3170,.T.);
#2342=ORIENTED_EDGE('',*,*,#3079,.F.);
#2343=ORIENTED_EDGE('',*,*,#3162,.F.);
#2344=ORIENTED_EDGE('',*,*,#3521,.T.);
#2345=ORIENTED_EDGE('',*,*,#3215,.T.);
#2346=ORIENTED_EDGE('',*,*,#3520,.T.);
#2347=ORIENTED_EDGE('',*,*,#3495,.T.);
#2348=ORIENTED_EDGE('',*,*,#3216,.F.);
#2349=ORIENTED_EDGE('',*,*,#3521,.F.);
#2350=ORIENTED_EDGE('',*,*,#3161,.T.);
#2351=ORIENTED_EDGE('',*,*,#3092,.F.);
#2352=ORIENTED_EDGE('',*,*,#3147,.F.);
#2353=ORIENTED_EDGE('',*,*,#3522,.T.);
#2354=ORIENTED_EDGE('',*,*,#3180,.T.);
#2355=ORIENTED_EDGE('',*,*,#3097,.T.);
#2356=ORIENTED_EDGE('',*,*,#3183,.F.);
#2357=ORIENTED_EDGE('',*,*,#3523,.F.);
#2358=ORIENTED_EDGE('',*,*,#3145,.T.);
#2359=ORIENTED_EDGE('',*,*,#3146,.T.);
#2360=ORIENTED_EDGE('',*,*,#3523,.T.);
#2361=ORIENTED_EDGE('',*,*,#3493,.F.);
#2362=ORIENTED_EDGE('',*,*,#3522,.F.);
#2363=ORIENTED_EDGE('',*,*,#3095,.F.);
#2364=ORIENTED_EDGE('',*,*,#3144,.F.);
#2365=ORIENTED_EDGE('',*,*,#3524,.T.);
#2366=ORIENTED_EDGE('',*,*,#3181,.T.);
#2367=ORIENTED_EDGE('',*,*,#3089,.F.);
#2368=ORIENTED_EDGE('',*,*,#3392,.F.);
#2369=ORIENTED_EDGE('',*,*,#3525,.T.);
#2370=ORIENTED_EDGE('',*,*,#3142,.T.);
#2371=ORIENTED_EDGE('',*,*,#3143,.T.);
#2372=ORIENTED_EDGE('',*,*,#3525,.F.);
#2373=ORIENTED_EDGE('',*,*,#3494,.F.);
#2374=ORIENTED_EDGE('',*,*,#3524,.F.);
#2375=ORIENTED_EDGE('',*,*,#3087,.F.);
#2376=ORIENTED_EDGE('',*,*,#3141,.F.);
#2377=ORIENTED_EDGE('',*,*,#3526,.T.);
#2378=ORIENTED_EDGE('',*,*,#3383,.T.);
#2379=ORIENTED_EDGE('',*,*,#3090,.T.);
#2380=ORIENTED_EDGE('',*,*,#3179,.F.);
#2381=ORIENTED_EDGE('',*,*,#3527,.F.);
#2382=ORIENTED_EDGE('',*,*,#3148,.T.);
#2383=ORIENTED_EDGE('',*,*,#3140,.T.);
#2384=ORIENTED_EDGE('',*,*,#3527,.T.);
#2385=ORIENTED_EDGE('',*,*,#3492,.T.);
#2386=ORIENTED_EDGE('',*,*,#3384,.F.);
#2387=ORIENTED_EDGE('',*,*,#3526,.F.);
#2388=ORIENTED_EDGE('',*,*,#3472,.T.);
#2389=ORIENTED_EDGE('',*,*,#3125,.F.);
#2390=ORIENTED_EDGE('',*,*,#3528,.F.);
#2391=ORIENTED_EDGE('',*,*,#3187,.T.);
#2392=ORIENTED_EDGE('',*,*,#3105,.T.);
#2393=ORIENTED_EDGE('',*,*,#3193,.F.);
#2394=ORIENTED_EDGE('',*,*,#3529,.F.);
#2395=ORIENTED_EDGE('',*,*,#3123,.T.);
#2396=ORIENTED_EDGE('',*,*,#3528,.T.);
#2397=ORIENTED_EDGE('',*,*,#3124,.T.);
#2398=ORIENTED_EDGE('',*,*,#3529,.T.);
#2399=ORIENTED_EDGE('',*,*,#3491,.F.);
#2400=ORIENTED_EDGE('',*,*,#3101,.T.);
#2401=ORIENTED_EDGE('',*,*,#3190,.F.);
#2402=ORIENTED_EDGE('',*,*,#3530,.F.);
#2403=ORIENTED_EDGE('',*,*,#3120,.T.);
#2404=ORIENTED_EDGE('',*,*,#3103,.F.);
#2405=ORIENTED_EDGE('',*,*,#3122,.F.);
#2406=ORIENTED_EDGE('',*,*,#3531,.T.);
#2407=ORIENTED_EDGE('',*,*,#3191,.T.);
#2408=ORIENTED_EDGE('',*,*,#3530,.T.);
#2409=ORIENTED_EDGE('',*,*,#3489,.F.);
#2410=ORIENTED_EDGE('',*,*,#3531,.F.);
#2411=ORIENTED_EDGE('',*,*,#3121,.T.);
#2412=ORIENTED_EDGE('',*,*,#3099,.F.);
#2413=ORIENTED_EDGE('',*,*,#3119,.F.);
#2414=ORIENTED_EDGE('',*,*,#3532,.T.);
#2415=ORIENTED_EDGE('',*,*,#3188,.T.);
#2416=ORIENTED_EDGE('',*,*,#3471,.T.);
#2417=ORIENTED_EDGE('',*,*,#3185,.F.);
#2418=ORIENTED_EDGE('',*,*,#3533,.F.);
#2419=ORIENTED_EDGE('',*,*,#3127,.T.);
#2420=ORIENTED_EDGE('',*,*,#3118,.T.);
#2421=ORIENTED_EDGE('',*,*,#3533,.T.);
#2422=ORIENTED_EDGE('',*,*,#3490,.F.);
#2423=ORIENTED_EDGE('',*,*,#3532,.F.);
#2424=ORIENTED_EDGE('',*,*,#3534,.T.);
#2425=ORIENTED_EDGE('',*,*,#3535,.F.);
#2426=ORIENTED_EDGE('',*,*,#3536,.F.);
#2427=ORIENTED_EDGE('',*,*,#3537,.F.);
#2428=ORIENTED_EDGE('',*,*,#3535,.T.);
#2429=ORIENTED_EDGE('',*,*,#3538,.T.);
#2430=ORIENTED_EDGE('',*,*,#3538,.F.);
#2431=ORIENTED_EDGE('',*,*,#3534,.F.);
#2432=ORIENTED_EDGE('',*,*,#3539,.F.);
#2433=ORIENTED_EDGE('',*,*,#3537,.T.);
#2434=ORIENTED_EDGE('',*,*,#3539,.T.);
#2435=ORIENTED_EDGE('',*,*,#3540,.F.);
#2436=ORIENTED_EDGE('',*,*,#3536,.T.);
#2437=ORIENTED_EDGE('',*,*,#3540,.T.);
#2438=ORIENTED_EDGE('',*,*,#3541,.T.);
#2439=ORIENTED_EDGE('',*,*,#3542,.T.);
#2440=ORIENTED_EDGE('',*,*,#3543,.T.);
#2441=ORIENTED_EDGE('',*,*,#3544,.T.);
#2442=ORIENTED_EDGE('',*,*,#3545,.F.);
#2443=ORIENTED_EDGE('',*,*,#3546,.T.);
#2444=ORIENTED_EDGE('',*,*,#3547,.T.);
#2445=ORIENTED_EDGE('',*,*,#3548,.T.);
#2446=ORIENTED_EDGE('',*,*,#3549,.T.);
#2447=ORIENTED_EDGE('',*,*,#3550,.T.);
#2448=ORIENTED_EDGE('',*,*,#3551,.F.);
#2449=ORIENTED_EDGE('',*,*,#3552,.F.);
#2450=ORIENTED_EDGE('',*,*,#3553,.F.);
#2451=ORIENTED_EDGE('',*,*,#3554,.F.);
#2452=ORIENTED_EDGE('',*,*,#3555,.F.);
#2453=ORIENTED_EDGE('',*,*,#3556,.T.);
#2454=ORIENTED_EDGE('',*,*,#3557,.F.);
#2455=ORIENTED_EDGE('',*,*,#3558,.T.);
#2456=ORIENTED_EDGE('',*,*,#3559,.T.);
#2457=ORIENTED_EDGE('',*,*,#3560,.T.);
#2458=ORIENTED_EDGE('',*,*,#3561,.T.);
#2459=ORIENTED_EDGE('',*,*,#3562,.T.);
#2460=ORIENTED_EDGE('',*,*,#3563,.T.);
#2461=ORIENTED_EDGE('',*,*,#3564,.T.);
#2462=ORIENTED_EDGE('',*,*,#3565,.T.);
#2463=ORIENTED_EDGE('',*,*,#3566,.T.);
#2464=ORIENTED_EDGE('',*,*,#3567,.T.);
#2465=ORIENTED_EDGE('',*,*,#3568,.T.);
#2466=ORIENTED_EDGE('',*,*,#3569,.T.);
#2467=ORIENTED_EDGE('',*,*,#3570,.T.);
#2468=ORIENTED_EDGE('',*,*,#3571,.T.);
#2469=ORIENTED_EDGE('',*,*,#3572,.T.);
#2470=ORIENTED_EDGE('',*,*,#3573,.F.);
#2471=ORIENTED_EDGE('',*,*,#3574,.F.);
#2472=ORIENTED_EDGE('',*,*,#3575,.F.);
#2473=ORIENTED_EDGE('',*,*,#3576,.F.);
#2474=ORIENTED_EDGE('',*,*,#3577,.T.);
#2475=ORIENTED_EDGE('',*,*,#3578,.T.);
#2476=ORIENTED_EDGE('',*,*,#3579,.T.);
#2477=ORIENTED_EDGE('',*,*,#3580,.T.);
#2478=ORIENTED_EDGE('',*,*,#3581,.T.);
#2479=ORIENTED_EDGE('',*,*,#3582,.T.);
#2480=ORIENTED_EDGE('',*,*,#3583,.T.);
#2481=ORIENTED_EDGE('',*,*,#3584,.T.);
#2482=ORIENTED_EDGE('',*,*,#3585,.T.);
#2483=ORIENTED_EDGE('',*,*,#3586,.T.);
#2484=ORIENTED_EDGE('',*,*,#3587,.F.);
#2485=ORIENTED_EDGE('',*,*,#3588,.F.);
#2486=ORIENTED_EDGE('',*,*,#3589,.F.);
#2487=ORIENTED_EDGE('',*,*,#3590,.T.);
#2488=ORIENTED_EDGE('',*,*,#3591,.T.);
#2489=ORIENTED_EDGE('',*,*,#3592,.T.);
#2490=ORIENTED_EDGE('',*,*,#3593,.T.);
#2491=ORIENTED_EDGE('',*,*,#3594,.T.);
#2492=ORIENTED_EDGE('',*,*,#3595,.T.);
#2493=ORIENTED_EDGE('',*,*,#3596,.T.);
#2494=ORIENTED_EDGE('',*,*,#3597,.T.);
#2495=ORIENTED_EDGE('',*,*,#3598,.T.);
#2496=ORIENTED_EDGE('',*,*,#3599,.T.);
#2497=ORIENTED_EDGE('',*,*,#3600,.T.);
#2498=ORIENTED_EDGE('',*,*,#3601,.T.);
#2499=ORIENTED_EDGE('',*,*,#3602,.T.);
#2500=ORIENTED_EDGE('',*,*,#3603,.T.);
#2501=ORIENTED_EDGE('',*,*,#3604,.T.);
#2502=ORIENTED_EDGE('',*,*,#3605,.T.);
#2503=ORIENTED_EDGE('',*,*,#3587,.T.);
#2504=ORIENTED_EDGE('',*,*,#3606,.T.);
#2505=ORIENTED_EDGE('',*,*,#3549,.F.);
#2506=ORIENTED_EDGE('',*,*,#3607,.F.);
#2507=ORIENTED_EDGE('',*,*,#3556,.F.);
#2508=ORIENTED_EDGE('',*,*,#3608,.F.);
#2509=ORIENTED_EDGE('',*,*,#3573,.T.);
#2510=ORIENTED_EDGE('',*,*,#3609,.T.);
#2511=ORIENTED_EDGE('',*,*,#3610,.T.);
#2512=ORIENTED_EDGE('',*,*,#3611,.F.);
#2513=ORIENTED_EDGE('',*,*,#3612,.T.);
#2514=ORIENTED_EDGE('',*,*,#3613,.T.);
#2515=ORIENTED_EDGE('',*,*,#3614,.F.);
#2516=ORIENTED_EDGE('',*,*,#3575,.T.);
#2517=ORIENTED_EDGE('',*,*,#3615,.T.);
#2518=ORIENTED_EDGE('',*,*,#3616,.T.);
#2519=ORIENTED_EDGE('',*,*,#3617,.T.);
#2520=ORIENTED_EDGE('',*,*,#3615,.F.);
#2521=ORIENTED_EDGE('',*,*,#3574,.T.);
#2522=ORIENTED_EDGE('',*,*,#3608,.T.);
#2523=ORIENTED_EDGE('',*,*,#3555,.T.);
#2524=ORIENTED_EDGE('',*,*,#3618,.T.);
#2525=ORIENTED_EDGE('',*,*,#3551,.T.);
#2526=ORIENTED_EDGE('',*,*,#3619,.T.);
#2527=ORIENTED_EDGE('',*,*,#3590,.F.);
#2528=ORIENTED_EDGE('',*,*,#3620,.T.);
#2529=ORIENTED_EDGE('',*,*,#3621,.T.);
#2530=ORIENTED_EDGE('',*,*,#3622,.T.);
#2531=ORIENTED_EDGE('',*,*,#3623,.T.);
#2532=ORIENTED_EDGE('',*,*,#3624,.T.);
#2533=ORIENTED_EDGE('',*,*,#3553,.T.);
#2534=ORIENTED_EDGE('',*,*,#3625,.T.);
#2535=ORIENTED_EDGE('',*,*,#3624,.F.);
#2536=ORIENTED_EDGE('',*,*,#3626,.T.);
#2537=ORIENTED_EDGE('',*,*,#3616,.F.);
#2538=ORIENTED_EDGE('',*,*,#3554,.T.);
#2539=ORIENTED_EDGE('',*,*,#3627,.T.);
#2540=ORIENTED_EDGE('',*,*,#3628,.T.);
#2541=ORIENTED_EDGE('',*,*,#3629,.T.);
#2542=ORIENTED_EDGE('',*,*,#3630,.F.);
#2543=ORIENTED_EDGE('',*,*,#3631,.F.);
#2544=ORIENTED_EDGE('',*,*,#3611,.T.);
#2545=ORIENTED_EDGE('',*,*,#3632,.T.);
#2546=ORIENTED_EDGE('',*,*,#3631,.T.);
#2547=ORIENTED_EDGE('',*,*,#3588,.T.);
#2548=ORIENTED_EDGE('',*,*,#3630,.T.);
#2549=ORIENTED_EDGE('',*,*,#3633,.T.);
#2550=ORIENTED_EDGE('',*,*,#3620,.F.);
#2551=ORIENTED_EDGE('',*,*,#3589,.T.);
#2552=ORIENTED_EDGE('',*,*,#3629,.F.);
#2553=ORIENTED_EDGE('',*,*,#3634,.T.);
#2554=ORIENTED_EDGE('',*,*,#3621,.F.);
#2555=ORIENTED_EDGE('',*,*,#3633,.F.);
#2556=ORIENTED_EDGE('',*,*,#3610,.F.);
#2557=ORIENTED_EDGE('',*,*,#3635,.T.);
#2558=ORIENTED_EDGE('',*,*,#3627,.F.);
#2559=ORIENTED_EDGE('',*,*,#3632,.F.);
#2560=ORIENTED_EDGE('',*,*,#3623,.F.);
#2561=ORIENTED_EDGE('',*,*,#3636,.T.);
#2562=ORIENTED_EDGE('',*,*,#3637,.T.);
#2563=ORIENTED_EDGE('',*,*,#3638,.T.);
#2564=ORIENTED_EDGE('',*,*,#3639,.F.);
#2565=ORIENTED_EDGE('',*,*,#3617,.F.);
#2566=ORIENTED_EDGE('',*,*,#3626,.F.);
#2567=ORIENTED_EDGE('',*,*,#3640,.T.);
#2568=ORIENTED_EDGE('',*,*,#3570,.F.);
#2569=ORIENTED_EDGE('',*,*,#3641,.T.);
#2570=ORIENTED_EDGE('',*,*,#3642,.T.);
#2571=ORIENTED_EDGE('',*,*,#3643,.T.);
#2572=ORIENTED_EDGE('',*,*,#3644,.T.);
#2573=ORIENTED_EDGE('',*,*,#3645,.T.);
#2574=ORIENTED_EDGE('',*,*,#3646,.T.);
#2575=ORIENTED_EDGE('',*,*,#3647,.T.);
#2576=ORIENTED_EDGE('',*,*,#3648,.T.);
#2577=ORIENTED_EDGE('',*,*,#3649,.T.);
#2578=ORIENTED_EDGE('',*,*,#3650,.T.);
#2579=ORIENTED_EDGE('',*,*,#3651,.F.);
#2580=ORIENTED_EDGE('',*,*,#3584,.F.);
#2581=ORIENTED_EDGE('',*,*,#3652,.T.);
#2582=ORIENTED_EDGE('',*,*,#3653,.F.);
#2583=ORIENTED_EDGE('',*,*,#3654,.T.);
#2584=ORIENTED_EDGE('',*,*,#3655,.T.);
#2585=ORIENTED_EDGE('',*,*,#3656,.T.);
#2586=ORIENTED_EDGE('',*,*,#3578,.F.);
#2587=ORIENTED_EDGE('',*,*,#3657,.T.);
#2588=ORIENTED_EDGE('',*,*,#3651,.T.);
#2589=ORIENTED_EDGE('',*,*,#3658,.T.);
#2590=ORIENTED_EDGE('',*,*,#3650,.F.);
#2591=ORIENTED_EDGE('',*,*,#3659,.T.);
#2592=ORIENTED_EDGE('',*,*,#3585,.F.);
#2593=ORIENTED_EDGE('',*,*,#3658,.F.);
#2594=ORIENTED_EDGE('',*,*,#3592,.F.);
#2595=ORIENTED_EDGE('',*,*,#3660,.T.);
#2596=ORIENTED_EDGE('',*,*,#3648,.F.);
#2597=ORIENTED_EDGE('',*,*,#3657,.F.);
#2598=ORIENTED_EDGE('',*,*,#3661,.F.);
#2599=ORIENTED_EDGE('',*,*,#3661,.T.);
#2600=ORIENTED_EDGE('',*,*,#3618,.F.);
#2601=ORIENTED_EDGE('',*,*,#3662,.F.);
#2602=ORIENTED_EDGE('',*,*,#3662,.T.);
#2603=ORIENTED_EDGE('',*,*,#3612,.F.);
#2604=ORIENTED_EDGE('',*,*,#3663,.T.);
#2605=ORIENTED_EDGE('',*,*,#3664,.T.);
#2606=ORIENTED_EDGE('',*,*,#3543,.F.);
#2607=ORIENTED_EDGE('',*,*,#3665,.T.);
#2608=ORIENTED_EDGE('',*,*,#3545,.T.);
#2609=ORIENTED_EDGE('',*,*,#3666,.T.);
#2610=ORIENTED_EDGE('',*,*,#3667,.T.);
#2611=ORIENTED_EDGE('',*,*,#3668,.F.);
#2612=ORIENTED_EDGE('',*,*,#3665,.F.);
#2613=ORIENTED_EDGE('',*,*,#3546,.F.);
#2614=ORIENTED_EDGE('',*,*,#3668,.T.);
#2615=ORIENTED_EDGE('',*,*,#3669,.T.);
#2616=ORIENTED_EDGE('',*,*,#3577,.F.);
#2617=ORIENTED_EDGE('',*,*,#3576,.T.);
#2618=ORIENTED_EDGE('',*,*,#3614,.T.);
#2619=ORIENTED_EDGE('',*,*,#3639,.T.);
#2620=ORIENTED_EDGE('',*,*,#3638,.F.);
#2621=ORIENTED_EDGE('',*,*,#3670,.T.);
#2622=ORIENTED_EDGE('',*,*,#3667,.F.);
#2623=ORIENTED_EDGE('',*,*,#3671,.T.);
#2624=ORIENTED_EDGE('',*,*,#3571,.F.);
#2625=ORIENTED_EDGE('',*,*,#3669,.F.);
#2626=ORIENTED_EDGE('',*,*,#3637,.F.);
#2627=ORIENTED_EDGE('',*,*,#3672,.T.);
#2628=ORIENTED_EDGE('',*,*,#3663,.F.);
#2629=ORIENTED_EDGE('',*,*,#3670,.F.);
#2630=ORIENTED_EDGE('',*,*,#3547,.F.);
#2631=ORIENTED_EDGE('',*,*,#3613,.F.);
#2632=ORIENTED_EDGE('',*,*,#3542,.F.);
#2633=ORIENTED_EDGE('',*,*,#3557,.T.);
#2634=ORIENTED_EDGE('',*,*,#3607,.T.);
#2635=ORIENTED_EDGE('',*,*,#3548,.F.);
#2636=ORIENTED_EDGE('',*,*,#3552,.T.);
#2637=ORIENTED_EDGE('',*,*,#3625,.F.);
#2638=ORIENTED_EDGE('',*,*,#3641,.F.);
#2639=ORIENTED_EDGE('',*,*,#3595,.F.);
#2640=ORIENTED_EDGE('',*,*,#3645,.F.);
#2641=ORIENTED_EDGE('',*,*,#3644,.F.);
#2642=ORIENTED_EDGE('',*,*,#3673,.T.);
#2643=ORIENTED_EDGE('',*,*,#3655,.F.);
#2644=ORIENTED_EDGE('',*,*,#3654,.F.);
#2645=ORIENTED_EDGE('',*,*,#3653,.T.);
#2646=ORIENTED_EDGE('',*,*,#3674,.T.);
#2647=ORIENTED_EDGE('',*,*,#3646,.F.);
#2648=ORIENTED_EDGE('',*,*,#3675,.F.);
#2649=ORIENTED_EDGE('',*,*,#3601,.F.);
#2650=ORIENTED_EDGE('',*,*,#3676,.F.);
#2651=ORIENTED_EDGE('',*,*,#3586,.F.);
#2652=ORIENTED_EDGE('',*,*,#3676,.T.);
#2653=ORIENTED_EDGE('',*,*,#3600,.F.);
#2654=ORIENTED_EDGE('',*,*,#3677,.F.);
#2655=ORIENTED_EDGE('',*,*,#3606,.F.);
#2656=ORIENTED_EDGE('',*,*,#3675,.T.);
#2657=ORIENTED_EDGE('',*,*,#3659,.F.);
#2658=ORIENTED_EDGE('',*,*,#3678,.F.);
#2659=ORIENTED_EDGE('',*,*,#3602,.F.);
#2660=ORIENTED_EDGE('',*,*,#3677,.T.);
#2661=ORIENTED_EDGE('',*,*,#3599,.F.);
#2662=ORIENTED_EDGE('',*,*,#3679,.F.);
#2663=ORIENTED_EDGE('',*,*,#3550,.F.);
#2664=ORIENTED_EDGE('',*,*,#3678,.T.);
#2665=ORIENTED_EDGE('',*,*,#3649,.F.);
#2666=ORIENTED_EDGE('',*,*,#3680,.F.);
#2667=ORIENTED_EDGE('',*,*,#3603,.F.);
#2668=ORIENTED_EDGE('',*,*,#3679,.T.);
#2669=ORIENTED_EDGE('',*,*,#3598,.F.);
#2670=ORIENTED_EDGE('',*,*,#3681,.F.);
#2671=ORIENTED_EDGE('',*,*,#3619,.F.);
#2672=ORIENTED_EDGE('',*,*,#3680,.T.);
#2673=ORIENTED_EDGE('',*,*,#3660,.F.);
#2674=ORIENTED_EDGE('',*,*,#3682,.F.);
#2675=ORIENTED_EDGE('',*,*,#3596,.F.);
#2676=ORIENTED_EDGE('',*,*,#3681,.T.);
#2677=ORIENTED_EDGE('',*,*,#3597,.F.);
#2678=ORIENTED_EDGE('',*,*,#3682,.T.);
#2679=ORIENTED_EDGE('',*,*,#3591,.F.);
#2680=ORIENTED_EDGE('',*,*,#3640,.F.);
#2681=ORIENTED_EDGE('',*,*,#3604,.F.);
#2682=ORIENTED_EDGE('',*,*,#3683,.F.);
#2683=ORIENTED_EDGE('',*,*,#3572,.F.);
#2684=ORIENTED_EDGE('',*,*,#3684,.F.);
#2685=ORIENTED_EDGE('',*,*,#3565,.F.);
#2686=ORIENTED_EDGE('',*,*,#3684,.T.);
#2687=ORIENTED_EDGE('',*,*,#3671,.F.);
#2688=ORIENTED_EDGE('',*,*,#3685,.F.);
#2689=ORIENTED_EDGE('',*,*,#3566,.F.);
#2690=ORIENTED_EDGE('',*,*,#3683,.T.);
#2691=ORIENTED_EDGE('',*,*,#3564,.F.);
#2692=ORIENTED_EDGE('',*,*,#3686,.F.);
#2693=ORIENTED_EDGE('',*,*,#3609,.F.);
#2694=ORIENTED_EDGE('',*,*,#3685,.T.);
#2695=ORIENTED_EDGE('',*,*,#3666,.F.);
#2696=ORIENTED_EDGE('',*,*,#3687,.F.);
#2697=ORIENTED_EDGE('',*,*,#3567,.F.);
#2698=ORIENTED_EDGE('',*,*,#3686,.T.);
#2699=ORIENTED_EDGE('',*,*,#3563,.F.);
#2700=ORIENTED_EDGE('',*,*,#3688,.F.);
#2701=ORIENTED_EDGE('',*,*,#3635,.F.);
#2702=ORIENTED_EDGE('',*,*,#3687,.T.);
#2703=ORIENTED_EDGE('',*,*,#3544,.F.);
#2704=ORIENTED_EDGE('',*,*,#3689,.F.);
#2705=ORIENTED_EDGE('',*,*,#3568,.F.);
#2706=ORIENTED_EDGE('',*,*,#3688,.T.);
#2707=ORIENTED_EDGE('',*,*,#3562,.F.);
#2708=ORIENTED_EDGE('',*,*,#3690,.F.);
#2709=ORIENTED_EDGE('',*,*,#3628,.F.);
#2710=ORIENTED_EDGE('',*,*,#3689,.T.);
#2711=ORIENTED_EDGE('',*,*,#3664,.F.);
#2712=ORIENTED_EDGE('',*,*,#3691,.F.);
#2713=ORIENTED_EDGE('',*,*,#3569,.F.);
#2714=ORIENTED_EDGE('',*,*,#3690,.T.);
#2715=ORIENTED_EDGE('',*,*,#3561,.F.);
#2716=ORIENTED_EDGE('',*,*,#3692,.F.);
#2717=ORIENTED_EDGE('',*,*,#3634,.F.);
#2718=ORIENTED_EDGE('',*,*,#3691,.T.);
#2719=ORIENTED_EDGE('',*,*,#3672,.F.);
#2720=ORIENTED_EDGE('',*,*,#3693,.F.);
#2721=ORIENTED_EDGE('',*,*,#3558,.F.);
#2722=ORIENTED_EDGE('',*,*,#3692,.T.);
#2723=ORIENTED_EDGE('',*,*,#3560,.F.);
#2724=ORIENTED_EDGE('',*,*,#3694,.F.);
#2725=ORIENTED_EDGE('',*,*,#3622,.F.);
#2726=ORIENTED_EDGE('',*,*,#3693,.T.);
#2727=ORIENTED_EDGE('',*,*,#3636,.F.);
#2728=ORIENTED_EDGE('',*,*,#3694,.T.);
#2729=ORIENTED_EDGE('',*,*,#3559,.F.);
#2730=ORIENTED_EDGE('',*,*,#3541,.F.);
#2731=ORIENTED_EDGE('',*,*,#3605,.F.);
#2732=ORIENTED_EDGE('',*,*,#3695,.T.);
#2733=ORIENTED_EDGE('',*,*,#3696,.T.);
#2734=ORIENTED_EDGE('',*,*,#3642,.F.);
#2735=ORIENTED_EDGE('',*,*,#3697,.T.);
#2736=ORIENTED_EDGE('',*,*,#3652,.F.);
#2737=ORIENTED_EDGE('',*,*,#3583,.F.);
#2738=ORIENTED_EDGE('',*,*,#3698,.F.);
#2739=ORIENTED_EDGE('',*,*,#3647,.F.);
#2740=ORIENTED_EDGE('',*,*,#3674,.F.);
#2741=ORIENTED_EDGE('',*,*,#3698,.T.);
#2742=ORIENTED_EDGE('',*,*,#3582,.F.);
#2743=ORIENTED_EDGE('',*,*,#3581,.F.);
#2744=ORIENTED_EDGE('',*,*,#3580,.F.);
#2745=ORIENTED_EDGE('',*,*,#3699,.F.);
#2746=ORIENTED_EDGE('',*,*,#3696,.F.);
#2747=ORIENTED_EDGE('',*,*,#3695,.F.);
#2748=ORIENTED_EDGE('',*,*,#3697,.F.);
#2749=ORIENTED_EDGE('',*,*,#3699,.T.);
#2750=ORIENTED_EDGE('',*,*,#3579,.F.);
#2751=ORIENTED_EDGE('',*,*,#3656,.F.);
#2752=ORIENTED_EDGE('',*,*,#3673,.F.);
#2753=ORIENTED_EDGE('',*,*,#3643,.F.);
#2754=ORIENTED_EDGE('',*,*,#3700,.F.);
#2755=ORIENTED_EDGE('',*,*,#3700,.T.);
#2756=ORIENTED_EDGE('',*,*,#3594,.F.);
#2757=ORIENTED_EDGE('',*,*,#3701,.F.);
#2758=ORIENTED_EDGE('',*,*,#3701,.T.);
#2759=ORIENTED_EDGE('',*,*,#3593,.F.);
#2760=ORIENTED_EDGE('',*,*,#3702,.T.);
#2761=ORIENTED_EDGE('',*,*,#3703,.T.);
#2762=ORIENTED_EDGE('',*,*,#3704,.T.);
#2763=ORIENTED_EDGE('',*,*,#3705,.T.);
#2764=ORIENTED_EDGE('',*,*,#3706,.T.);
#2765=ORIENTED_EDGE('',*,*,#3707,.F.);
#2766=ORIENTED_EDGE('',*,*,#3708,.T.);
#2767=ORIENTED_EDGE('',*,*,#3709,.T.);
#2768=ORIENTED_EDGE('',*,*,#3710,.F.);
#2769=ORIENTED_EDGE('',*,*,#3707,.T.);
#2770=ORIENTED_EDGE('',*,*,#3711,.T.);
#2771=ORIENTED_EDGE('',*,*,#3712,.T.);
#2772=ORIENTED_EDGE('',*,*,#3713,.T.);
#2773=ORIENTED_EDGE('',*,*,#3714,.T.);
#2774=ORIENTED_EDGE('',*,*,#3715,.T.);
#2775=ORIENTED_EDGE('',*,*,#3710,.T.);
#2776=ORIENTED_EDGE('',*,*,#3703,.F.);
#2777=ORIENTED_EDGE('',*,*,#3716,.F.);
#2778=ORIENTED_EDGE('',*,*,#3717,.T.);
#2779=ORIENTED_EDGE('',*,*,#3716,.T.);
#2780=ORIENTED_EDGE('',*,*,#3712,.F.);
#2781=ORIENTED_EDGE('',*,*,#3714,.F.);
#2782=ORIENTED_EDGE('',*,*,#3717,.F.);
#2783=ORIENTED_EDGE('',*,*,#3708,.F.);
#2784=ORIENTED_EDGE('',*,*,#3702,.F.);
#2785=ORIENTED_EDGE('',*,*,#3713,.F.);
#2786=ORIENTED_EDGE('',*,*,#3715,.F.);
#2787=ORIENTED_EDGE('',*,*,#3711,.F.);
#2788=ORIENTED_EDGE('',*,*,#3704,.F.);
#2789=ORIENTED_EDGE('',*,*,#3706,.F.);
#2790=ORIENTED_EDGE('',*,*,#3709,.F.);
#2791=ORIENTED_EDGE('',*,*,#3705,.F.);
#2792=ORIENTED_EDGE('',*,*,#3718,.F.);
#2793=ORIENTED_EDGE('',*,*,#3719,.F.);
#2794=ORIENTED_EDGE('',*,*,#3720,.F.);
#2795=ORIENTED_EDGE('',*,*,#3721,.F.);
#2796=ORIENTED_EDGE('',*,*,#3722,.F.);
#2797=ORIENTED_EDGE('',*,*,#3723,.F.);
#2798=ORIENTED_EDGE('',*,*,#3724,.F.);
#2799=ORIENTED_EDGE('',*,*,#3725,.F.);
#2800=ORIENTED_EDGE('',*,*,#3726,.F.);
#2801=ORIENTED_EDGE('',*,*,#3727,.F.);
#2802=ORIENTED_EDGE('',*,*,#3728,.F.);
#2803=ORIENTED_EDGE('',*,*,#3729,.F.);
#2804=ORIENTED_EDGE('',*,*,#3730,.F.);
#2805=ORIENTED_EDGE('',*,*,#3731,.F.);
#2806=ORIENTED_EDGE('',*,*,#3732,.F.);
#2807=ORIENTED_EDGE('',*,*,#3733,.F.);
#2808=ORIENTED_EDGE('',*,*,#3734,.F.);
#2809=ORIENTED_EDGE('',*,*,#3735,.F.);
#2810=ORIENTED_EDGE('',*,*,#3736,.F.);
#2811=ORIENTED_EDGE('',*,*,#3737,.F.);
#2812=ORIENTED_EDGE('',*,*,#3738,.T.);
#2813=ORIENTED_EDGE('',*,*,#3739,.T.);
#2814=ORIENTED_EDGE('',*,*,#3740,.T.);
#2815=ORIENTED_EDGE('',*,*,#3741,.T.);
#2816=ORIENTED_EDGE('',*,*,#3740,.F.);
#2817=ORIENTED_EDGE('',*,*,#3742,.T.);
#2818=ORIENTED_EDGE('',*,*,#3743,.T.);
#2819=ORIENTED_EDGE('',*,*,#3744,.T.);
#2820=ORIENTED_EDGE('',*,*,#3745,.F.);
#2821=ORIENTED_EDGE('',*,*,#3746,.T.);
#2822=ORIENTED_EDGE('',*,*,#3747,.T.);
#2823=ORIENTED_EDGE('',*,*,#3748,.T.);
#2824=ORIENTED_EDGE('',*,*,#3749,.T.);
#2825=ORIENTED_EDGE('',*,*,#3750,.T.);
#2826=ORIENTED_EDGE('',*,*,#3751,.T.);
#2827=ORIENTED_EDGE('',*,*,#3752,.T.);
#2828=ORIENTED_EDGE('',*,*,#3753,.T.);
#2829=ORIENTED_EDGE('',*,*,#3742,.F.);
#2830=ORIENTED_EDGE('',*,*,#3754,.F.);
#2831=ORIENTED_EDGE('',*,*,#3752,.F.);
#2832=ORIENTED_EDGE('',*,*,#3755,.T.);
#2833=ORIENTED_EDGE('',*,*,#3756,.T.);
#2834=ORIENTED_EDGE('',*,*,#3757,.T.);
#2835=ORIENTED_EDGE('',*,*,#3758,.T.);
#2836=ORIENTED_EDGE('',*,*,#3759,.T.);
#2837=ORIENTED_EDGE('',*,*,#3760,.T.);
#2838=ORIENTED_EDGE('',*,*,#3761,.T.);
#2839=ORIENTED_EDGE('',*,*,#3741,.F.);
#2840=ORIENTED_EDGE('',*,*,#3743,.F.);
#2841=ORIENTED_EDGE('',*,*,#3762,.F.);
#2842=ORIENTED_EDGE('',*,*,#3750,.F.);
#2843=ORIENTED_EDGE('',*,*,#3763,.F.);
#2844=ORIENTED_EDGE('',*,*,#3739,.F.);
#2845=ORIENTED_EDGE('',*,*,#3764,.F.);
#2846=ORIENTED_EDGE('',*,*,#3765,.F.);
#2847=ORIENTED_EDGE('',*,*,#3766,.F.);
#2848=ORIENTED_EDGE('',*,*,#3767,.F.);
#2849=ORIENTED_EDGE('',*,*,#3768,.F.);
#2850=ORIENTED_EDGE('',*,*,#3769,.F.);
#2851=ORIENTED_EDGE('',*,*,#3770,.F.);
#2852=ORIENTED_EDGE('',*,*,#3771,.F.);
#2853=ORIENTED_EDGE('',*,*,#3772,.F.);
#2854=ORIENTED_EDGE('',*,*,#3773,.T.);
#2855=ORIENTED_EDGE('',*,*,#3774,.T.);
#2856=ORIENTED_EDGE('',*,*,#3775,.T.);
#2857=ORIENTED_EDGE('',*,*,#3722,.T.);
#2858=ORIENTED_EDGE('',*,*,#3776,.F.);
#2859=ORIENTED_EDGE('',*,*,#3777,.T.);
#2860=ORIENTED_EDGE('',*,*,#3724,.T.);
#2861=ORIENTED_EDGE('',*,*,#3778,.T.);
#2862=ORIENTED_EDGE('',*,*,#3718,.T.);
#2863=ORIENTED_EDGE('',*,*,#3779,.T.);
#2864=ORIENTED_EDGE('',*,*,#3720,.T.);
#2865=ORIENTED_EDGE('',*,*,#3780,.T.);
#2866=ORIENTED_EDGE('',*,*,#3734,.T.);
#2867=ORIENTED_EDGE('',*,*,#3781,.T.);
#2868=ORIENTED_EDGE('',*,*,#3736,.T.);
#2869=ORIENTED_EDGE('',*,*,#3782,.T.);
#2870=ORIENTED_EDGE('',*,*,#3730,.T.);
#2871=ORIENTED_EDGE('',*,*,#3783,.T.);
#2872=ORIENTED_EDGE('',*,*,#3732,.T.);
#2873=ORIENTED_EDGE('',*,*,#3784,.T.);
#2874=ORIENTED_EDGE('',*,*,#3726,.T.);
#2875=ORIENTED_EDGE('',*,*,#3785,.T.);
#2876=ORIENTED_EDGE('',*,*,#3728,.T.);
#2877=ORIENTED_EDGE('',*,*,#3786,.T.);
#2878=ORIENTED_EDGE('',*,*,#3787,.T.);
#2879=ORIENTED_EDGE('',*,*,#3772,.T.);
#2880=ORIENTED_EDGE('',*,*,#3788,.T.);
#2881=ORIENTED_EDGE('',*,*,#3773,.F.);
#2882=ORIENTED_EDGE('',*,*,#3725,.T.);
#2883=ORIENTED_EDGE('',*,*,#3777,.F.);
#2884=ORIENTED_EDGE('',*,*,#3721,.T.);
#2885=ORIENTED_EDGE('',*,*,#3779,.F.);
#2886=ORIENTED_EDGE('',*,*,#3737,.T.);
#2887=ORIENTED_EDGE('',*,*,#3781,.F.);
#2888=ORIENTED_EDGE('',*,*,#3733,.T.);
#2889=ORIENTED_EDGE('',*,*,#3783,.F.);
#2890=ORIENTED_EDGE('',*,*,#3729,.T.);
#2891=ORIENTED_EDGE('',*,*,#3785,.F.);
#2892=ORIENTED_EDGE('',*,*,#3747,.F.);
#2893=ORIENTED_EDGE('',*,*,#3735,.T.);
#2894=ORIENTED_EDGE('',*,*,#3780,.F.);
#2895=ORIENTED_EDGE('',*,*,#3719,.T.);
#2896=ORIENTED_EDGE('',*,*,#3778,.F.);
#2897=ORIENTED_EDGE('',*,*,#3723,.T.);
#2898=ORIENTED_EDGE('',*,*,#3775,.F.);
#2899=ORIENTED_EDGE('',*,*,#3789,.T.);
#2900=ORIENTED_EDGE('',*,*,#3786,.F.);
#2901=ORIENTED_EDGE('',*,*,#3727,.T.);
#2902=ORIENTED_EDGE('',*,*,#3784,.F.);
#2903=ORIENTED_EDGE('',*,*,#3731,.T.);
#2904=ORIENTED_EDGE('',*,*,#3782,.F.);
#2905=ORIENTED_EDGE('',*,*,#3744,.F.);
#2906=ORIENTED_EDGE('',*,*,#3790,.T.);
#2907=ORIENTED_EDGE('',*,*,#3745,.T.);
#2908=ORIENTED_EDGE('',*,*,#3746,.F.);
#2909=ORIENTED_EDGE('',*,*,#3791,.T.);
#2910=ORIENTED_EDGE('',*,*,#3790,.F.);
#2911=ORIENTED_EDGE('',*,*,#3792,.T.);
#2912=ORIENTED_EDGE('',*,*,#3791,.F.);
#2913=ORIENTED_EDGE('',*,*,#3793,.T.);
#2914=ORIENTED_EDGE('',*,*,#3792,.F.);
#2915=ORIENTED_EDGE('',*,*,#3794,.T.);
#2916=ORIENTED_EDGE('',*,*,#3793,.F.);
#2917=ORIENTED_EDGE('',*,*,#3771,.T.);
#2918=ORIENTED_EDGE('',*,*,#3753,.F.);
#2919=ORIENTED_EDGE('',*,*,#3795,.T.);
#2920=ORIENTED_EDGE('',*,*,#3776,.T.);
#2921=ORIENTED_EDGE('',*,*,#3795,.F.);
#2922=ORIENTED_EDGE('',*,*,#3748,.F.);
#2923=ORIENTED_EDGE('',*,*,#3794,.F.);
#2924=ORIENTED_EDGE('',*,*,#3788,.F.);
#2925=ORIENTED_EDGE('',*,*,#3787,.F.);
#2926=ORIENTED_EDGE('',*,*,#3789,.F.);
#2927=ORIENTED_EDGE('',*,*,#3774,.F.);
#2928=ORIENTED_EDGE('',*,*,#3754,.T.);
#2929=ORIENTED_EDGE('',*,*,#3763,.T.);
#2930=ORIENTED_EDGE('',*,*,#3749,.F.);
#2931=ORIENTED_EDGE('',*,*,#3762,.T.);
#2932=ORIENTED_EDGE('',*,*,#3761,.F.);
#2933=ORIENTED_EDGE('',*,*,#3760,.F.);
#2934=ORIENTED_EDGE('',*,*,#3759,.F.);
#2935=ORIENTED_EDGE('',*,*,#3758,.F.);
#2936=ORIENTED_EDGE('',*,*,#3757,.F.);
#2937=ORIENTED_EDGE('',*,*,#3756,.F.);
#2938=ORIENTED_EDGE('',*,*,#3755,.F.);
#2939=ORIENTED_EDGE('',*,*,#3751,.F.);
#2940=ORIENTED_EDGE('',*,*,#3770,.T.);
#2941=ORIENTED_EDGE('',*,*,#3769,.T.);
#2942=ORIENTED_EDGE('',*,*,#3768,.T.);
#2943=ORIENTED_EDGE('',*,*,#3767,.T.);
#2944=ORIENTED_EDGE('',*,*,#3766,.T.);
#2945=ORIENTED_EDGE('',*,*,#3765,.T.);
#2946=ORIENTED_EDGE('',*,*,#3764,.T.);
#2947=ORIENTED_EDGE('',*,*,#3738,.F.);
#2948=EDGE_CURVE('',#3796,#3796,#4385,.F.);
#2949=EDGE_CURVE('',#3797,#3797,#4386,.T.);
#2950=EDGE_CURVE('',#3798,#3798,#4387,.T.);
#2951=EDGE_CURVE('',#3799,#3799,#4388,.T.);
#2952=EDGE_CURVE('',#3800,#3800,#4389,.F.);
#2953=EDGE_CURVE('',#3801,#3802,#373,.T.);
#2954=EDGE_CURVE('',#3803,#3801,#374,.T.);
#2955=EDGE_CURVE('',#3804,#3803,#375,.T.);
#2956=EDGE_CURVE('',#3805,#3804,#376,.T.);
#2957=EDGE_CURVE('',#3806,#3805,#377,.T.);
#2958=EDGE_CURVE('',#3802,#3806,#378,.T.);
#2959=EDGE_CURVE('',#3807,#3807,#4390,.F.);
#2960=EDGE_CURVE('',#3808,#3808,#4391,.T.);
#2961=EDGE_CURVE('',#3809,#3801,#379,.T.);
#2962=EDGE_CURVE('',#3810,#3809,#380,.T.);
#2963=EDGE_CURVE('',#3810,#3803,#381,.T.);
#2964=EDGE_CURVE('',#3811,#3802,#382,.T.);
#2965=EDGE_CURVE('',#3809,#3811,#383,.T.);
#2966=EDGE_CURVE('',#3812,#3806,#384,.T.);
#2967=EDGE_CURVE('',#3811,#3812,#385,.T.);
#2968=EDGE_CURVE('',#3813,#3805,#386,.T.);
#2969=EDGE_CURVE('',#3812,#3813,#387,.T.);
#2970=EDGE_CURVE('',#3814,#3804,#388,.T.);
#2971=EDGE_CURVE('',#3813,#3814,#389,.T.);
#2972=EDGE_CURVE('',#3814,#3810,#390,.T.);
#2973=EDGE_CURVE('',#3815,#3815,#4392,.F.);
#2974=EDGE_CURVE('',#3816,#3816,#99,.T.);
#2975=EDGE_CURVE('',#3817,#3817,#4393,.T.);
#2976=EDGE_CURVE('',#3818,#3818,#100,.T.);
#2977=EDGE_CURVE('',#3819,#3819,#4394,.T.);
#2978=EDGE_CURVE('',#3820,#3820,#4395,.T.);
#2979=EDGE_CURVE('',#3821,#3822,#101,.T.);
#2980=EDGE_CURVE('',#3822,#3823,#391,.T.);
#2981=EDGE_CURVE('',#3823,#3824,#102,.T.);
#2982=EDGE_CURVE('',#3824,#3825,#392,.T.);
#2983=EDGE_CURVE('',#3825,#3826,#393,.T.);
#2984=EDGE_CURVE('',#3826,#3827,#103,.T.);
#2985=EDGE_CURVE('',#3828,#3827,#394,.T.);
#2986=EDGE_CURVE('',#3828,#3821,#395,.T.);
#2987=EDGE_CURVE('',#3829,#3829,#4396,.F.);
#2988=EDGE_CURVE('',#3830,#3830,#4397,.F.);
#2989=EDGE_CURVE('',#3831,#3832,#104,.T.);
#2990=EDGE_CURVE('',#3832,#3833,#396,.T.);
#2991=EDGE_CURVE('',#3833,#3834,#105,.T.);
#2992=EDGE_CURVE('',#3835,#3834,#397,.T.);
#2993=EDGE_CURVE('',#3835,#3836,#398,.T.);
#2994=EDGE_CURVE('',#3837,#3836,#106,.T.);
#2995=EDGE_CURVE('',#3838,#3837,#399,.T.);
#2996=EDGE_CURVE('',#3831,#3838,#400,.T.);
#2997=EDGE_CURVE('',#3836,#3839,#107,.T.);
#2998=EDGE_CURVE('',#3840,#3835,#4398,.T.);
#2999=EDGE_CURVE('',#3840,#3839,#401,.T.);
#3000=EDGE_CURVE('',#3837,#3839,#402,.F.);
#3001=EDGE_CURVE('',#3840,#3838,#403,.T.);
#3002=EDGE_CURVE('',#3841,#3827,#108,.T.);
#3003=EDGE_CURVE('',#3842,#3841,#404,.T.);
#3004=EDGE_CURVE('',#3828,#3842,#4399,.T.);
#3005=EDGE_CURVE('',#3841,#3826,#405,.F.);
#3006=EDGE_CURVE('',#3825,#3842,#406,.T.);
#3007=EDGE_CURVE('',#3843,#3844,#109,.T.);
#3008=EDGE_CURVE('',#3844,#3845,#407,.T.);
#3009=EDGE_CURVE('',#3845,#3846,#110,.T.);
#3010=EDGE_CURVE('',#3846,#3843,#408,.T.);
#3011=EDGE_CURVE('',#3847,#3848,#111,.T.);
#3012=EDGE_CURVE('',#3848,#3849,#409,.T.);
#3013=EDGE_CURVE('',#3849,#3850,#112,.T.);
#3014=EDGE_CURVE('',#3847,#3850,#410,.T.);
#3015=EDGE_CURVE('',#3851,#3851,#4400,.T.);
#3016=EDGE_CURVE('',#3852,#3852,#4401,.T.);
#3017=EDGE_CURVE('',#3853,#3853,#4402,.T.);
#3018=EDGE_CURVE('',#3854,#3854,#4403,.T.);
#3019=EDGE_CURVE('',#3855,#3855,#4404,.T.);
#3020=EDGE_CURVE('',#3856,#3856,#4405,.T.);
#3021=EDGE_CURVE('',#3857,#3858,#113,.T.);
#3022=EDGE_CURVE('',#3858,#3859,#411,.T.);
#3023=EDGE_CURVE('',#3859,#3860,#114,.T.);
#3024=EDGE_CURVE('',#3860,#3861,#412,.T.);
#3025=EDGE_CURVE('',#3861,#3862,#115,.T.);
#3026=EDGE_CURVE('',#3862,#3863,#413,.T.);
#3027=EDGE_CURVE('',#3863,#3864,#116,.T.);
#3028=EDGE_CURVE('',#3864,#3857,#414,.T.);
#3029=EDGE_CURVE('',#3865,#3865,#4406,.F.);
#3030=EDGE_CURVE('',#3866,#3867,#4407,.T.);
#3031=EDGE_CURVE('',#3867,#3868,#4408,.T.);
#3032=EDGE_CURVE('',#3868,#3869,#4409,.T.);
#3033=EDGE_CURVE('',#3869,#3866,#4410,.T.);
#3034=EDGE_CURVE('',#3870,#3871,#4411,.F.);
#3035=EDGE_CURVE('',#3871,#3872,#4412,.F.);
#3036=EDGE_CURVE('',#3872,#3873,#4413,.F.);
#3037=EDGE_CURVE('',#3873,#3870,#4414,.F.);
#3038=EDGE_CURVE('',#3824,#3847,#117,.T.);
#3039=EDGE_CURVE('',#3850,#3831,#118,.T.);
#3040=EDGE_CURVE('',#3834,#3843,#119,.T.);
#3041=EDGE_CURVE('',#3846,#3821,#120,.T.);
#3042=EDGE_CURVE('',#3833,#3844,#121,.T.);
#3043=EDGE_CURVE('',#3849,#3832,#122,.T.);
#3044=EDGE_CURVE('',#3845,#3822,#123,.T.);
#3045=EDGE_CURVE('',#3823,#3848,#124,.T.);
#3046=EDGE_CURVE('',#3875,#3875,#4415,.T.);
#3047=EDGE_CURVE('',#3876,#3876,#4416,.T.);
#3048=EDGE_CURVE('',#3879,#3879,#4417,.T.);
#3049=EDGE_CURVE('',#3881,#3881,#4418,.T.);
#3050=EDGE_CURVE('',#3849,#3862,#125,.F.);
#3051=EDGE_CURVE('',#3863,#3848,#126,.F.);
#3052=EDGE_CURVE('',#3864,#3823,#127,.T.);
#3053=EDGE_CURVE('',#3832,#3861,#128,.T.);
#3054=EDGE_CURVE('',#3857,#3822,#129,.F.);
#3055=EDGE_CURVE('',#3833,#3860,#130,.F.);
#3056=EDGE_CURVE('',#3858,#3845,#131,.T.);
#3057=EDGE_CURVE('',#3844,#3859,#132,.T.);
#3058=EDGE_CURVE('',#3870,#3869,#415,.T.);
#3059=EDGE_CURVE('',#3866,#3873,#416,.T.);
#3060=EDGE_CURVE('',#3867,#3872,#417,.T.);
#3061=EDGE_CURVE('',#3871,#3868,#418,.T.);
#3062=EDGE_CURVE('',#3882,#3882,#4419,.F.);
#3063=EDGE_CURVE('',#3883,#3883,#4420,.T.);
#3064=EDGE_CURVE('',#3884,#3884,#4421,.T.);
#3065=EDGE_CURVE('',#3885,#3885,#4422,.T.);
#3066=EDGE_CURVE('',#3886,#3886,#4423,.T.);
#3067=EDGE_CURVE('',#3887,#3887,#4424,.F.);
#3068=EDGE_CURVE('',#3888,#3888,#4425,.T.);
#3069=EDGE_CURVE('',#3889,#3889,#4426,.T.);
#3070=EDGE_CURVE('',#3890,#3890,#4427,.T.);
#3071=EDGE_CURVE('',#3891,#3891,#4428,.F.);
#3072=EDGE_CURVE('',#3892,#3892,#4429,.F.);
#3073=EDGE_CURVE('',#3893,#3893,#4430,.T.);
#3074=EDGE_CURVE('',#3894,#3894,#4431,.F.);
#3075=EDGE_CURVE('',#3895,#3895,#4432,.T.);
#3076=EDGE_CURVE('',#3896,#3896,#4433,.T.);
#3077=EDGE_CURVE('',#3897,#3897,#4434,.F.);
#3078=EDGE_CURVE('',#3898,#3899,#4435,.T.);
#3079=EDGE_CURVE('',#3899,#3900,#419,.T.);
#3080=EDGE_CURVE('',#3900,#3901,#4436,.F.);
#3081=EDGE_CURVE('',#3898,#3901,#420,.T.);
#3082=EDGE_CURVE('',#3902,#3903,#421,.T.);
#3083=EDGE_CURVE('',#3902,#3904,#4437,.F.);
#3084=EDGE_CURVE('',#3905,#3904,#422,.T.);
#3085=EDGE_CURVE('',#3905,#3903,#4438,.T.);
#3086=EDGE_CURVE('',#3906,#3907,#4439,.T.);
#3087=EDGE_CURVE('',#3907,#3908,#423,.T.);
#3088=EDGE_CURVE('',#3908,#3909,#4440,.F.);
#3089=EDGE_CURVE('',#3909,#3906,#424,.T.);
#3090=EDGE_CURVE('',#3910,#3911,#425,.T.);
#3091=EDGE_CURVE('',#3910,#3912,#4441,.T.);
#3092=EDGE_CURVE('',#3912,#3913,#426,.T.);
#3093=EDGE_CURVE('',#3913,#3911,#4442,.F.);
#3094=EDGE_CURVE('',#3914,#3915,#4443,.T.);
#3095=EDGE_CURVE('',#3915,#3916,#427,.T.);
#3096=EDGE_CURVE('',#3916,#3917,#4444,.F.);
#3097=EDGE_CURVE('',#3914,#3917,#428,.T.);
#3098=EDGE_CURVE('',#3918,#3919,#4445,.T.);
#3099=EDGE_CURVE('',#3919,#3920,#429,.T.);
#3100=EDGE_CURVE('',#3921,#3920,#4446,.T.);
#3101=EDGE_CURVE('',#3918,#3921,#430,.T.);
#3102=EDGE_CURVE('',#3922,#3923,#4447,.T.);
#3103=EDGE_CURVE('',#3923,#3924,#431,.T.);
#3104=EDGE_CURVE('',#3925,#3924,#4448,.T.);
#3105=EDGE_CURVE('',#3922,#3925,#432,.T.);
#3106=EDGE_CURVE('',#3926,#3927,#4449,.T.);
#3107=EDGE_CURVE('',#3927,#3928,#433,.T.);
#3108=EDGE_CURVE('',#3928,#3929,#4450,.T.);
#3109=EDGE_CURVE('',#3930,#3929,#434,.T.);
#3110=EDGE_CURVE('',#3930,#3931,#4451,.T.);
#3111=EDGE_CURVE('',#3931,#3932,#435,.T.);
#3112=EDGE_CURVE('',#3932,#3933,#4452,.T.);
#3113=EDGE_CURVE('',#3934,#3933,#436,.T.);
#3114=EDGE_CURVE('',#3934,#3935,#4453,.T.);
#3115=EDGE_CURVE('',#3935,#3936,#437,.T.);
#3116=EDGE_CURVE('',#3936,#3937,#4454,.T.);
#3117=EDGE_CURVE('',#3926,#3937,#438,.T.);
#3118=EDGE_CURVE('',#3938,#3939,#4455,.T.);
#3119=EDGE_CURVE('',#3938,#3919,#439,.T.);
#3120=EDGE_CURVE('',#3940,#3918,#440,.T.);
#3121=EDGE_CURVE('',#3941,#3940,#4456,.T.);
#3122=EDGE_CURVE('',#3941,#3923,#441,.T.);
#3123=EDGE_CURVE('',#3942,#3922,#442,.T.);
#3124=EDGE_CURVE('',#3943,#3942,#4457,.T.);
#3125=EDGE_CURVE('',#3943,#3944,#443,.T.);
#3126=EDGE_CURVE('',#3945,#3944,#4458,.T.);
#3127=EDGE_CURVE('',#3939,#3945,#444,.T.);
#3128=EDGE_CURVE('',#3946,#3947,#4459,.T.);
#3129=EDGE_CURVE('',#3947,#3948,#445,.T.);
#3130=EDGE_CURVE('',#3948,#3949,#4460,.T.);
#3131=EDGE_CURVE('',#3950,#3949,#446,.T.);
#3132=EDGE_CURVE('',#3950,#3951,#4461,.T.);
#3133=EDGE_CURVE('',#3951,#3952,#447,.T.);
#3134=EDGE_CURVE('',#3952,#3953,#4462,.T.);
#3135=EDGE_CURVE('',#3954,#3953,#448,.T.);
#3136=EDGE_CURVE('',#3954,#3955,#4463,.T.);
#3137=EDGE_CURVE('',#3955,#3956,#449,.T.);
#3138=EDGE_CURVE('',#3956,#3957,#4464,.T.);
#3139=EDGE_CURVE('',#3946,#3957,#450,.T.);
#3140=EDGE_CURVE('',#3958,#3959,#4465,.T.);
#3141=EDGE_CURVE('',#3958,#3907,#451,.T.);
#3142=EDGE_CURVE('',#3960,#3906,#452,.T.);
#3143=EDGE_CURVE('',#3961,#3960,#4466,.T.);
#3144=EDGE_CURVE('',#3961,#3915,#453,.T.);
#3145=EDGE_CURVE('',#3962,#3914,#454,.T.);
#3146=EDGE_CURVE('',#3963,#3962,#4467,.T.);
#3147=EDGE_CURVE('',#3963,#3912,#455,.T.);
#3148=EDGE_CURVE('',#3959,#3910,#456,.T.);
#3149=EDGE_CURVE('',#3964,#3965,#4468,.T.);
#3150=EDGE_CURVE('',#3965,#3966,#457,.T.);
#3151=EDGE_CURVE('',#3966,#3967,#4469,.T.);
#3152=EDGE_CURVE('',#3968,#3967,#458,.T.);
#3153=EDGE_CURVE('',#3968,#3969,#4470,.T.);
#3154=EDGE_CURVE('',#3969,#3970,#459,.T.);
#3155=EDGE_CURVE('',#3970,#3971,#4471,.T.);
#3156=EDGE_CURVE('',#3972,#3971,#460,.T.);
#3157=EDGE_CURVE('',#3972,#3973,#4472,.T.);
#3158=EDGE_CURVE('',#3973,#3974,#461,.T.);
#3159=EDGE_CURVE('',#3974,#3975,#4473,.T.);
#3160=EDGE_CURVE('',#3964,#3975,#462,.T.);
#3161=EDGE_CURVE('',#3976,#3977,#4474,.T.);
#3162=EDGE_CURVE('',#3976,#3899,#463,.T.);
#3163=EDGE_CURVE('',#3978,#3898,#464,.T.);
#3164=EDGE_CURVE('',#3979,#3978,#4475,.T.);
#3165=EDGE_CURVE('',#3979,#3903,#465,.T.);
#3166=EDGE_CURVE('',#3980,#3905,#466,.T.);
#3167=EDGE_CURVE('',#3981,#3980,#4476,.T.);
#3168=EDGE_CURVE('',#3981,#3982,#467,.T.);
#3169=EDGE_CURVE('',#3983,#3982,#4477,.T.);
#3170=EDGE_CURVE('',#3977,#3983,#468,.T.);
#3171=EDGE_CURVE('',#3984,#3985,#4478,.F.);
#3172=EDGE_CURVE('',#3985,#3986,#469,.T.);
#3173=EDGE_CURVE('',#3987,#3986,#4479,.F.);
#3174=EDGE_CURVE('',#3984,#3987,#470,.T.);
#3175=EDGE_CURVE('',#3988,#3902,#471,.T.);
#3176=EDGE_CURVE('',#3988,#3989,#4480,.F.);
#3177=EDGE_CURVE('',#3989,#3904,#472,.T.);
#3178=EDGE_CURVE('',#3990,#3991,#4481,.F.);
#3179=EDGE_CURVE('',#3991,#3911,#473,.T.);
#3180=EDGE_CURVE('',#3990,#3913,#474,.T.);
#3181=EDGE_CURVE('',#3992,#3916,#475,.T.);
#3182=EDGE_CURVE('',#3992,#3993,#4482,.F.);
#3183=EDGE_CURVE('',#3993,#3917,#476,.T.);
#3184=EDGE_CURVE('',#3994,#3995,#4483,.F.);
#3185=EDGE_CURVE('',#3995,#3996,#477,.T.);
#3186=EDGE_CURVE('',#3996,#3997,#4484,.T.);
#3187=EDGE_CURVE('',#3994,#3997,#478,.T.);
#3188=EDGE_CURVE('',#3998,#3920,#479,.T.);
#3189=EDGE_CURVE('',#3998,#3999,#4485,.F.);
#3190=EDGE_CURVE('',#3999,#3921,#480,.T.);
#3191=EDGE_CURVE('',#4000,#3924,#481,.T.);
#3192=EDGE_CURVE('',#4000,#4001,#4486,.F.);
#3193=EDGE_CURVE('',#4001,#3925,#482,.T.);
#3194=EDGE_CURVE('',#3975,#4002,#483,.T.);
#3195=EDGE_CURVE('',#4003,#3974,#484,.T.);
#3196=EDGE_CURVE('',#4002,#4003,#4487,.F.);
#3197=EDGE_CURVE('',#3971,#4004,#485,.T.);
#3198=EDGE_CURVE('',#3970,#4005,#486,.T.);
#3199=EDGE_CURVE('',#4004,#4005,#4488,.F.);
#3200=EDGE_CURVE('',#3966,#4006,#487,.T.);
#3201=EDGE_CURVE('',#4007,#4006,#4489,.F.);
#3202=EDGE_CURVE('',#3967,#4007,#488,.T.);
#3203=EDGE_CURVE('',#3957,#4008,#489,.T.);
#3204=EDGE_CURVE('',#3956,#4009,#490,.T.);
#3205=EDGE_CURVE('',#4008,#4009,#4490,.F.);
#3206=EDGE_CURVE('',#3953,#4010,#491,.T.);
#3207=EDGE_CURVE('',#3952,#4011,#492,.T.);
#3208=EDGE_CURVE('',#4010,#4011,#4491,.F.);
#3209=EDGE_CURVE('',#3937,#4012,#493,.T.);
#3210=EDGE_CURVE('',#3936,#4013,#494,.T.);
#3211=EDGE_CURVE('',#4013,#4012,#4492,.T.);
#3212=EDGE_CURVE('',#4014,#3928,#495,.T.);
#3213=EDGE_CURVE('',#4014,#4015,#4493,.T.);
#3214=EDGE_CURVE('',#3929,#4015,#496,.T.);
#3215=EDGE_CURVE('',#4016,#3900,#497,.T.);
#3216=EDGE_CURVE('',#4016,#4017,#4494,.T.);
#3217=EDGE_CURVE('',#4018,#4017,#498,.F.);
#3218=EDGE_CURVE('',#4018,#4019,#4495,.T.);
#3219=EDGE_CURVE('',#4019,#4007,#499,.T.);
#3220=EDGE_CURVE('',#4020,#4006,#500,.T.);
#3221=EDGE_CURVE('',#4021,#4020,#4496,.T.);
#3222=EDGE_CURVE('',#4022,#4021,#501,.T.);
#3223=EDGE_CURVE('',#4022,#4023,#4497,.F.);
#3224=EDGE_CURVE('',#4023,#3901,#502,.T.);
#3225=EDGE_CURVE('',#4024,#4025,#4498,.T.);
#3226=EDGE_CURVE('',#4025,#4002,#503,.T.);
#3227=EDGE_CURVE('',#4024,#4003,#504,.T.);
#3228=EDGE_CURVE('',#4026,#4027,#505,.T.);
#3229=EDGE_CURVE('',#4026,#4028,#4499,.T.);
#3230=EDGE_CURVE('',#4028,#4029,#506,.T.);
#3231=EDGE_CURVE('',#4029,#4027,#4500,.F.);
#3232=EDGE_CURVE('',#4030,#4031,#4501,.T.);
#3233=EDGE_CURVE('',#4031,#4008,#507,.T.);
#3234=EDGE_CURVE('',#4030,#4009,#508,.T.);
#3235=EDGE_CURVE('',#4032,#4014,#509,.T.);
#3236=EDGE_CURVE('',#4032,#4033,#4502,.T.);
#3237=EDGE_CURVE('',#4033,#4015,#510,.T.);
#3238=EDGE_CURVE('',#4034,#4035,#511,.T.);
#3239=EDGE_CURVE('',#4034,#4036,#4503,.T.);
#3240=EDGE_CURVE('',#4036,#4037,#512,.T.);
#3241=EDGE_CURVE('',#4035,#4037,#4504,.T.);
#3242=EDGE_CURVE('',#4038,#4039,#513,.T.);
#3243=EDGE_CURVE('',#4040,#4038,#4505,.T.);
#3244=EDGE_CURVE('',#4041,#4040,#514,.T.);
#3245=EDGE_CURVE('',#4042,#4041,#4506,.T.);
#3246=EDGE_CURVE('',#4043,#4042,#515,.T.);
#3247=EDGE_CURVE('',#4039,#4043,#4507,.T.);
#3248=EDGE_CURVE('',#4044,#4045,#4508,.F.);
#3249=EDGE_CURVE('',#4044,#4046,#4509,.T.);
#3250=EDGE_CURVE('',#4047,#4046,#4510,.F.);
#3251=EDGE_CURVE('',#4047,#4048,#516,.T.);
#3252=EDGE_CURVE('',#4049,#4048,#4511,.F.);
#3253=EDGE_CURVE('',#4049,#4050,#4512,.T.);
#3254=EDGE_CURVE('',#4051,#4050,#4513,.F.);
#3255=EDGE_CURVE('',#4051,#4052,#517,.T.);
#3256=EDGE_CURVE('',#4053,#4052,#4514,.F.);
#3257=EDGE_CURVE('',#4053,#4054,#4515,.T.);
#3258=EDGE_CURVE('',#4055,#4054,#4516,.F.);
#3259=EDGE_CURVE('',#4055,#4045,#518,.T.);
#3260=EDGE_CURVE('',#4056,#4057,#519,.T.);
#3261=EDGE_CURVE('',#4057,#4058,#4517,.T.);
#3262=EDGE_CURVE('',#4058,#4059,#520,.T.);
#3263=EDGE_CURVE('',#4059,#4060,#4518,.T.);
#3264=EDGE_CURVE('',#4060,#4061,#521,.T.);
#3265=EDGE_CURVE('',#4061,#4056,#4519,.T.);
#3266=EDGE_CURVE('',#4062,#4063,#4520,.T.);
#3267=EDGE_CURVE('',#4062,#4064,#4521,.F.);
#3268=EDGE_CURVE('',#4065,#4064,#4522,.T.);
#3269=EDGE_CURVE('',#4066,#4065,#522,.T.);
#3270=EDGE_CURVE('',#4067,#4066,#4523,.T.);
#3271=EDGE_CURVE('',#4067,#4068,#4524,.F.);
#3272=EDGE_CURVE('',#4069,#4068,#4525,.T.);
#3273=EDGE_CURVE('',#4070,#4069,#523,.T.);
#3274=EDGE_CURVE('',#4071,#4070,#4526,.T.);
#3275=EDGE_CURVE('',#4071,#4072,#4527,.F.);
#3276=EDGE_CURVE('',#4073,#4072,#4528,.T.);
#3277=EDGE_CURVE('',#4063,#4073,#524,.T.);
#3278=EDGE_CURVE('',#4074,#4075,#4529,.T.);
#3279=EDGE_CURVE('',#4074,#4076,#525,.T.);
#3280=EDGE_CURVE('',#4077,#4076,#4530,.T.);
#3281=EDGE_CURVE('',#4077,#4078,#526,.T.);
#3282=EDGE_CURVE('',#4079,#4078,#4531,.T.);
#3283=EDGE_CURVE('',#4079,#4075,#527,.T.);
#3284=EDGE_CURVE('',#4080,#4081,#528,.T.);
#3285=EDGE_CURVE('',#4082,#4080,#4532,.T.);
#3286=EDGE_CURVE('',#4083,#4082,#529,.T.);
#3287=EDGE_CURVE('',#4084,#4083,#4533,.T.);
#3288=EDGE_CURVE('',#4085,#4084,#530,.T.);
#3289=EDGE_CURVE('',#4081,#4085,#4534,.T.);
#3290=EDGE_CURVE('',#4086,#4087,#4535,.T.);
#3291=EDGE_CURVE('',#4086,#4088,#4536,.F.);
#3292=EDGE_CURVE('',#4089,#4088,#4537,.T.);
#3293=EDGE_CURVE('',#4089,#4090,#531,.T.);
#3294=EDGE_CURVE('',#4091,#4090,#4538,.T.);
#3295=EDGE_CURVE('',#4091,#4092,#4539,.F.);
#3296=EDGE_CURVE('',#4093,#4092,#532,.T.);
#3297=EDGE_CURVE('',#4094,#4093,#4540,.T.);
#3298=EDGE_CURVE('',#4095,#4094,#533,.T.);
#3299=EDGE_CURVE('',#4096,#4095,#4541,.T.);
#3300=EDGE_CURVE('',#4097,#4096,#534,.T.);
#3301=EDGE_CURVE('',#4097,#4098,#4542,.F.);
#3302=EDGE_CURVE('',#4099,#4098,#4543,.T.);
#3303=EDGE_CURVE('',#4099,#4100,#535,.T.);
#3304=EDGE_CURVE('',#4101,#4100,#4544,.T.);
#3305=EDGE_CURVE('',#4101,#4102,#4545,.F.);
#3306=EDGE_CURVE('',#4103,#4102,#536,.T.);
#3307=EDGE_CURVE('',#4104,#4103,#4546,.T.);
#3308=EDGE_CURVE('',#4105,#4104,#537,.T.);
#3309=EDGE_CURVE('',#4106,#4105,#4547,.T.);
#3310=EDGE_CURVE('',#4107,#4106,#538,.T.);
#3311=EDGE_CURVE('',#4107,#4108,#4548,.F.);
#3312=EDGE_CURVE('',#4109,#4108,#4549,.T.);
#3313=EDGE_CURVE('',#4109,#4087,#539,.T.);
#3314=EDGE_CURVE('',#4110,#4111,#4550,.F.);
#3315=EDGE_CURVE('',#4110,#4112,#4551,.T.);
#3316=EDGE_CURVE('',#4113,#4112,#4552,.F.);
#3317=EDGE_CURVE('',#4114,#4113,#540,.T.);
#3318=EDGE_CURVE('',#4115,#4114,#4553,.F.);
#3319=EDGE_CURVE('',#4115,#4116,#4554,.T.);
#3320=EDGE_CURVE('',#4116,#4117,#541,.T.);
#3321=EDGE_CURVE('',#4118,#4117,#4555,.F.);
#3322=EDGE_CURVE('',#4118,#4119,#542,.T.);
#3323=EDGE_CURVE('',#4120,#4119,#4556,.F.);
#3324=EDGE_CURVE('',#4120,#4121,#543,.T.);
#3325=EDGE_CURVE('',#4121,#4122,#4557,.T.);
#3326=EDGE_CURVE('',#4123,#4122,#4558,.F.);
#3327=EDGE_CURVE('',#4124,#4123,#544,.T.);
#3328=EDGE_CURVE('',#4125,#4124,#4559,.F.);
#3329=EDGE_CURVE('',#4125,#4126,#4560,.T.);
#3330=EDGE_CURVE('',#4126,#4127,#545,.T.);
#3331=EDGE_CURVE('',#4128,#4127,#4561,.F.);
#3332=EDGE_CURVE('',#4128,#4129,#546,.T.);
#3333=EDGE_CURVE('',#4130,#4129,#4562,.F.);
#3334=EDGE_CURVE('',#4130,#4131,#547,.T.);
#3335=EDGE_CURVE('',#4131,#4132,#4563,.T.);
#3336=EDGE_CURVE('',#4133,#4132,#4564,.F.);
#3337=EDGE_CURVE('',#4111,#4133,#548,.T.);
#3338=EDGE_CURVE('',#4134,#4135,#549,.T.);
#3339=EDGE_CURVE('',#4136,#4134,#4565,.F.);
#3340=EDGE_CURVE('',#4137,#4136,#550,.T.);
#3341=EDGE_CURVE('',#4138,#4137,#4566,.F.);
#3342=EDGE_CURVE('',#4139,#4138,#551,.T.);
#3343=EDGE_CURVE('',#4135,#4139,#4567,.F.);
#3344=EDGE_CURVE('',#4140,#4141,#552,.T.);
#3345=EDGE_CURVE('',#4142,#4141,#4568,.F.);
#3346=EDGE_CURVE('',#4142,#4143,#553,.T.);
#3347=EDGE_CURVE('',#4144,#4143,#4569,.F.);
#3348=EDGE_CURVE('',#4144,#4145,#554,.T.);
#3349=EDGE_CURVE('',#4140,#4145,#4570,.F.);
#3350=EDGE_CURVE('',#4057,#4039,#555,.T.);
#3351=EDGE_CURVE('',#4056,#4038,#556,.T.);
#3352=EDGE_CURVE('',#4058,#4043,#557,.T.);
#3353=EDGE_CURVE('',#4059,#4042,#558,.T.);
#3354=EDGE_CURVE('',#4060,#4041,#559,.T.);
#3355=EDGE_CURVE('',#4061,#4040,#560,.T.);
#3356=EDGE_CURVE('',#4146,#4147,#561,.F.);
#3357=EDGE_CURVE('',#4146,#4107,#133,.T.);
#3358=EDGE_CURVE('',#4117,#4106,#562,.F.);
#3359=EDGE_CURVE('',#4116,#4147,#134,.T.);
#3360=EDGE_CURVE('',#4148,#4149,#4571,.T.);
#3361=EDGE_CURVE('',#4149,#4004,#563,.T.);
#3362=EDGE_CURVE('',#4148,#4005,#564,.T.);
#3363=EDGE_CURVE('',#4103,#4120,#565,.T.);
#3364=EDGE_CURVE('',#4102,#4150,#135,.T.);
#3365=EDGE_CURVE('',#4151,#4150,#566,.T.);
#3366=EDGE_CURVE('',#4151,#4121,#136,.T.);
#3367=EDGE_CURVE('',#4105,#4118,#567,.T.);
#3368=EDGE_CURVE('',#4119,#4104,#568,.F.);
#3369=EDGE_CURVE('',#4017,#4151,#137,.T.);
#3370=EDGE_CURVE('',#4150,#4018,#138,.T.);
#3371=EDGE_CURVE('',#4147,#4022,#139,.T.);
#3372=EDGE_CURVE('',#4021,#4146,#140,.T.);
#3373=EDGE_CURVE('',#4137,#4074,#569,.F.);
#3374=EDGE_CURVE('',#4076,#4136,#570,.T.);
#3375=EDGE_CURVE('',#4078,#4135,#571,.T.);
#3376=EDGE_CURVE('',#4134,#4077,#572,.F.);
#3377=EDGE_CURVE('',#4139,#4079,#573,.F.);
#3378=EDGE_CURVE('',#4075,#4138,#574,.T.);
#3379=EDGE_CURVE('',#4152,#4153,#575,.F.);
#3380=EDGE_CURVE('',#4152,#4097,#141,.T.);
#3381=EDGE_CURVE('',#4127,#4096,#576,.F.);
#3382=EDGE_CURVE('',#4126,#4153,#142,.T.);
#3383=EDGE_CURVE('',#4154,#3908,#577,.T.);
#3384=EDGE_CURVE('',#4154,#4155,#4572,.T.);
#3385=EDGE_CURVE('',#4156,#4155,#578,.F.);
#3386=EDGE_CURVE('',#4156,#4157,#4573,.T.);
#3387=EDGE_CURVE('',#4157,#4010,#579,.T.);
#3388=EDGE_CURVE('',#4158,#4011,#580,.T.);
#3389=EDGE_CURVE('',#4159,#4158,#4574,.T.);
#3390=EDGE_CURVE('',#4160,#4159,#581,.T.);
#3391=EDGE_CURVE('',#4160,#4161,#4575,.F.);
#3392=EDGE_CURVE('',#4161,#3909,#582,.T.);
#3393=EDGE_CURVE('',#4093,#4130,#583,.T.);
#3394=EDGE_CURVE('',#4092,#4162,#143,.T.);
#3395=EDGE_CURVE('',#4163,#4162,#584,.T.);
#3396=EDGE_CURVE('',#4163,#4131,#144,.T.);
#3397=EDGE_CURVE('',#4095,#4128,#585,.T.);
#3398=EDGE_CURVE('',#4129,#4094,#586,.F.);
#3399=EDGE_CURVE('',#4153,#4160,#145,.T.);
#3400=EDGE_CURVE('',#4159,#4152,#146,.T.);
#3401=EDGE_CURVE('',#4155,#4163,#147,.T.);
#3402=EDGE_CURVE('',#4162,#4156,#148,.T.);
#3403=EDGE_CURVE('',#4143,#4081,#587,.F.);
#3404=EDGE_CURVE('',#4080,#4142,#588,.F.);
#3405=EDGE_CURVE('',#4083,#4140,#589,.T.);
#3406=EDGE_CURVE('',#4141,#4082,#590,.T.);
#3407=EDGE_CURVE('',#4145,#4084,#591,.F.);
#3408=EDGE_CURVE('',#4085,#4144,#592,.T.);
#3409=EDGE_CURVE('',#4164,#4165,#593,.F.);
#3410=EDGE_CURVE('',#4164,#4166,#4576,.T.);
#3411=EDGE_CURVE('',#4167,#4166,#594,.T.);
#3412=EDGE_CURVE('',#4167,#4165,#4577,.T.);
#3413=EDGE_CURVE('',#4168,#4169,#595,.T.);
#3414=EDGE_CURVE('',#4168,#4170,#4578,.T.);
#3415=EDGE_CURVE('',#4171,#4170,#596,.F.);
#3416=EDGE_CURVE('',#4171,#4169,#4579,.T.);
#3417=EDGE_CURVE('',#4114,#4109,#597,.F.);
#3418=EDGE_CURVE('',#4087,#4113,#598,.T.);
#3419=EDGE_CURVE('',#4066,#4055,#599,.F.);
#3420=EDGE_CURVE('',#4045,#4065,#600,.T.);
#3421=EDGE_CURVE('',#4064,#4164,#149,.T.);
#3422=EDGE_CURVE('',#4165,#4044,#150,.T.);
#3423=EDGE_CURVE('',#4169,#4067,#151,.T.);
#3424=EDGE_CURVE('',#4054,#4168,#152,.T.);
#3425=EDGE_CURVE('',#4112,#4167,#153,.T.);
#3426=EDGE_CURVE('',#4166,#4086,#154,.T.);
#3427=EDGE_CURVE('',#4170,#4115,#155,.T.);
#3428=EDGE_CURVE('',#4108,#4171,#156,.T.);
#3429=EDGE_CURVE('',#4172,#4173,#601,.T.);
#3430=EDGE_CURVE('',#4172,#4174,#4580,.T.);
#3431=EDGE_CURVE('',#4175,#4174,#602,.F.);
#3432=EDGE_CURVE('',#4175,#4173,#4581,.T.);
#3433=EDGE_CURVE('',#4048,#4073,#603,.T.);
#3434=EDGE_CURVE('',#4063,#4047,#604,.F.);
#3435=EDGE_CURVE('',#4176,#4177,#605,.F.);
#3436=EDGE_CURVE('',#4176,#4178,#4582,.T.);
#3437=EDGE_CURVE('',#4179,#4178,#606,.T.);
#3438=EDGE_CURVE('',#4179,#4177,#4583,.T.);
#3439=EDGE_CURVE('',#4111,#4089,#607,.F.);
#3440=EDGE_CURVE('',#4090,#4133,#608,.T.);
#3441=EDGE_CURVE('',#4173,#4062,#157,.T.);
#3442=EDGE_CURVE('',#4046,#4172,#158,.T.);
#3443=EDGE_CURVE('',#4072,#4176,#159,.T.);
#3444=EDGE_CURVE('',#4177,#4049,#160,.T.);
#3445=EDGE_CURVE('',#4132,#4179,#161,.T.);
#3446=EDGE_CURVE('',#4178,#4091,#162,.T.);
#3447=EDGE_CURVE('',#4174,#4110,#163,.T.);
#3448=EDGE_CURVE('',#4088,#4175,#164,.T.);
#3449=EDGE_CURVE('',#4180,#4181,#609,.T.);
#3450=EDGE_CURVE('',#4180,#4182,#4584,.T.);
#3451=EDGE_CURVE('',#4183,#4182,#610,.F.);
#3452=EDGE_CURVE('',#4183,#4181,#4585,.T.);
#3453=EDGE_CURVE('',#4184,#4185,#611,.F.);
#3454=EDGE_CURVE('',#4184,#4186,#4586,.T.);
#3455=EDGE_CURVE('',#4187,#4186,#612,.T.);
#3456=EDGE_CURVE('',#4187,#4185,#4587,.T.);
#3457=EDGE_CURVE('',#4124,#4099,#613,.F.);
#3458=EDGE_CURVE('',#4100,#4123,#614,.T.);
#3459=EDGE_CURVE('',#4052,#4069,#615,.T.);
#3460=EDGE_CURVE('',#4070,#4051,#616,.F.);
#3461=EDGE_CURVE('',#4181,#4071,#165,.T.);
#3462=EDGE_CURVE('',#4050,#4180,#166,.T.);
#3463=EDGE_CURVE('',#4068,#4184,#167,.T.);
#3464=EDGE_CURVE('',#4185,#4053,#168,.T.);
#3465=EDGE_CURVE('',#4122,#4187,#169,.T.);
#3466=EDGE_CURVE('',#4186,#4101,#170,.T.);
#3467=EDGE_CURVE('',#4182,#4125,#171,.T.);
#3468=EDGE_CURVE('',#4098,#4183,#172,.T.);
#3469=EDGE_CURVE('',#3983,#3986,#617,.T.);
#3470=EDGE_CURVE('',#3982,#3987,#618,.T.);
#3471=EDGE_CURVE('',#3945,#3996,#619,.T.);
#3472=EDGE_CURVE('',#3997,#3944,#620,.T.);
#3473=EDGE_CURVE('',#3948,#4027,#621,.T.);
#3474=EDGE_CURVE('',#4029,#3949,#622,.T.);
#3475=EDGE_CURVE('',#4188,#4189,#4588,.T.);
#3476=EDGE_CURVE('',#4189,#4012,#623,.T.);
#3477=EDGE_CURVE('',#4188,#4013,#624,.T.);
#3478=EDGE_CURVE('',#3932,#4035,#625,.T.);
#3479=EDGE_CURVE('',#3933,#4037,#626,.T.);
#3480=EDGE_CURVE('',#4036,#4188,#4589,.T.);
#3481=EDGE_CURVE('',#4033,#4034,#4590,.T.);
#3482=EDGE_CURVE('',#4189,#4032,#4591,.T.);
#3483=EDGE_CURVE('',#4028,#4159,#4592,.T.);
#3484=EDGE_CURVE('',#4031,#4026,#4593,.T.);
#3485=EDGE_CURVE('',#4157,#4030,#4594,.T.);
#3486=EDGE_CURVE('',#4025,#4021,#4595,.T.);
#3487=EDGE_CURVE('',#4149,#4024,#4596,.T.);
#3488=EDGE_CURVE('',#4019,#4148,#4597,.T.);
#3489=EDGE_CURVE('',#4000,#3999,#4598,.T.);
#3490=EDGE_CURVE('',#3998,#3995,#4599,.T.);
#3491=EDGE_CURVE('',#3994,#4001,#4600,.T.);
#3492=EDGE_CURVE('',#3991,#4155,#4601,.F.);
#3493=EDGE_CURVE('',#3990,#3993,#4602,.T.);
#3494=EDGE_CURVE('',#3992,#4161,#4603,.T.);
#3495=EDGE_CURVE('',#3985,#4017,#4604,.F.);
#3496=EDGE_CURVE('',#3984,#3989,#4605,.T.);
#3497=EDGE_CURVE('',#3988,#4023,#4606,.T.);
#3498=EDGE_CURVE('',#3968,#4019,#627,.T.);
#3499=EDGE_CURVE('',#3969,#4148,#628,.T.);
#3500=EDGE_CURVE('',#3972,#4149,#629,.T.);
#3501=EDGE_CURVE('',#4024,#3973,#630,.T.);
#3502=EDGE_CURVE('',#3964,#4025,#631,.T.);
#3503=EDGE_CURVE('',#3965,#4020,#632,.T.);
#3504=EDGE_CURVE('',#4028,#3950,#633,.T.);
#3505=EDGE_CURVE('',#3951,#4158,#634,.T.);
#3506=EDGE_CURVE('',#3955,#4030,#635,.T.);
#3507=EDGE_CURVE('',#3954,#4157,#636,.T.);
#3508=EDGE_CURVE('',#3946,#4031,#637,.T.);
#3509=EDGE_CURVE('',#3947,#4026,#638,.T.);
#3510=EDGE_CURVE('',#3935,#4188,#639,.T.);
#3511=EDGE_CURVE('',#3934,#4036,#640,.T.);
#3512=EDGE_CURVE('',#3930,#4033,#641,.T.);
#3513=EDGE_CURVE('',#3931,#4034,#642,.T.);
#3514=EDGE_CURVE('',#3926,#4189,#643,.T.);
#3515=EDGE_CURVE('',#4032,#3927,#644,.T.);
#3516=EDGE_CURVE('',#3981,#3984,#645,.T.);
#3517=EDGE_CURVE('',#3980,#3989,#646,.T.);
#3518=EDGE_CURVE('',#3988,#3979,#647,.T.);
#3519=EDGE_CURVE('',#3978,#4023,#648,.T.);
#3520=EDGE_CURVE('',#3977,#3985,#649,.T.);
#3521=EDGE_CURVE('',#3976,#4016,#650,.T.);
#3522=EDGE_CURVE('',#3963,#3990,#651,.T.);
#3523=EDGE_CURVE('',#3962,#3993,#652,.T.);
#3524=EDGE_CURVE('',#3961,#3992,#653,.T.);
#3525=EDGE_CURVE('',#4161,#3960,#654,.T.);
#3526=EDGE_CURVE('',#3958,#4154,#655,.T.);
#3527=EDGE_CURVE('',#3959,#3991,#656,.T.);
#3528=EDGE_CURVE('',#3994,#3943,#657,.T.);
#3529=EDGE_CURVE('',#3942,#4001,#658,.T.);
#3530=EDGE_CURVE('',#3940,#3999,#659,.T.);
#3531=EDGE_CURVE('',#3941,#4000,#660,.T.);
#3532=EDGE_CURVE('',#3938,#3998,#661,.T.);
#3533=EDGE_CURVE('',#3939,#3995,#662,.T.);
#3534=EDGE_CURVE('',#4190,#4190,#4607,.T.);
#3535=EDGE_CURVE('',#4191,#4191,#4608,.T.);
#3536=EDGE_CURVE('',#4192,#4192,#4609,.T.);
#3537=EDGE_CURVE('',#4193,#4193,#4610,.T.);
#3538=EDGE_CURVE('',#4194,#4194,#4611,.F.);
#3539=EDGE_CURVE('',#4195,#4195,#4612,.T.);
#3540=EDGE_CURVE('',#4196,#4196,#4613,.T.);
#3541=EDGE_CURVE('',#4197,#4197,#4614,.F.);
#3542=EDGE_CURVE('',#4198,#4198,#173,.T.);
#3543=EDGE_CURVE('',#4199,#4200,#663,.T.);
#3544=EDGE_CURVE('',#4200,#4201,#4615,.T.);
#3545=EDGE_CURVE('',#4202,#4201,#664,.T.);
#3546=EDGE_CURVE('',#4202,#4199,#4616,.T.);
#3547=EDGE_CURVE('',#4203,#4203,#174,.T.);
#3548=EDGE_CURVE('',#4204,#4204,#175,.T.);
#3549=EDGE_CURVE('',#4205,#4206,#665,.T.);
#3550=EDGE_CURVE('',#4206,#4207,#4617,.T.);
#3551=EDGE_CURVE('',#4208,#4207,#666,.T.);
#3552=EDGE_CURVE('',#4209,#4208,#176,.T.);
#3553=EDGE_CURVE('',#4210,#4209,#667,.T.);
#3554=EDGE_CURVE('',#4211,#4210,#4618,.T.);
#3555=EDGE_CURVE('',#4212,#4211,#4619,.T.);
#3556=EDGE_CURVE('',#4212,#4213,#668,.T.);
#3557=EDGE_CURVE('',#4205,#4213,#177,.T.);
#3558=EDGE_CURVE('',#4214,#4215,#4620,.T.);
#3559=EDGE_CURVE('',#4215,#4216,#178,.T.);
#3560=EDGE_CURVE('',#4216,#4217,#669,.T.);
#3561=EDGE_CURVE('',#4217,#4218,#179,.T.);
#3562=EDGE_CURVE('',#4218,#4219,#670,.T.);
#3563=EDGE_CURVE('',#4219,#4220,#180,.T.);
#3564=EDGE_CURVE('',#4220,#4221,#671,.T.);
#3565=EDGE_CURVE('',#4221,#4222,#181,.T.);
#3566=EDGE_CURVE('',#4222,#4223,#4621,.T.);
#3567=EDGE_CURVE('',#4223,#4224,#672,.T.);
#3568=EDGE_CURVE('',#4224,#4225,#4622,.F.);
#3569=EDGE_CURVE('',#4225,#4214,#673,.T.);
#3570=EDGE_CURVE('',#4226,#4226,#4623,.F.);
#3571=EDGE_CURVE('',#4227,#4228,#674,.F.);
#3572=EDGE_CURVE('',#4228,#4229,#182,.T.);
#3573=EDGE_CURVE('',#4230,#4229,#183,.T.);
#3574=EDGE_CURVE('',#4231,#4230,#184,.T.);
#3575=EDGE_CURVE('',#4232,#4231,#185,.T.);
#3576=EDGE_CURVE('',#4233,#4232,#186,.F.);
#3577=EDGE_CURVE('',#4233,#4227,#187,.F.);
#3578=EDGE_CURVE('',#4234,#4235,#40,.T.);
#3579=EDGE_CURVE('',#4235,#4236,#675,.F.);
#3580=EDGE_CURVE('',#4236,#4237,#188,.T.);
#3581=EDGE_CURVE('',#4237,#4238,#189,.T.);
#3582=EDGE_CURVE('',#4238,#4239,#190,.T.);
#3583=EDGE_CURVE('',#4239,#4240,#676,.T.);
#3584=EDGE_CURVE('',#4240,#4241,#41,.T.);
#3585=EDGE_CURVE('',#4241,#4242,#191,.T.);
#3586=EDGE_CURVE('',#4242,#4243,#4624,.T.);
#3587=EDGE_CURVE('',#4244,#4243,#677,.T.);
#3588=EDGE_CURVE('',#4245,#4244,#4625,.T.);
#3589=EDGE_CURVE('',#4246,#4245,#4626,.T.);
#3590=EDGE_CURVE('',#4246,#4247,#678,.T.);
#3591=EDGE_CURVE('',#4247,#4248,#4627,.T.);
#3592=EDGE_CURVE('',#4248,#4234,#192,.T.);
#3593=EDGE_CURVE('',#4249,#4249,#4628,.T.);
#3594=EDGE_CURVE('',#4250,#4250,#4629,.T.);
#3595=EDGE_CURVE('',#4251,#4251,#4630,.T.);
#3596=EDGE_CURVE('',#4252,#4253,#193,.T.);
#3597=EDGE_CURVE('',#4253,#4254,#4631,.F.);
#3598=EDGE_CURVE('',#4254,#4255,#679,.T.);
#3599=EDGE_CURVE('',#4255,#4256,#4632,.F.);
#3600=EDGE_CURVE('',#4256,#4257,#680,.T.);
#3601=EDGE_CURVE('',#4257,#4258,#4633,.F.);
#3602=EDGE_CURVE('',#4258,#4259,#194,.T.);
#3603=EDGE_CURVE('',#4259,#4252,#4634,.F.);
#3604=EDGE_CURVE('',#4260,#4260,#4635,.T.);
#3605=EDGE_CURVE('',#4261,#4261,#4636,.T.);
#3606=EDGE_CURVE('',#4243,#4206,#681,.T.);
#3607=EDGE_CURVE('',#4213,#4205,#4637,.F.);
#3608=EDGE_CURVE('',#4230,#4212,#682,.T.);
#3609=EDGE_CURVE('',#4229,#4262,#683,.T.);
#3610=EDGE_CURVE('',#4262,#4263,#195,.T.);
#3611=EDGE_CURVE('',#4244,#4263,#684,.T.);
#3612=EDGE_CURVE('',#4264,#4264,#4638,.T.);
#3613=EDGE_CURVE('',#4265,#4265,#4639,.T.);
#3614=EDGE_CURVE('',#4232,#4266,#685,.T.);
#3615=EDGE_CURVE('',#4231,#4211,#686,.T.);
#3616=EDGE_CURVE('',#4211,#4267,#687,.T.);
#3617=EDGE_CURVE('',#4267,#4266,#196,.T.);
#3618=EDGE_CURVE('',#4268,#4268,#4640,.T.);
#3619=EDGE_CURVE('',#4207,#4247,#688,.T.);
#3620=EDGE_CURVE('',#4246,#4269,#689,.T.);
#3621=EDGE_CURVE('',#4269,#4270,#197,.T.);
#3622=EDGE_CURVE('',#4270,#4271,#690,.T.);
#3623=EDGE_CURVE('',#4271,#4272,#198,.T.);
#3624=EDGE_CURVE('',#4272,#4210,#691,.T.);
#3625=EDGE_CURVE('',#4209,#4208,#4641,.T.);
#3626=EDGE_CURVE('',#4272,#4267,#199,.T.);
#3627=EDGE_CURVE('',#4273,#4274,#200,.T.);
#3628=EDGE_CURVE('',#4274,#4275,#692,.T.);
#3629=EDGE_CURVE('',#4275,#4276,#201,.T.);
#3630=EDGE_CURVE('',#4245,#4276,#693,.T.);
#3631=EDGE_CURVE('',#4273,#4245,#694,.T.);
#3632=EDGE_CURVE('',#4263,#4273,#202,.T.);
#3633=EDGE_CURVE('',#4276,#4269,#203,.T.);
#3634=EDGE_CURVE('',#4275,#4270,#204,.T.);
#3635=EDGE_CURVE('',#4262,#4274,#205,.T.);
#3636=EDGE_CURVE('',#4271,#4277,#206,.T.);
#3637=EDGE_CURVE('',#4277,#4278,#695,.F.);
#3638=EDGE_CURVE('',#4278,#4279,#207,.F.);
#3639=EDGE_CURVE('',#4266,#4279,#208,.F.);
#3640=EDGE_CURVE('',#4280,#4280,#4642,.F.);
#3641=EDGE_CURVE('',#4281,#4281,#4643,.F.);
#3642=EDGE_CURVE('',#4282,#4283,#4644,.T.);
#3643=EDGE_CURVE('',#4283,#4284,#696,.T.);
#3644=EDGE_CURVE('',#4284,#4285,#209,.T.);
#3645=EDGE_CURVE('',#4285,#4286,#210,.T.);
#3646=EDGE_CURVE('',#4286,#4287,#211,.T.);
#3647=EDGE_CURVE('',#4287,#4282,#697,.F.);
#3648=EDGE_CURVE('',#4288,#4289,#212,.T.);
#3649=EDGE_CURVE('',#4289,#4290,#4645,.T.);
#3650=EDGE_CURVE('',#4290,#4291,#213,.T.);
#3651=EDGE_CURVE('',#4288,#4291,#42,.T.);
#3652=EDGE_CURVE('',#4240,#4292,#43,.F.);
#3653=EDGE_CURVE('',#4293,#4292,#214,.T.);
#3654=EDGE_CURVE('',#4293,#4294,#215,.T.);
#3655=EDGE_CURVE('',#4294,#4295,#216,.F.);
#3656=EDGE_CURVE('',#4295,#4235,#44,.F.);
#3657=EDGE_CURVE('',#4234,#4288,#217,.T.);
#3658=EDGE_CURVE('',#4291,#4241,#218,.F.);
#3659=EDGE_CURVE('',#4290,#4242,#219,.T.);
#3660=EDGE_CURVE('',#4248,#4289,#220,.T.);
#3661=EDGE_CURVE('',#4296,#4296,#4646,.T.);
#3662=EDGE_CURVE('',#4297,#4297,#4647,.T.);
#3663=EDGE_CURVE('',#4298,#4299,#698,.T.);
#3664=EDGE_CURVE('',#4299,#4200,#699,.T.);
#3665=EDGE_CURVE('',#4199,#4298,#700,.T.);
#3666=EDGE_CURVE('',#4201,#4300,#701,.T.);
#3667=EDGE_CURVE('',#4300,#4301,#702,.F.);
#3668=EDGE_CURVE('',#4202,#4301,#703,.T.);
#3669=EDGE_CURVE('',#4301,#4227,#4648,.F.);
#3670=EDGE_CURVE('',#4278,#4298,#4649,.F.);
#3671=EDGE_CURVE('',#4300,#4228,#4650,.F.);
#3672=EDGE_CURVE('',#4277,#4299,#4651,.F.);
#3673=EDGE_CURVE('',#4284,#4295,#221,.T.);
#3674=EDGE_CURVE('',#4292,#4287,#222,.T.);
#3675=EDGE_CURVE('',#4258,#4242,#223,.F.);
#3676=EDGE_CURVE('',#4243,#4257,#704,.T.);
#3677=EDGE_CURVE('',#4206,#4256,#705,.T.);
#3678=EDGE_CURVE('',#4259,#4290,#224,.T.);
#3679=EDGE_CURVE('',#4207,#4255,#706,.T.);
#3680=EDGE_CURVE('',#4252,#4289,#225,.F.);
#3681=EDGE_CURVE('',#4247,#4254,#707,.T.);
#3682=EDGE_CURVE('',#4253,#4248,#226,.T.);
#3683=EDGE_CURVE('',#4229,#4221,#227,.T.);
#3684=EDGE_CURVE('',#4222,#4228,#228,.T.);
#3685=EDGE_CURVE('',#4223,#4300,#708,.T.);
#3686=EDGE_CURVE('',#4262,#4220,#229,.F.);
#3687=EDGE_CURVE('',#4224,#4201,#709,.T.);
#3688=EDGE_CURVE('',#4274,#4219,#230,.T.);
#3689=EDGE_CURVE('',#4225,#4200,#710,.T.);
#3690=EDGE_CURVE('',#4275,#4218,#231,.F.);
#3691=EDGE_CURVE('',#4214,#4299,#711,.T.);
#3692=EDGE_CURVE('',#4270,#4217,#232,.T.);
#3693=EDGE_CURVE('',#4215,#4277,#233,.F.);
#3694=EDGE_CURVE('',#4271,#4216,#234,.F.);
#3695=EDGE_CURVE('',#4302,#4303,#235,.T.);
#3696=EDGE_CURVE('',#4303,#4283,#236,.T.);
#3697=EDGE_CURVE('',#4282,#4302,#237,.T.);
#3698=EDGE_CURVE('',#4282,#4239,#4652,.T.);
#3699=EDGE_CURVE('',#4283,#4236,#4653,.T.);
#3700=EDGE_CURVE('',#4305,#4305,#4654,.T.);
#3701=EDGE_CURVE('',#4307,#4307,#4655,.T.);
#3702=EDGE_CURVE('',#4308,#4308,#4656,.T.);
#3703=EDGE_CURVE('',#4309,#4309,#4657,.T.);
#3704=EDGE_CURVE('',#4310,#4310,#4658,.F.);
#3705=EDGE_CURVE('',#4311,#4311,#4659,.T.);
#3706=EDGE_CURVE('',#4312,#4312,#4660,.T.);
#3707=EDGE_CURVE('',#4313,#4313,#4661,.T.);
#3708=EDGE_CURVE('',#4314,#4314,#4662,.T.);
#3709=EDGE_CURVE('',#4315,#4315,#4663,.F.);
#3710=EDGE_CURVE('',#4316,#4316,#4664,.T.);
#3711=EDGE_CURVE('',#4317,#4317,#4665,.T.);
#3712=EDGE_CURVE('',#4318,#4318,#4666,.F.);
#3713=EDGE_CURVE('',#4319,#4319,#4667,.F.);
#3714=EDGE_CURVE('',#4320,#4320,#4668,.T.);
#3715=EDGE_CURVE('',#4321,#4321,#4669,.F.);
#3716=EDGE_CURVE('',#4322,#4322,#4670,.T.);
#3717=EDGE_CURVE('',#4323,#4323,#4671,.F.);
#3718=EDGE_CURVE('',#4324,#4325,#712,.T.);
#3719=EDGE_CURVE('',#4326,#4324,#4672,.T.);
#3720=EDGE_CURVE('',#4327,#4326,#713,.T.);
#3721=EDGE_CURVE('',#4325,#4327,#4673,.T.);
#3722=EDGE_CURVE('',#4328,#4329,#714,.T.);
#3723=EDGE_CURVE('',#4330,#4328,#4674,.T.);
#3724=EDGE_CURVE('',#4331,#4330,#715,.T.);
#3725=EDGE_CURVE('',#4329,#4331,#4675,.T.);
#3726=EDGE_CURVE('',#4332,#4333,#716,.T.);
#3727=EDGE_CURVE('',#4334,#4332,#4676,.T.);
#3728=EDGE_CURVE('',#4335,#4334,#717,.T.);
#3729=EDGE_CURVE('',#4333,#4335,#4677,.T.);
#3730=EDGE_CURVE('',#4336,#4337,#718,.T.);
#3731=EDGE_CURVE('',#4338,#4336,#4678,.T.);
#3732=EDGE_CURVE('',#4339,#4338,#719,.T.);
#3733=EDGE_CURVE('',#4337,#4339,#4679,.T.);
#3734=EDGE_CURVE('',#4340,#4341,#720,.T.);
#3735=EDGE_CURVE('',#4342,#4340,#4680,.T.);
#3736=EDGE_CURVE('',#4343,#4342,#721,.T.);
#3737=EDGE_CURVE('',#4341,#4343,#4681,.T.);
#3738=EDGE_CURVE('',#4344,#4345,#722,.T.);
#3739=EDGE_CURVE('',#4345,#4346,#723,.T.);
#3740=EDGE_CURVE('',#4346,#4347,#724,.T.);
#3741=EDGE_CURVE('',#4347,#4344,#725,.T.);
#3742=EDGE_CURVE('',#4346,#4348,#4682,.T.);
#3743=EDGE_CURVE('',#4348,#4347,#238,.T.);
#3744=EDGE_CURVE('',#4349,#4349,#4683,.T.);
#3745=EDGE_CURVE('',#4350,#4350,#4684,.T.);
#3746=EDGE_CURVE('',#4351,#4351,#4685,.T.);
#3747=EDGE_CURVE('',#4352,#4352,#4686,.T.);
#3748=EDGE_CURVE('',#4353,#4353,#4687,.T.);
#3749=EDGE_CURVE('',#4354,#4355,#4688,.T.);
#3750=EDGE_CURVE('',#4355,#4356,#239,.T.);
#3751=EDGE_CURVE('',#4356,#4357,#4689,.T.);
#3752=EDGE_CURVE('',#4357,#4354,#240,.T.);
#3753=EDGE_CURVE('',#4358,#4358,#4690,.T.);
#3754=EDGE_CURVE('',#4348,#4346,#4691,.T.);
#3755=EDGE_CURVE('',#4357,#4359,#10,.T.);
#3756=EDGE_CURVE('',#4359,#4360,#11,.T.);
#3757=EDGE_CURVE('',#4360,#4361,#12,.T.);
#3758=EDGE_CURVE('',#4361,#4362,#13,.T.);
#3759=EDGE_CURVE('',#4362,#4363,#14,.T.);
#3760=EDGE_CURVE('',#4363,#4364,#15,.T.);
#3761=EDGE_CURVE('',#4364,#4344,#16,.T.);
#3762=EDGE_CURVE('',#4354,#4348,#241,.T.);
#3763=EDGE_CURVE('',#4346,#4355,#242,.T.);
#3764=EDGE_CURVE('',#4365,#4345,#17,.T.);
#3765=EDGE_CURVE('',#4366,#4365,#18,.T.);
#3766=EDGE_CURVE('',#4367,#4366,#19,.T.);
#3767=EDGE_CURVE('',#4368,#4367,#20,.T.);
#3768=EDGE_CURVE('',#4369,#4368,#21,.T.);
#3769=EDGE_CURVE('',#4370,#4369,#22,.T.);
#3770=EDGE_CURVE('',#4356,#4370,#23,.T.);
#3771=EDGE_CURVE('',#4371,#4371,#4692,.T.);
#3772=EDGE_CURVE('',#4372,#4372,#4693,.T.);
#3773=EDGE_CURVE('',#4329,#4373,#24,.T.);
#3774=EDGE_CURVE('',#4373,#4374,#726,.T.);
#3775=EDGE_CURVE('',#4374,#4328,#25,.T.);
#3776=EDGE_CURVE('',#4375,#4375,#4694,.T.);
#3777=EDGE_CURVE('',#4325,#4331,#26,.T.);
#3778=EDGE_CURVE('',#4330,#4324,#27,.T.);
#3779=EDGE_CURVE('',#4341,#4327,#28,.T.);
#3780=EDGE_CURVE('',#4326,#4340,#29,.T.);
#3781=EDGE_CURVE('',#4337,#4343,#30,.T.);
#3782=EDGE_CURVE('',#4342,#4336,#31,.T.);
#3783=EDGE_CURVE('',#4333,#4339,#32,.T.);
#3784=EDGE_CURVE('',#4338,#4332,#33,.T.);
#3785=EDGE_CURVE('',#4376,#4335,#34,.T.);
#3786=EDGE_CURVE('',#4334,#4377,#35,.T.);
#3787=EDGE_CURVE('',#4377,#4376,#727,.T.);
#3788=EDGE_CURVE('',#4376,#4373,#4695,.T.);
#3789=EDGE_CURVE('',#4374,#4377,#4696,.T.);
#3790=EDGE_CURVE('',#4378,#4378,#4697,.T.);
#3791=EDGE_CURVE('',#4379,#4379,#4698,.T.);
#3792=EDGE_CURVE('',#4380,#4380,#4699,.T.);
#3793=EDGE_CURVE('',#4381,#4381,#4700,.T.);
#3794=EDGE_CURVE('',#4382,#4382,#4701,.T.);
#3795=EDGE_CURVE('',#4383,#4383,#4702,.T.);
#3796=VERTEX_POINT('',#8773);
#3797=VERTEX_POINT('',#8775);
#3798=VERTEX_POINT('',#8778);
#3799=VERTEX_POINT('',#8780);
#3800=VERTEX_POINT('',#8783);
#3801=VERTEX_POINT('',#8785);
#3802=VERTEX_POINT('',#8786);
#3803=VERTEX_POINT('',#8788);
#3804=VERTEX_POINT('',#8790);
#3805=VERTEX_POINT('',#8792);
#3806=VERTEX_POINT('',#8794);
#3807=VERTEX_POINT('',#8798);
#3808=VERTEX_POINT('',#8801);
#3809=VERTEX_POINT('',#8804);
#3810=VERTEX_POINT('',#8806);
#3811=VERTEX_POINT('',#8810);
#3812=VERTEX_POINT('',#8814);
#3813=VERTEX_POINT('',#8818);
#3814=VERTEX_POINT('',#8822);
#3815=VERTEX_POINT('',#8834);
#3816=VERTEX_POINT('',#8850);
#3817=VERTEX_POINT('',#8852);
#3818=VERTEX_POINT('',#8868);
#3819=VERTEX_POINT('',#8871);
#3820=VERTEX_POINT('',#8873);
#3821=VERTEX_POINT('',#8878);
#3822=VERTEX_POINT('',#8879);
#3823=VERTEX_POINT('',#8881);
#3824=VERTEX_POINT('',#8886);
#3825=VERTEX_POINT('',#8888);
#3826=VERTEX_POINT('',#8890);
#3827=VERTEX_POINT('',#8895);
#3828=VERTEX_POINT('',#8897);
#3829=VERTEX_POINT('',#8901);
#3830=VERTEX_POINT('',#8903);
#3831=VERTEX_POINT('',#8908);
#3832=VERTEX_POINT('',#8909);
#3833=VERTEX_POINT('',#8911);
#3834=VERTEX_POINT('',#8916);
#3835=VERTEX_POINT('',#8918);
#3836=VERTEX_POINT('',#8920);
#3837=VERTEX_POINT('',#8925);
#3838=VERTEX_POINT('',#8927);
#3839=VERTEX_POINT('',#8934);
#3840=VERTEX_POINT('',#8936);
#3841=VERTEX_POINT('',#8946);
#3842=VERTEX_POINT('',#8948);
#3843=VERTEX_POINT('',#8958);
#3844=VERTEX_POINT('',#8959);
#3845=VERTEX_POINT('',#8961);
#3846=VERTEX_POINT('',#8966);
#3847=VERTEX_POINT('',#8973);
#3848=VERTEX_POINT('',#8974);
#3849=VERTEX_POINT('',#8976);
#3850=VERTEX_POINT('',#8981);
#3851=VERTEX_POINT('',#8985);
#3852=VERTEX_POINT('',#8987);
#3853=VERTEX_POINT('',#8989);
#3854=VERTEX_POINT('',#8991);
#3855=VERTEX_POINT('',#8993);
#3856=VERTEX_POINT('',#8996);
#3857=VERTEX_POINT('',#9001);
#3858=VERTEX_POINT('',#9002);
#3859=VERTEX_POINT('',#9004);
#3860=VERTEX_POINT('',#9009);
#3861=VERTEX_POINT('',#9011);
#3862=VERTEX_POINT('',#9016);
#3863=VERTEX_POINT('',#9018);
#3864=VERTEX_POINT('',#9023);
#3865=VERTEX_POINT('',#9027);
#3866=VERTEX_POINT('',#9029);
#3867=VERTEX_POINT('',#9030);
#3868=VERTEX_POINT('',#9032);
#3869=VERTEX_POINT('',#9034);
#3870=VERTEX_POINT('',#9038);
#3871=VERTEX_POINT('',#9039);
#3872=VERTEX_POINT('',#9041);
#3873=VERTEX_POINT('',#9043);
#3874=VERTEX_POINT('',#9166);
#3875=VERTEX_POINT('',#9168);
#3876=VERTEX_POINT('',#9172);
#3877=VERTEX_POINT('',#9173);
#3878=VERTEX_POINT('',#9176);
#3879=VERTEX_POINT('',#9178);
#3880=VERTEX_POINT('',#9181);
#3881=VERTEX_POINT('',#9183);
#3882=VERTEX_POINT('',#9286);
#3883=VERTEX_POINT('',#9288);
#3884=VERTEX_POINT('',#9291);
#3885=VERTEX_POINT('',#9293);
#3886=VERTEX_POINT('',#9295);
#3887=VERTEX_POINT('',#9298);
#3888=VERTEX_POINT('',#9301);
#3889=VERTEX_POINT('',#9305);
#3890=VERTEX_POINT('',#9312);
#3891=VERTEX_POINT('',#9314);
#3892=VERTEX_POINT('',#9317);
#3893=VERTEX_POINT('',#9319);
#3894=VERTEX_POINT('',#9322);
#3895=VERTEX_POINT('',#9324);
#3896=VERTEX_POINT('',#9327);
#3897=VERTEX_POINT('',#9329);
#3898=VERTEX_POINT('',#9338);
#3899=VERTEX_POINT('',#9339);
#3900=VERTEX_POINT('',#9341);
#3901=VERTEX_POINT('',#9343);
#3902=VERTEX_POINT('',#9347);
#3903=VERTEX_POINT('',#9348);
#3904=VERTEX_POINT('',#9350);
#3905=VERTEX_POINT('',#9352);
#3906=VERTEX_POINT('',#9356);
#3907=VERTEX_POINT('',#9357);
#3908=VERTEX_POINT('',#9359);
#3909=VERTEX_POINT('',#9361);
#3910=VERTEX_POINT('',#9365);
#3911=VERTEX_POINT('',#9366);
#3912=VERTEX_POINT('',#9368);
#3913=VERTEX_POINT('',#9370);
#3914=VERTEX_POINT('',#9374);
#3915=VERTEX_POINT('',#9375);
#3916=VERTEX_POINT('',#9377);
#3917=VERTEX_POINT('',#9379);
#3918=VERTEX_POINT('',#9383);
#3919=VERTEX_POINT('',#9384);
#3920=VERTEX_POINT('',#9386);
#3921=VERTEX_POINT('',#9388);
#3922=VERTEX_POINT('',#9392);
#3923=VERTEX_POINT('',#9393);
#3924=VERTEX_POINT('',#9395);
#3925=VERTEX_POINT('',#9397);
#3926=VERTEX_POINT('',#9401);
#3927=VERTEX_POINT('',#9402);
#3928=VERTEX_POINT('',#9404);
#3929=VERTEX_POINT('',#9406);
#3930=VERTEX_POINT('',#9408);
#3931=VERTEX_POINT('',#9410);
#3932=VERTEX_POINT('',#9412);
#3933=VERTEX_POINT('',#9414);
#3934=VERTEX_POINT('',#9416);
#3935=VERTEX_POINT('',#9418);
#3936=VERTEX_POINT('',#9420);
#3937=VERTEX_POINT('',#9422);
#3938=VERTEX_POINT('',#9425);
#3939=VERTEX_POINT('',#9426);
#3940=VERTEX_POINT('',#9429);
#3941=VERTEX_POINT('',#9431);
#3942=VERTEX_POINT('',#9434);
#3943=VERTEX_POINT('',#9436);
#3944=VERTEX_POINT('',#9438);
#3945=VERTEX_POINT('',#9440);
#3946=VERTEX_POINT('',#9444);
#3947=VERTEX_POINT('',#9445);
#3948=VERTEX_POINT('',#9447);
#3949=VERTEX_POINT('',#9449);
#3950=VERTEX_POINT('',#9451);
#3951=VERTEX_POINT('',#9453);
#3952=VERTEX_POINT('',#9455);
#3953=VERTEX_POINT('',#9457);
#3954=VERTEX_POINT('',#9459);
#3955=VERTEX_POINT('',#9461);
#3956=VERTEX_POINT('',#9463);
#3957=VERTEX_POINT('',#9465);
#3958=VERTEX_POINT('',#9468);
#3959=VERTEX_POINT('',#9469);
#3960=VERTEX_POINT('',#9472);
#3961=VERTEX_POINT('',#9474);
#3962=VERTEX_POINT('',#9477);
#3963=VERTEX_POINT('',#9479);
#3964=VERTEX_POINT('',#9484);
#3965=VERTEX_POINT('',#9485);
#3966=VERTEX_POINT('',#9487);
#3967=VERTEX_POINT('',#9489);
#3968=VERTEX_POINT('',#9491);
#3969=VERTEX_POINT('',#9493);
#3970=VERTEX_POINT('',#9495);
#3971=VERTEX_POINT('',#9497);
#3972=VERTEX_POINT('',#9499);
#3973=VERTEX_POINT('',#9501);
#3974=VERTEX_POINT('',#9503);
#3975=VERTEX_POINT('',#9505);
#3976=VERTEX_POINT('',#9508);
#3977=VERTEX_POINT('',#9509);
#3978=VERTEX_POINT('',#9512);
#3979=VERTEX_POINT('',#9514);
#3980=VERTEX_POINT('',#9517);
#3981=VERTEX_POINT('',#9519);
#3982=VERTEX_POINT('',#9521);
#3983=VERTEX_POINT('',#9523);
#3984=VERTEX_POINT('',#9527);
#3985=VERTEX_POINT('',#9528);
#3986=VERTEX_POINT('',#9530);
#3987=VERTEX_POINT('',#9532);
#3988=VERTEX_POINT('',#9536);
#3989=VERTEX_POINT('',#9538);
#3990=VERTEX_POINT('',#9542);
#3991=VERTEX_POINT('',#9543);
#3992=VERTEX_POINT('',#9548);
#3993=VERTEX_POINT('',#9550);
#3994=VERTEX_POINT('',#9554);
#3995=VERTEX_POINT('',#9555);
#3996=VERTEX_POINT('',#9557);
#3997=VERTEX_POINT('',#9559);
#3998=VERTEX_POINT('',#9563);
#3999=VERTEX_POINT('',#9565);
#4000=VERTEX_POINT('',#9569);
#4001=VERTEX_POINT('',#9571);
#4002=VERTEX_POINT('',#9575);
#4003=VERTEX_POINT('',#9577);
#4004=VERTEX_POINT('',#9581);
#4005=VERTEX_POINT('',#9583);
#4006=VERTEX_POINT('',#9587);
#4007=VERTEX_POINT('',#9589);
#4008=VERTEX_POINT('',#9593);
#4009=VERTEX_POINT('',#9595);
#4010=VERTEX_POINT('',#9599);
#4011=VERTEX_POINT('',#9601);
#4012=VERTEX_POINT('',#9605);
#4013=VERTEX_POINT('',#9607);
#4014=VERTEX_POINT('',#9611);
#4015=VERTEX_POINT('',#9613);
#4016=VERTEX_POINT('',#9617);
#4017=VERTEX_POINT('',#9619);
#4018=VERTEX_POINT('',#9621);
#4019=VERTEX_POINT('',#9623);
#4020=VERTEX_POINT('',#9626);
#4021=VERTEX_POINT('',#9628);
#4022=VERTEX_POINT('',#9630);
#4023=VERTEX_POINT('',#9632);
#4024=VERTEX_POINT('',#9636);
#4025=VERTEX_POINT('',#9637);
#4026=VERTEX_POINT('',#9642);
#4027=VERTEX_POINT('',#9643);
#4028=VERTEX_POINT('',#9645);
#4029=VERTEX_POINT('',#9647);
#4030=VERTEX_POINT('',#9651);
#4031=VERTEX_POINT('',#9652);
#4032=VERTEX_POINT('',#9657);
#4033=VERTEX_POINT('',#9659);
#4034=VERTEX_POINT('',#9663);
#4035=VERTEX_POINT('',#9664);
#4036=VERTEX_POINT('',#9666);
#4037=VERTEX_POINT('',#9668);
#4038=VERTEX_POINT('',#9672);
#4039=VERTEX_POINT('',#9673);
#4040=VERTEX_POINT('',#9675);
#4041=VERTEX_POINT('',#9677);
#4042=VERTEX_POINT('',#9679);
#4043=VERTEX_POINT('',#9681);
#4044=VERTEX_POINT('',#9684);
#4045=VERTEX_POINT('',#9685);
#4046=VERTEX_POINT('',#9687);
#4047=VERTEX_POINT('',#9689);
#4048=VERTEX_POINT('',#9691);
#4049=VERTEX_POINT('',#9693);
#4050=VERTEX_POINT('',#9695);
#4051=VERTEX_POINT('',#9697);
#4052=VERTEX_POINT('',#9699);
#4053=VERTEX_POINT('',#9701);
#4054=VERTEX_POINT('',#9703);
#4055=VERTEX_POINT('',#9705);
#4056=VERTEX_POINT('',#9709);
#4057=VERTEX_POINT('',#9710);
#4058=VERTEX_POINT('',#9712);
#4059=VERTEX_POINT('',#9714);
#4060=VERTEX_POINT('',#9716);
#4061=VERTEX_POINT('',#9718);
#4062=VERTEX_POINT('',#9721);
#4063=VERTEX_POINT('',#9722);
#4064=VERTEX_POINT('',#9724);
#4065=VERTEX_POINT('',#9726);
#4066=VERTEX_POINT('',#9728);
#4067=VERTEX_POINT('',#9730);
#4068=VERTEX_POINT('',#9732);
#4069=VERTEX_POINT('',#9734);
#4070=VERTEX_POINT('',#9736);
#4071=VERTEX_POINT('',#9738);
#4072=VERTEX_POINT('',#9740);
#4073=VERTEX_POINT('',#9742);
#4074=VERTEX_POINT('',#9746);
#4075=VERTEX_POINT('',#9747);
#4076=VERTEX_POINT('',#9749);
#4077=VERTEX_POINT('',#9751);
#4078=VERTEX_POINT('',#9753);
#4079=VERTEX_POINT('',#9755);
#4080=VERTEX_POINT('',#9758);
#4081=VERTEX_POINT('',#9759);
#4082=VERTEX_POINT('',#9761);
#4083=VERTEX_POINT('',#9763);
#4084=VERTEX_POINT('',#9765);
#4085=VERTEX_POINT('',#9767);
#4086=VERTEX_POINT('',#9770);
#4087=VERTEX_POINT('',#9771);
#4088=VERTEX_POINT('',#9773);
#4089=VERTEX_POINT('',#9775);
#4090=VERTEX_POINT('',#9777);
#4091=VERTEX_POINT('',#9779);
#4092=VERTEX_POINT('',#9781);
#4093=VERTEX_POINT('',#9783);
#4094=VERTEX_POINT('',#9785);
#4095=VERTEX_POINT('',#9787);
#4096=VERTEX_POINT('',#9789);
#4097=VERTEX_POINT('',#9791);
#4098=VERTEX_POINT('',#9793);
#4099=VERTEX_POINT('',#9795);
#4100=VERTEX_POINT('',#9797);
#4101=VERTEX_POINT('',#9799);
#4102=VERTEX_POINT('',#9801);
#4103=VERTEX_POINT('',#9803);
#4104=VERTEX_POINT('',#9805);
#4105=VERTEX_POINT('',#9807);
#4106=VERTEX_POINT('',#9809);
#4107=VERTEX_POINT('',#9811);
#4108=VERTEX_POINT('',#9813);
#4109=VERTEX_POINT('',#9815);
#4110=VERTEX_POINT('',#9819);
#4111=VERTEX_POINT('',#9820);
#4112=VERTEX_POINT('',#9822);
#4113=VERTEX_POINT('',#9824);
#4114=VERTEX_POINT('',#9826);
#4115=VERTEX_POINT('',#9828);
#4116=VERTEX_POINT('',#9830);
#4117=VERTEX_POINT('',#9832);
#4118=VERTEX_POINT('',#9834);
#4119=VERTEX_POINT('',#9836);
#4120=VERTEX_POINT('',#9838);
#4121=VERTEX_POINT('',#9840);
#4122=VERTEX_POINT('',#9842);
#4123=VERTEX_POINT('',#9844);
#4124=VERTEX_POINT('',#9846);
#4125=VERTEX_POINT('',#9848);
#4126=VERTEX_POINT('',#9850);
#4127=VERTEX_POINT('',#9852);
#4128=VERTEX_POINT('',#9854);
#4129=VERTEX_POINT('',#9856);
#4130=VERTEX_POINT('',#9858);
#4131=VERTEX_POINT('',#9860);
#4132=VERTEX_POINT('',#9862);
#4133=VERTEX_POINT('',#9864);
#4134=VERTEX_POINT('',#9867);
#4135=VERTEX_POINT('',#9868);
#4136=VERTEX_POINT('',#9870);
#4137=VERTEX_POINT('',#9872);
#4138=VERTEX_POINT('',#9874);
#4139=VERTEX_POINT('',#9876);
#4140=VERTEX_POINT('',#9879);
#4141=VERTEX_POINT('',#9880);
#4142=VERTEX_POINT('',#9882);
#4143=VERTEX_POINT('',#9884);
#4144=VERTEX_POINT('',#9886);
#4145=VERTEX_POINT('',#9888);
#4146=VERTEX_POINT('',#9904);
#4147=VERTEX_POINT('',#9905);
#4148=VERTEX_POINT('',#9917);
#4149=VERTEX_POINT('',#9918);
#4150=VERTEX_POINT('',#9927);
#4151=VERTEX_POINT('',#9929);
#4152=VERTEX_POINT('',#9971);
#4153=VERTEX_POINT('',#9972);
#4154=VERTEX_POINT('',#9984);
#4155=VERTEX_POINT('',#9986);
#4156=VERTEX_POINT('',#9988);
#4157=VERTEX_POINT('',#9990);
#4158=VERTEX_POINT('',#9993);
#4159=VERTEX_POINT('',#9995);
#4160=VERTEX_POINT('',#9997);
#4161=VERTEX_POINT('',#9999);
#4162=VERTEX_POINT('',#10007);
#4163=VERTEX_POINT('',#10009);
#4164=VERTEX_POINT('',#10051);
#4165=VERTEX_POINT('',#10052);
#4166=VERTEX_POINT('',#10054);
#4167=VERTEX_POINT('',#10056);
#4168=VERTEX_POINT('',#10060);
#4169=VERTEX_POINT('',#10061);
#4170=VERTEX_POINT('',#10063);
#4171=VERTEX_POINT('',#10065);
#4172=VERTEX_POINT('',#10111);
#4173=VERTEX_POINT('',#10112);
#4174=VERTEX_POINT('',#10114);
#4175=VERTEX_POINT('',#10116);
#4176=VERTEX_POINT('',#10123);
#4177=VERTEX_POINT('',#10124);
#4178=VERTEX_POINT('',#10126);
#4179=VERTEX_POINT('',#10128);
#4180=VERTEX_POINT('',#10171);
#4181=VERTEX_POINT('',#10172);
#4182=VERTEX_POINT('',#10174);
#4183=VERTEX_POINT('',#10176);
#4184=VERTEX_POINT('',#10180);
#4185=VERTEX_POINT('',#10181);
#4186=VERTEX_POINT('',#10183);
#4187=VERTEX_POINT('',#10185);
#4188=VERTEX_POINT('',#10240);
#4189=VERTEX_POINT('',#10241);
#4190=VERTEX_POINT('',#10364);
#4191=VERTEX_POINT('',#10366);
#4192=VERTEX_POINT('',#10369);
#4193=VERTEX_POINT('',#10371);
#4194=VERTEX_POINT('',#10374);
#4195=VERTEX_POINT('',#10378);
#4196=VERTEX_POINT('',#10382);
#4197=VERTEX_POINT('',#10387);
#4198=VERTEX_POINT('',#10399);
#4199=VERTEX_POINT('',#10401);
#4200=VERTEX_POINT('',#10402);
#4201=VERTEX_POINT('',#10404);
#4202=VERTEX_POINT('',#10406);
#4203=VERTEX_POINT('',#10419);
#4204=VERTEX_POINT('',#10431);
#4205=VERTEX_POINT('',#10434);
#4206=VERTEX_POINT('',#10435);
#4207=VERTEX_POINT('',#10437);
#4208=VERTEX_POINT('',#10439);
#4209=VERTEX_POINT('',#10447);
#4210=VERTEX_POINT('',#10449);
#4211=VERTEX_POINT('',#10451);
#4212=VERTEX_POINT('',#10453);
#4213=VERTEX_POINT('',#10455);
#4214=VERTEX_POINT('',#10465);
#4215=VERTEX_POINT('',#10466);
#4216=VERTEX_POINT('',#10471);
#4217=VERTEX_POINT('',#10473);
#4218=VERTEX_POINT('',#10478);
#4219=VERTEX_POINT('',#10480);
#4220=VERTEX_POINT('',#10485);
#4221=VERTEX_POINT('',#10487);
#4222=VERTEX_POINT('',#10492);
#4223=VERTEX_POINT('',#10494);
#4224=VERTEX_POINT('',#10496);
#4225=VERTEX_POINT('',#10498);
#4226=VERTEX_POINT('',#10501);
#4227=VERTEX_POINT('',#10519);
#4228=VERTEX_POINT('',#10520);
#4229=VERTEX_POINT('',#10526);
#4230=VERTEX_POINT('',#10531);
#4231=VERTEX_POINT('',#10536);
#4232=VERTEX_POINT('',#10541);
#4233=VERTEX_POINT('',#10546);
#4234=VERTEX_POINT('',#10553);
#4235=VERTEX_POINT('',#10554);
#4236=VERTEX_POINT('',#10556);
#4237=VERTEX_POINT('',#10562);
#4238=VERTEX_POINT('',#10567);
#4239=VERTEX_POINT('',#10573);
#4240=VERTEX_POINT('',#10575);
#4241=VERTEX_POINT('',#10577);
#4242=VERTEX_POINT('',#10582);
#4243=VERTEX_POINT('',#10584);
#4244=VERTEX_POINT('',#10586);
#4245=VERTEX_POINT('',#10588);
#4246=VERTEX_POINT('',#10590);
#4247=VERTEX_POINT('',#10592);
#4248=VERTEX_POINT('',#10594);
#4249=VERTEX_POINT('',#10601);
#4250=VERTEX_POINT('',#10603);
#4251=VERTEX_POINT('',#10605);
#4252=VERTEX_POINT('',#10610);
#4253=VERTEX_POINT('',#10611);
#4254=VERTEX_POINT('',#10613);
#4255=VERTEX_POINT('',#10615);
#4256=VERTEX_POINT('',#10617);
#4257=VERTEX_POINT('',#10619);
#4258=VERTEX_POINT('',#10621);
#4259=VERTEX_POINT('',#10626);
#4260=VERTEX_POINT('',#10629);
#4261=VERTEX_POINT('',#10631);
#4262=VERTEX_POINT('',#10637);
#4263=VERTEX_POINT('',#10642);
#4264=VERTEX_POINT('',#10645);
#4265=VERTEX_POINT('',#10648);
#4266=VERTEX_POINT('',#10650);
#4267=VERTEX_POINT('',#10653);
#4268=VERTEX_POINT('',#10661);
#4269=VERTEX_POINT('',#10664);
#4270=VERTEX_POINT('',#10669);
#4271=VERTEX_POINT('',#10671);
#4272=VERTEX_POINT('',#10676);
#4273=VERTEX_POINT('',#10689);
#4274=VERTEX_POINT('',#10690);
#4275=VERTEX_POINT('',#10692);
#4276=VERTEX_POINT('',#10697);
#4277=VERTEX_POINT('',#10777);
#4278=VERTEX_POINT('',#10779);
#4279=VERTEX_POINT('',#10784);
#4280=VERTEX_POINT('',#10791);
#4281=VERTEX_POINT('',#10794);
#4282=VERTEX_POINT('',#10796);
#4283=VERTEX_POINT('',#10797);
#4284=VERTEX_POINT('',#10799);
#4285=VERTEX_POINT('',#10804);
#4286=VERTEX_POINT('',#10833);
#4287=VERTEX_POINT('',#10838);
#4288=VERTEX_POINT('',#10845);
#4289=VERTEX_POINT('',#10846);
#4290=VERTEX_POINT('',#10848);
#4291=VERTEX_POINT('',#10853);
#4292=VERTEX_POINT('',#10857);
#4293=VERTEX_POINT('',#10882);
#4294=VERTEX_POINT('',#10894);
#4295=VERTEX_POINT('',#10919);
#4296=VERTEX_POINT('',#10973);
#4297=VERTEX_POINT('',#10977);
#4298=VERTEX_POINT('',#10981);
#4299=VERTEX_POINT('',#10982);
#4300=VERTEX_POINT('',#10987);
#4301=VERTEX_POINT('',#10989);
#4302=VERTEX_POINT('',#11197);
#4303=VERTEX_POINT('',#11198);
#4304=VERTEX_POINT('',#11241);
#4305=VERTEX_POINT('',#11243);
#4306=VERTEX_POINT('',#11246);
#4307=VERTEX_POINT('',#11248);
#4308=VERTEX_POINT('',#11253);
#4309=VERTEX_POINT('',#11255);
#4310=VERTEX_POINT('',#11258);
#4311=VERTEX_POINT('',#11260);
#4312=VERTEX_POINT('',#11263);
#4313=VERTEX_POINT('',#11265);
#4314=VERTEX_POINT('',#11268);
#4315=VERTEX_POINT('',#11270);
#4316=VERTEX_POINT('',#11273);
#4317=VERTEX_POINT('',#11276);
#4318=VERTEX_POINT('',#11278);
#4319=VERTEX_POINT('',#11281);
#4320=VERTEX_POINT('',#11283);
#4321=VERTEX_POINT('',#11286);
#4322=VERTEX_POINT('',#11289);
#4323=VERTEX_POINT('',#11292);
#4324=VERTEX_POINT('',#11302);
#4325=VERTEX_POINT('',#11303);
#4326=VERTEX_POINT('',#11305);
#4327=VERTEX_POINT('',#11307);
#4328=VERTEX_POINT('',#11311);
#4329=VERTEX_POINT('',#11312);
#4330=VERTEX_POINT('',#11314);
#4331=VERTEX_POINT('',#11316);
#4332=VERTEX_POINT('',#11320);
#4333=VERTEX_POINT('',#11321);
#4334=VERTEX_POINT('',#11323);
#4335=VERTEX_POINT('',#11325);
#4336=VERTEX_POINT('',#11329);
#4337=VERTEX_POINT('',#11330);
#4338=VERTEX_POINT('',#11332);
#4339=VERTEX_POINT('',#11334);
#4340=VERTEX_POINT('',#11338);
#4341=VERTEX_POINT('',#11339);
#4342=VERTEX_POINT('',#11341);
#4343=VERTEX_POINT('',#11343);
#4344=VERTEX_POINT('',#11347);
#4345=VERTEX_POINT('',#11348);
#4346=VERTEX_POINT('',#11350);
#4347=VERTEX_POINT('',#11352);
#4348=VERTEX_POINT('',#11356);
#4349=VERTEX_POINT('',#11540);
#4350=VERTEX_POINT('',#11542);
#4351=VERTEX_POINT('',#11545);
#4352=VERTEX_POINT('',#11547);
#4353=VERTEX_POINT('',#11550);
#4354=VERTEX_POINT('',#11552);
#4355=VERTEX_POINT('',#11553);
#4356=VERTEX_POINT('',#11561);
#4357=VERTEX_POINT('',#11563);
#4358=VERTEX_POINT('',#11573);
#4359=VERTEX_POINT('',#11925);
#4360=VERTEX_POINT('',#11943);
#4361=VERTEX_POINT('',#11961);
#4362=VERTEX_POINT('',#11979);
#4363=VERTEX_POINT('',#11997);
#4364=VERTEX_POINT('',#12015);
#4365=VERTEX_POINT('',#12374);
#4366=VERTEX_POINT('',#12392);
#4367=VERTEX_POINT('',#12410);
#4368=VERTEX_POINT('',#12428);
#4369=VERTEX_POINT('',#12446);
#4370=VERTEX_POINT('',#12464);
#4371=VERTEX_POINT('',#12482);
#4372=VERTEX_POINT('',#12484);
#4373=VERTEX_POINT('',#12489);
#4374=VERTEX_POINT('',#12491);
#4375=VERTEX_POINT('',#12497);
#4376=VERTEX_POINT('',#12529);
#4377=VERTEX_POINT('',#12533);
#4378=VERTEX_POINT('',#12541);
#4379=VERTEX_POINT('',#12545);
#4380=VERTEX_POINT('',#12548);
#4381=VERTEX_POINT('',#12551);
#4382=VERTEX_POINT('',#12554);
#4383=VERTEX_POINT('',#12558);
#4384=VERTEX_POINT('',#12559);
#4385=CIRCLE('',#6401,0.001875);
#4386=CIRCLE('',#6402,0.001875);
#4387=CIRCLE('',#6404,0.001675);
#4388=CIRCLE('',#6405,0.001);
#4389=CIRCLE('',#6407,0.001675);
#4390=CIRCLE('',#6409,0.001);
#4391=CIRCLE('',#6411,0.0008);
#4392=CIRCLE('',#6425,0.0035);
#4393=CIRCLE('',#6426,0.0035);
#4394=CIRCLE('',#6428,0.0008);
#4395=CIRCLE('',#6429,0.0008);
#4396=CIRCLE('',#6431,0.0008);
#4397=CIRCLE('',#6432,0.0008);
#4398=CIRCLE('',#6434,0.00689655711206685);
#4399=CIRCLE('',#6437,0.00689655711206685);
#4400=CIRCLE('',#6442,0.00906188425753637);
#4401=CIRCLE('',#6443,0.00125);
#4402=CIRCLE('',#6444,0.00125);
#4403=CIRCLE('',#6445,0.00125);
#4404=CIRCLE('',#6446,0.00125);
#4405=CIRCLE('',#6448,0.0037);
#4406=CIRCLE('',#6450,0.00926188425753637);
#4407=CIRCLE('',#6451,0.00926188425753637);
#4408=CIRCLE('',#6452,0.00926188425753637);
#4409=CIRCLE('',#6453,0.00926188425753637);
#4410=CIRCLE('',#6454,0.00926188425753637);
#4411=CIRCLE('',#6456,0.00906188425753637);
#4412=CIRCLE('',#6457,0.00906188425753637);
#4413=CIRCLE('',#6458,0.00906188425753637);
#4414=CIRCLE('',#6459,0.00906188425753637);
#4415=CIRCLE('',#6461,0.00125);
#4416=CIRCLE('',#6464,0.00125);
#4417=CIRCLE('',#6467,0.00125);
#4418=CIRCLE('',#6470,0.00125);
#4419=CIRCLE('',#6488,0.0015);
#4420=CIRCLE('',#6489,0.0015);
#4421=CIRCLE('',#6491,0.0013);
#4422=CIRCLE('',#6492,0.0005);
#4423=CIRCLE('',#6493,0.0005);
#4424=CIRCLE('',#6495,0.0013);
#4425=CIRCLE('',#6497,0.0005);
#4426=CIRCLE('',#6500,0.0005);
#4427=CIRCLE('',#6506,0.0009);
#4428=CIRCLE('',#6507,0.0009);
#4429=CIRCLE('',#6509,0.003);
#4430=CIRCLE('',#6510,0.003);
#4431=CIRCLE('',#6512,0.0012);
#4432=CIRCLE('',#6513,0.0027);
#4433=CIRCLE('',#6515,0.0012);
#4434=CIRCLE('',#6516,0.0027);
#4435=CIRCLE('',#6524,0.00105);
#4436=CIRCLE('',#6525,0.00145);
#4437=CIRCLE('',#6527,0.00145);
#4438=CIRCLE('',#6528,0.00105);
#4439=CIRCLE('',#6530,0.00105);
#4440=CIRCLE('',#6531,0.00145);
#4441=CIRCLE('',#6533,0.00105);
#4442=CIRCLE('',#6534,0.00145);
#4443=CIRCLE('',#6536,0.00105);
#4444=CIRCLE('',#6537,0.00145);
#4445=CIRCLE('',#6539,0.00105);
#4446=CIRCLE('',#6540,0.00145);
#4447=CIRCLE('',#6542,0.00105);
#4448=CIRCLE('',#6543,0.00145);
#4449=CIRCLE('',#6545,0.00105);
#4450=CIRCLE('',#6546,0.00105);
#4451=CIRCLE('',#6547,0.00105);
#4452=CIRCLE('',#6548,0.00105);
#4453=CIRCLE('',#6549,0.00105);
#4454=CIRCLE('',#6550,0.00105);
#4455=CIRCLE('',#6551,0.00105);
#4456=CIRCLE('',#6552,0.00105);
#4457=CIRCLE('',#6553,0.00105);
#4458=CIRCLE('',#6554,0.00105);
#4459=CIRCLE('',#6556,0.00105);
#4460=CIRCLE('',#6557,0.00105);
#4461=CIRCLE('',#6558,0.00105);
#4462=CIRCLE('',#6559,0.00105);
#4463=CIRCLE('',#6560,0.00105);
#4464=CIRCLE('',#6561,0.00105);
#4465=CIRCLE('',#6562,0.00105);
#4466=CIRCLE('',#6563,0.00105);
#4467=CIRCLE('',#6564,0.00105);
#4468=CIRCLE('',#6566,0.00105);
#4469=CIRCLE('',#6567,0.00105);
#4470=CIRCLE('',#6568,0.00105);
#4471=CIRCLE('',#6569,0.00105);
#4472=CIRCLE('',#6570,0.00105);
#4473=CIRCLE('',#6571,0.00105);
#4474=CIRCLE('',#6572,0.00105);
#4475=CIRCLE('',#6573,0.00105);
#4476=CIRCLE('',#6574,0.00105);
#4477=CIRCLE('',#6575,0.00105);
#4478=CIRCLE('',#6577,0.00145);
#4479=CIRCLE('',#6578,0.00145);
#4480=CIRCLE('',#6580,0.00145);
#4481=CIRCLE('',#6582,0.00145);
#4482=CIRCLE('',#6584,0.00145);
#4483=CIRCLE('',#6586,0.00145);
#4484=CIRCLE('',#6587,0.00145);
#4485=CIRCLE('',#6589,0.00145);
#4486=CIRCLE('',#6591,0.00145);
#4487=CIRCLE('',#6593,0.00145);
#4488=CIRCLE('',#6595,0.00145);
#4489=CIRCLE('',#6597,0.00145);
#4490=CIRCLE('',#6599,0.00145);
#4491=CIRCLE('',#6601,0.00145);
#4492=CIRCLE('',#6603,0.00145);
#4493=CIRCLE('',#6605,0.00145);
#4494=CIRCLE('',#6607,0.00145);
#4495=CIRCLE('',#6608,0.00145);
#4496=CIRCLE('',#6609,0.00145);
#4497=CIRCLE('',#6610,0.00145);
#4498=CIRCLE('',#6612,0.00145);
#4499=CIRCLE('',#6614,0.00145);
#4500=CIRCLE('',#6615,0.00145);
#4501=CIRCLE('',#6617,0.00145);
#4502=CIRCLE('',#6619,0.00145);
#4503=CIRCLE('',#6621,0.00145);
#4504=CIRCLE('',#6622,0.00145);
#4505=CIRCLE('',#6624,0.002);
#4506=CIRCLE('',#6625,0.002);
#4507=CIRCLE('',#6626,0.002);
#4508=CIRCLE('',#6627,0.0002);
#4509=CIRCLE('',#6628,0.00165);
#4510=CIRCLE('',#6629,0.0002);
#4511=CIRCLE('',#6630,0.0002);
#4512=CIRCLE('',#6631,0.00165);
#4513=CIRCLE('',#6632,0.0002);
#4514=CIRCLE('',#6633,0.0002);
#4515=CIRCLE('',#6634,0.00165);
#4516=CIRCLE('',#6635,0.0002);
#4517=CIRCLE('',#6637,0.002);
#4518=CIRCLE('',#6638,0.002);
#4519=CIRCLE('',#6639,0.002);
#4520=CIRCLE('',#6640,0.0002);
#4521=CIRCLE('',#6641,0.00165);
#4522=CIRCLE('',#6642,0.0002);
#4523=CIRCLE('',#6643,0.0002);
#4524=CIRCLE('',#6644,0.00165);
#4525=CIRCLE('',#6645,0.0002);
#4526=CIRCLE('',#6646,0.0002);
#4527=CIRCLE('',#6647,0.00165);
#4528=CIRCLE('',#6648,0.0002);
#4529=CIRCLE('',#6650,0.0002);
#4530=CIRCLE('',#6651,0.0002);
#4531=CIRCLE('',#6652,0.0002);
#4532=CIRCLE('',#6653,0.0002);
#4533=CIRCLE('',#6654,0.0002);
#4534=CIRCLE('',#6655,0.0002);
#4535=CIRCLE('',#6656,0.0002);
#4536=CIRCLE('',#6657,0.00165);
#4537=CIRCLE('',#6658,0.0002);
#4538=CIRCLE('',#6659,0.0002);
#4539=CIRCLE('',#6660,0.00165);
#4540=CIRCLE('',#6661,0.0002);
#4541=CIRCLE('',#6662,0.0002);
#4542=CIRCLE('',#6663,0.00165);
#4543=CIRCLE('',#6664,0.0002);
#4544=CIRCLE('',#6665,0.0002);
#4545=CIRCLE('',#6666,0.00165);
#4546=CIRCLE('',#6667,0.0002);
#4547=CIRCLE('',#6668,0.0002);
#4548=CIRCLE('',#6669,0.00165);
#4549=CIRCLE('',#6670,0.0002);
#4550=CIRCLE('',#6672,0.0002);
#4551=CIRCLE('',#6673,0.00165);
#4552=CIRCLE('',#6674,0.0002);
#4553=CIRCLE('',#6675,0.0002);
#4554=CIRCLE('',#6676,0.00165);
#4555=CIRCLE('',#6677,0.0002);
#4556=CIRCLE('',#6678,0.0002);
#4557=CIRCLE('',#6679,0.00165);
#4558=CIRCLE('',#6680,0.0002);
#4559=CIRCLE('',#6681,0.0002);
#4560=CIRCLE('',#6682,0.00165);
#4561=CIRCLE('',#6683,0.0002);
#4562=CIRCLE('',#6684,0.0002);
#4563=CIRCLE('',#6685,0.00165);
#4564=CIRCLE('',#6686,0.0002);
#4565=CIRCLE('',#6687,0.0002);
#4566=CIRCLE('',#6688,0.0002);
#4567=CIRCLE('',#6689,0.0002);
#4568=CIRCLE('',#6690,0.0002);
#4569=CIRCLE('',#6691,0.0002);
#4570=CIRCLE('',#6692,0.0002);
#4571=CIRCLE('',#6701,0.00145);
#4572=CIRCLE('',#6716,0.00145);
#4573=CIRCLE('',#6717,0.00145);
#4574=CIRCLE('',#6718,0.00145);
#4575=CIRCLE('',#6719,0.00145);
#4576=CIRCLE('',#6733,0.00155);
#4577=CIRCLE('',#6734,0.00155);
#4578=CIRCLE('',#6736,0.00155);
#4579=CIRCLE('',#6737,0.00155);
#4580=CIRCLE('',#6745,0.00155);
#4581=CIRCLE('',#6746,0.00155);
#4582=CIRCLE('',#6749,0.00155);
#4583=CIRCLE('',#6750,0.00155);
#4584=CIRCLE('',#6757,0.00155);
#4585=CIRCLE('',#6758,0.00155);
#4586=CIRCLE('',#6760,0.00155);
#4587=CIRCLE('',#6761,0.00155);
#4588=CIRCLE('',#6772,0.00145);
#4589=CIRCLE('',#6775,0.00145);
#4590=CIRCLE('',#6776,0.00145);
#4591=CIRCLE('',#6777,0.00145);
#4592=CIRCLE('',#6779,0.00145);
#4593=CIRCLE('',#6780,0.00145);
#4594=CIRCLE('',#6781,0.00145);
#4595=CIRCLE('',#6783,0.00145);
#4596=CIRCLE('',#6784,0.00145);
#4597=CIRCLE('',#6785,0.00145);
#4598=CIRCLE('',#6787,0.00145);
#4599=CIRCLE('',#6788,0.00145);
#4600=CIRCLE('',#6789,0.00145);
#4601=CIRCLE('',#6791,0.00145);
#4602=CIRCLE('',#6792,0.00145);
#4603=CIRCLE('',#6793,0.00145);
#4604=CIRCLE('',#6795,0.00145);
#4605=CIRCLE('',#6796,0.00145);
#4606=CIRCLE('',#6797,0.00145);
#4607=CIRCLE('',#6854,0.003);
#4608=CIRCLE('',#6855,0.003);
#4609=CIRCLE('',#6857,0.0005);
#4610=CIRCLE('',#6858,0.0005);
#4611=CIRCLE('',#6860,0.0025);
#4612=CIRCLE('',#6863,0.0005);
#4613=CIRCLE('',#6866,0.0005);
#4614=CIRCLE('',#6870,0.0031);
#4615=CIRCLE('',#6871,0.0031);
#4616=CIRCLE('',#6872,0.0031);
#4617=CIRCLE('',#6874,0.0044);
#4618=CIRCLE('',#6875,0.0044);
#4619=CIRCLE('',#6876,0.0044);
#4620=CIRCLE('',#6878,0.0003);
#4621=CIRCLE('',#6879,0.0003);
#4622=CIRCLE('',#6880,0.0033);
#4623=CIRCLE('',#6881,0.0025);
#4624=CIRCLE('',#6885,0.0044);
#4625=CIRCLE('',#6886,0.0044);
#4626=CIRCLE('',#6887,0.0044);
#4627=CIRCLE('',#6888,0.0044);
#4628=CIRCLE('',#6890,0.0008);
#4629=CIRCLE('',#6891,0.0008);
#4630=CIRCLE('',#6892,0.0018);
#4631=CIRCLE('',#6893,0.0042);
#4632=CIRCLE('',#6894,0.0042);
#4633=CIRCLE('',#6895,0.0042);
#4634=CIRCLE('',#6896,0.00205);
#4635=CIRCLE('',#6897,0.0027);
#4636=CIRCLE('',#6898,0.0033);
#4637=CIRCLE('',#6900,0.0008);
#4638=CIRCLE('',#6901,0.0008);
#4639=CIRCLE('',#6903,0.0008);
#4640=CIRCLE('',#6906,0.0008);
#4641=CIRCLE('',#6907,0.0008);
#4642=CIRCLE('',#6913,0.0025);
#4643=CIRCLE('',#6915,0.0016);
#4644=CIRCLE('',#6916,0.0016);
#4645=CIRCLE('',#6918,0.00225);
#4646=CIRCLE('',#6924,0.0008);
#4647=CIRCLE('',#6927,0.0008);
#4648=CIRCLE('',#6932,0.0005);
#4649=CIRCLE('',#6933,0.0005);
#4650=CIRCLE('',#6935,0.0005);
#4651=CIRCLE('',#6937,0.0005);
#4652=CIRCLE('',#6960,0.0005);
#4653=CIRCLE('',#6961,0.0005);
#4654=CIRCLE('',#6964,0.0008);
#4655=CIRCLE('',#6967,0.0008);
#4656=CIRCLE('',#6971,0.0009);
#4657=CIRCLE('',#6972,0.0009);
#4658=CIRCLE('',#6974,0.003475);
#4659=CIRCLE('',#6975,0.003475);
#4660=CIRCLE('',#6977,0.003275);
#4661=CIRCLE('',#6978,0.001325);
#4662=CIRCLE('',#6980,0.0023);
#4663=CIRCLE('',#6981,0.003275);
#4664=CIRCLE('',#6983,0.001325);
#4665=CIRCLE('',#6985,0.003);
#4666=CIRCLE('',#6986,0.003);
#4667=CIRCLE('',#6988,0.0011);
#4668=CIRCLE('',#6989,0.0028);
#4669=CIRCLE('',#6991,0.0028);
#4670=CIRCLE('',#6993,0.0021);
#4671=CIRCLE('',#6995,0.0021);
#4672=CIRCLE('',#7004,0.00395);
#4673=CIRCLE('',#7005,0.00395);
#4674=CIRCLE('',#7007,0.00395);
#4675=CIRCLE('',#7008,0.00395);
#4676=CIRCLE('',#7010,0.00395);
#4677=CIRCLE('',#7011,0.00395);
#4678=CIRCLE('',#7013,0.00395);
#4679=CIRCLE('',#7014,0.00395);
#4680=CIRCLE('',#7016,0.00395);
#4681=CIRCLE('',#7017,0.00395);
#4682=CIRCLE('',#7020,0.0026);
#4683=CIRCLE('',#7022,0.0002);
#4684=CIRCLE('',#7023,0.000499999999993897);
#4685=CIRCLE('',#7025,0.00190041507642608);
#4686=CIRCLE('',#7026,0.00349919004830523);
#4687=CIRCLE('',#7028,0.0013000000000332);
#4688=CIRCLE('',#7029,0.0026);
#4689=CIRCLE('',#7030,0.003141265875);
#4690=CIRCLE('',#7032,0.0025);
#4691=CIRCLE('',#7033,0.0026);
#4692=CIRCLE('',#7035,0.0025);
#4693=CIRCLE('',#7036,0.00349919004830523);
#4694=CIRCLE('',#7039,0.000749999999999989);
#4695=CIRCLE('',#7045,0.00395);
#4696=CIRCLE('',#7047,0.00395);
#4697=CIRCLE('',#7049,0.000200000000063483);
#4698=CIRCLE('',#7052,0.0005);
#4699=CIRCLE('',#7054,0.000499999999988177);
#4700=CIRCLE('',#7056,0.001);
#4701=CIRCLE('',#7058,0.001);
#4702=CIRCLE('',#7061,0.000749999999999989);
#4703=EDGE_LOOP('',(#1252));
#4704=EDGE_LOOP('',(#1253));
#4705=EDGE_LOOP('',(#1254));
#4706=EDGE_LOOP('',(#1255));
#4707=EDGE_LOOP('',(#1256));
#4708=EDGE_LOOP('',(#1257,#1258,#1259,#1260,#1261,#1262));
#4709=EDGE_LOOP('',(#1263));
#4710=EDGE_LOOP('',(#1264));
#4711=EDGE_LOOP('',(#1265));
#4712=EDGE_LOOP('',(#1266,#1267,#1268,#1269));
#4713=EDGE_LOOP('',(#1270,#1271,#1272,#1273));
#4714=EDGE_LOOP('',(#1274,#1275,#1276,#1277));
#4715=EDGE_LOOP('',(#1278,#1279,#1280,#1281));
#4716=EDGE_LOOP('',(#1282,#1283,#1284,#1285));
#4717=EDGE_LOOP('',(#1286,#1287,#1288,#1289));
#4718=EDGE_LOOP('',(#1290,#1291,#1292,#1293,#1294,#1295));
#4719=EDGE_LOOP('',(#1296));
#4720=EDGE_LOOP('',(#1297));
#4721=EDGE_LOOP('',(#1298));
#4722=EDGE_LOOP('',(#1299));
#4723=EDGE_LOOP('',(#1300));
#4724=EDGE_LOOP('',(#1301));
#4725=EDGE_LOOP('',(#1302));
#4726=EDGE_LOOP('',(#1303));
#4727=EDGE_LOOP('',(#1304));
#4728=EDGE_LOOP('',(#1305));
#4729=EDGE_LOOP('',(#1306));
#4730=EDGE_LOOP('',(#1307));
#4731=EDGE_LOOP('',(#1308,#1309,#1310,#1311,#1312,#1313,#1314,#1315));
#4732=EDGE_LOOP('',(#1316));
#4733=EDGE_LOOP('',(#1317));
#4734=EDGE_LOOP('',(#1318,#1319,#1320,#1321,#1322,#1323,#1324,#1325));
#4735=EDGE_LOOP('',(#1326,#1327,#1328,#1329));
#4736=EDGE_LOOP('',(#1330,#1331,#1332,#1333));
#4737=EDGE_LOOP('',(#1334,#1335,#1336,#1337));
#4738=EDGE_LOOP('',(#1338,#1339,#1340,#1341));
#4739=EDGE_LOOP('',(#1342,#1343,#1344,#1345));
#4740=EDGE_LOOP('',(#1346,#1347,#1348,#1349));
#4741=EDGE_LOOP('',(#1350));
#4742=EDGE_LOOP('',(#1351));
#4743=EDGE_LOOP('',(#1352));
#4744=EDGE_LOOP('',(#1353));
#4745=EDGE_LOOP('',(#1354));
#4746=EDGE_LOOP('',(#1355));
#4747=EDGE_LOOP('',(#1356));
#4748=EDGE_LOOP('',(#1357,#1358,#1359,#1360,#1361,#1362,#1363,#1364));
#4749=EDGE_LOOP('',(#1365));
#4750=EDGE_LOOP('',(#1366,#1367,#1368,#1369));
#4751=EDGE_LOOP('',(#1370,#1371,#1372,#1373));
#4752=EDGE_LOOP('',(#1374,#1375,#1376,#1377,#1378,#1379,#1380,#1381,#1382,
#1383,#1384,#1385,#1386,#1387));
#4753=EDGE_LOOP('',(#1388,#1389,#1390,#1391));
#4754=EDGE_LOOP('',(#1392,#1393,#1394,#1395));
#4755=EDGE_LOOP('',(#1396,#1397,#1398,#1399));
#4756=EDGE_LOOP('',(#1400,#1401,#1402,#1403));
#4757=EDGE_LOOP('',(#1404,#1405,#1406));
#4758=EDGE_LOOP('',(#1407));
#4759=EDGE_LOOP('',(#1408));
#4760=EDGE_LOOP('',(#1409));
#4761=EDGE_LOOP('',(#1410));
#4762=EDGE_LOOP('',(#1411,#1412,#1413));
#4763=EDGE_LOOP('',(#1414));
#4764=EDGE_LOOP('',(#1415));
#4765=EDGE_LOOP('',(#1416));
#4766=EDGE_LOOP('',(#1417));
#4767=EDGE_LOOP('',(#1418));
#4768=EDGE_LOOP('',(#1419));
#4769=EDGE_LOOP('',(#1420));
#4770=EDGE_LOOP('',(#1421));
#4771=EDGE_LOOP('',(#1422));
#4772=EDGE_LOOP('',(#1423));
#4773=EDGE_LOOP('',(#1424));
#4774=EDGE_LOOP('',(#1425));
#4775=EDGE_LOOP('',(#1426));
#4776=EDGE_LOOP('',(#1427));
#4777=EDGE_LOOP('',(#1428));
#4778=EDGE_LOOP('',(#1429));
#4779=EDGE_LOOP('',(#1430,#1431,#1432,#1433));
#4780=EDGE_LOOP('',(#1434,#1435,#1436,#1437));
#4781=EDGE_LOOP('',(#1438,#1439,#1440,#1441));
#4782=EDGE_LOOP('',(#1442,#1443,#1444,#1445));
#4783=EDGE_LOOP('',(#1446,#1447,#1448,#1449));
#4784=EDGE_LOOP('',(#1450,#1451,#1452,#1453));
#4785=EDGE_LOOP('',(#1454,#1455,#1456,#1457));
#4786=EDGE_LOOP('',(#1458,#1459,#1460,#1461));
#4787=EDGE_LOOP('',(#1462));
#4788=EDGE_LOOP('',(#1463));
#4789=EDGE_LOOP('',(#1464,#1465,#1466,#1467));
#4790=EDGE_LOOP('',(#1468,#1469,#1470,#1471));
#4791=EDGE_LOOP('',(#1472,#1473,#1474,#1475));
#4792=EDGE_LOOP('',(#1476,#1477,#1478,#1479));
#4793=EDGE_LOOP('',(#1480));
#4794=EDGE_LOOP('',(#1481));
#4795=EDGE_LOOP('',(#1482));
#4796=EDGE_LOOP('',(#1483));
#4797=EDGE_LOOP('',(#1484));
#4798=EDGE_LOOP('',(#1485));
#4799=EDGE_LOOP('',(#1486));
#4800=EDGE_LOOP('',(#1487));
#4801=EDGE_LOOP('',(#1488));
#4802=EDGE_LOOP('',(#1489));
#4803=EDGE_LOOP('',(#1490));
#4804=EDGE_LOOP('',(#1491));
#4805=EDGE_LOOP('',(#1492));
#4806=EDGE_LOOP('',(#1493));
#4807=EDGE_LOOP('',(#1494));
#4808=EDGE_LOOP('',(#1495));
#4809=EDGE_LOOP('',(#1496));
#4810=EDGE_LOOP('',(#1497));
#4811=EDGE_LOOP('',(#1498));
#4812=EDGE_LOOP('',(#1499));
#4813=EDGE_LOOP('',(#1500));
#4814=EDGE_LOOP('',(#1501));
#4815=EDGE_LOOP('',(#1502));
#4816=EDGE_LOOP('',(#1503));
#4817=EDGE_LOOP('',(#1504));
#4818=EDGE_LOOP('',(#1505));
#4819=EDGE_LOOP('',(#1506));
#4820=EDGE_LOOP('',(#1507));
#4821=EDGE_LOOP('',(#1508));
#4822=EDGE_LOOP('',(#1509));
#4823=EDGE_LOOP('',(#1510));
#4824=EDGE_LOOP('',(#1511));
#4825=EDGE_LOOP('',(#1512,#1513,#1514,#1515));
#4826=EDGE_LOOP('',(#1516,#1517,#1518,#1519));
#4827=EDGE_LOOP('',(#1520,#1521,#1522,#1523));
#4828=EDGE_LOOP('',(#1524,#1525,#1526,#1527));
#4829=EDGE_LOOP('',(#1528,#1529,#1530,#1531));
#4830=EDGE_LOOP('',(#1532,#1533,#1534,#1535));
#4831=EDGE_LOOP('',(#1536,#1537,#1538,#1539));
#4832=EDGE_LOOP('',(#1540,#1541,#1542,#1543,#1544,#1545,#1546,#1547,#1548,
#1549,#1550,#1551));
#4833=EDGE_LOOP('',(#1552,#1553,#1554,#1555,#1556,#1557,#1558,#1559,#1560,
#1561,#1562,#1563));
#4834=EDGE_LOOP('',(#1564,#1565,#1566,#1567,#1568,#1569,#1570,#1571,#1572,
#1573,#1574,#1575));
#4835=EDGE_LOOP('',(#1576,#1577,#1578,#1579,#1580,#1581,#1582,#1583,#1584,
#1585,#1586,#1587));
#4836=EDGE_LOOP('',(#1588,#1589,#1590,#1591,#1592,#1593,#1594,#1595,#1596,
#1597,#1598,#1599));
#4837=EDGE_LOOP('',(#1600,#1601,#1602,#1603,#1604,#1605,#1606,#1607,#1608,
#1609,#1610,#1611));
#4838=EDGE_LOOP('',(#1612,#1613,#1614,#1615));
#4839=EDGE_LOOP('',(#1616,#1617,#1618,#1619));
#4840=EDGE_LOOP('',(#1620,#1621,#1622,#1623));
#4841=EDGE_LOOP('',(#1624,#1625,#1626,#1627));
#4842=EDGE_LOOP('',(#1628,#1629,#1630,#1631));
#4843=EDGE_LOOP('',(#1632,#1633,#1634,#1635));
#4844=EDGE_LOOP('',(#1636,#1637,#1638,#1639));
#4845=EDGE_LOOP('',(#1640,#1641,#1642,#1643));
#4846=EDGE_LOOP('',(#1644,#1645,#1646,#1647));
#4847=EDGE_LOOP('',(#1648,#1649,#1650,#1651));
#4848=EDGE_LOOP('',(#1652,#1653,#1654,#1655));
#4849=EDGE_LOOP('',(#1656,#1657,#1658,#1659));
#4850=EDGE_LOOP('',(#1660,#1661,#1662,#1663));
#4851=EDGE_LOOP('',(#1664,#1665,#1666,#1667));
#4852=EDGE_LOOP('',(#1668,#1669,#1670,#1671,#1672,#1673,#1674,#1675,#1676,
#1677,#1678,#1679));
#4853=EDGE_LOOP('',(#1680,#1681,#1682,#1683));
#4854=EDGE_LOOP('',(#1684,#1685,#1686,#1687));
#4855=EDGE_LOOP('',(#1688,#1689,#1690,#1691));
#4856=EDGE_LOOP('',(#1692,#1693,#1694,#1695));
#4857=EDGE_LOOP('',(#1696,#1697,#1698,#1699));
#4858=EDGE_LOOP('',(#1700,#1701,#1702,#1703,#1704,#1705));
#4859=EDGE_LOOP('',(#1706,#1707,#1708,#1709,#1710,#1711,#1712,#1713,#1714,
#1715,#1716,#1717));
#4860=EDGE_LOOP('',(#1718,#1719,#1720,#1721,#1722,#1723));
#4861=EDGE_LOOP('',(#1724,#1725,#1726,#1727,#1728,#1729,#1730,#1731,#1732,
#1733,#1734,#1735));
#4862=EDGE_LOOP('',(#1736,#1737,#1738,#1739,#1740,#1741));
#4863=EDGE_LOOP('',(#1742,#1743,#1744,#1745,#1746,#1747));
#4864=EDGE_LOOP('',(#1748,#1749,#1750,#1751,#1752,#1753,#1754,#1755,#1756,
#1757,#1758,#1759,#1760,#1761,#1762,#1763,#1764,#1765,#1766,#1767,#1768,
#1769,#1770,#1771));
#4865=EDGE_LOOP('',(#1772,#1773,#1774,#1775,#1776,#1777,#1778,#1779,#1780,
#1781,#1782,#1783,#1784,#1785,#1786,#1787,#1788,#1789,#1790,#1791,#1792,
#1793,#1794,#1795));
#4866=EDGE_LOOP('',(#1796,#1797,#1798,#1799,#1800,#1801));
#4867=EDGE_LOOP('',(#1802,#1803,#1804,#1805,#1806,#1807));
#4868=EDGE_LOOP('',(#1808,#1809,#1810,#1811));
#4869=EDGE_LOOP('',(#1812,#1813,#1814,#1815));
#4870=EDGE_LOOP('',(#1816,#1817,#1818,#1819));
#4871=EDGE_LOOP('',(#1820,#1821,#1822,#1823));
#4872=EDGE_LOOP('',(#1824,#1825,#1826,#1827));
#4873=EDGE_LOOP('',(#1828,#1829,#1830,#1831));
#4874=EDGE_LOOP('',(#1832,#1833,#1834,#1835,#1836,#1837));
#4875=EDGE_LOOP('',(#1838,#1839,#1840,#1841));
#4876=EDGE_LOOP('',(#1842,#1843,#1844,#1845,#1846,#1847));
#4877=EDGE_LOOP('',(#1848,#1849,#1850,#1851));
#4878=EDGE_LOOP('',(#1852,#1853,#1854,#1855));
#4879=EDGE_LOOP('',(#1856,#1857,#1858,#1859));
#4880=EDGE_LOOP('',(#1860,#1861,#1862,#1863));
#4881=EDGE_LOOP('',(#1864,#1865,#1866,#1867));
#4882=EDGE_LOOP('',(#1868,#1869,#1870,#1871));
#4883=EDGE_LOOP('',(#1872,#1873,#1874,#1875));
#4884=EDGE_LOOP('',(#1876,#1877,#1878,#1879));
#4885=EDGE_LOOP('',(#1880,#1881,#1882,#1883));
#4886=EDGE_LOOP('',(#1884,#1885,#1886,#1887));
#4887=EDGE_LOOP('',(#1888,#1889,#1890,#1891));
#4888=EDGE_LOOP('',(#1892,#1893,#1894,#1895,#1896,#1897));
#4889=EDGE_LOOP('',(#1898,#1899,#1900,#1901,#1902,#1903,#1904,#1905,#1906,
#1907,#1908,#1909));
#4890=EDGE_LOOP('',(#1910,#1911,#1912,#1913,#1914,#1915));
#4891=EDGE_LOOP('',(#1916,#1917,#1918,#1919));
#4892=EDGE_LOOP('',(#1920,#1921,#1922,#1923));
#4893=EDGE_LOOP('',(#1924,#1925,#1926,#1927));
#4894=EDGE_LOOP('',(#1928,#1929,#1930,#1931));
#4895=EDGE_LOOP('',(#1932,#1933,#1934,#1935));
#4896=EDGE_LOOP('',(#1936,#1937,#1938,#1939));
#4897=EDGE_LOOP('',(#1940,#1941,#1942,#1943));
#4898=EDGE_LOOP('',(#1944,#1945,#1946,#1947));
#4899=EDGE_LOOP('',(#1948,#1949,#1950,#1951));
#4900=EDGE_LOOP('',(#1952,#1953,#1954,#1955));
#4901=EDGE_LOOP('',(#1956,#1957,#1958,#1959));
#4902=EDGE_LOOP('',(#1960,#1961,#1962,#1963));
#4903=EDGE_LOOP('',(#1964,#1965,#1966,#1967));
#4904=EDGE_LOOP('',(#1968,#1969,#1970,#1971));
#4905=EDGE_LOOP('',(#1972,#1973,#1974,#1975));
#4906=EDGE_LOOP('',(#1976,#1977,#1978,#1979,#1980,#1981));
#4907=EDGE_LOOP('',(#1982,#1983,#1984,#1985,#1986,#1987));
#4908=EDGE_LOOP('',(#1988,#1989,#1990,#1991,#1992,#1993));
#4909=EDGE_LOOP('',(#1994,#1995,#1996,#1997,#1998,#1999));
#4910=EDGE_LOOP('',(#2000,#2001,#2002,#2003));
#4911=EDGE_LOOP('',(#2004,#2005,#2006,#2007));
#4912=EDGE_LOOP('',(#2008,#2009,#2010,#2011));
#4913=EDGE_LOOP('',(#2012,#2013,#2014,#2015));
#4914=EDGE_LOOP('',(#2016,#2017,#2018,#2019,#2020,#2021));
#4915=EDGE_LOOP('',(#2022,#2023,#2024,#2025,#2026,#2027));
#4916=EDGE_LOOP('',(#2028,#2029,#2030,#2031,#2032,#2033));
#4917=EDGE_LOOP('',(#2034,#2035,#2036,#2037,#2038,#2039));
#4918=EDGE_LOOP('',(#2040,#2041,#2042,#2043));
#4919=EDGE_LOOP('',(#2044,#2045,#2046,#2047));
#4920=EDGE_LOOP('',(#2048,#2049,#2050,#2051));
#4921=EDGE_LOOP('',(#2052,#2053,#2054,#2055));
#4922=EDGE_LOOP('',(#2056,#2057,#2058,#2059,#2060,#2061));
#4923=EDGE_LOOP('',(#2062,#2063,#2064,#2065,#2066,#2067));
#4924=EDGE_LOOP('',(#2068,#2069,#2070,#2071,#2072,#2073));
#4925=EDGE_LOOP('',(#2074,#2075,#2076,#2077,#2078,#2079));
#4926=EDGE_LOOP('',(#2080,#2081,#2082,#2083));
#4927=EDGE_LOOP('',(#2084,#2085,#2086,#2087));
#4928=EDGE_LOOP('',(#2088,#2089,#2090,#2091));
#4929=EDGE_LOOP('',(#2092,#2093,#2094,#2095));
#4930=EDGE_LOOP('',(#2096,#2097,#2098,#2099));
#4931=EDGE_LOOP('',(#2100,#2101,#2102,#2103,#2104,#2105,#2106,#2107));
#4932=EDGE_LOOP('',(#2108,#2109,#2110,#2111,#2112,#2113));
#4933=EDGE_LOOP('',(#2114,#2115,#2116,#2117,#2118,#2119,#2120,#2121,#2122,
#2123,#2124,#2125,#2126,#2127,#2128,#2129,#2130,#2131,#2132));
#4934=EDGE_LOOP('',(#2133,#2134,#2135,#2136,#2137,#2138,#2139,#2140,#2141,
#2142,#2143,#2144,#2145,#2146,#2147,#2148,#2149,#2150,#2151));
#4935=EDGE_LOOP('',(#2152,#2153,#2154,#2155,#2156,#2157));
#4936=EDGE_LOOP('',(#2158,#2159,#2160,#2161,#2162,#2163,#2164,#2165));
#4937=EDGE_LOOP('',(#2166,#2167,#2168,#2169,#2170,#2171,#2172,#2173,#2174,
#2175,#2176,#2177,#2178,#2179,#2180,#2181,#2182,#2183,#2184));
#4938=EDGE_LOOP('',(#2185,#2186,#2187,#2188,#2189,#2190,#2191,#2192,#2193,
#2194,#2195,#2196,#2197,#2198,#2199,#2200,#2201,#2202,#2203));
#4939=EDGE_LOOP('',(#2204,#2205,#2206,#2207));
#4940=EDGE_LOOP('',(#2208,#2209,#2210,#2211));
#4941=EDGE_LOOP('',(#2212,#2213,#2214,#2215));
#4942=EDGE_LOOP('',(#2216,#2217,#2218,#2219));
#4943=EDGE_LOOP('',(#2220,#2221,#2222,#2223));
#4944=EDGE_LOOP('',(#2224,#2225,#2226,#2227));
#4945=EDGE_LOOP('',(#2228,#2229,#2230,#2231));
#4946=EDGE_LOOP('',(#2232,#2233,#2234,#2235));
#4947=EDGE_LOOP('',(#2236,#2237,#2238,#2239,#2240));
#4948=EDGE_LOOP('',(#2241,#2242,#2243,#2244));
#4949=EDGE_LOOP('',(#2245,#2246,#2247,#2248));
#4950=EDGE_LOOP('',(#2249,#2250,#2251,#2252,#2253));
#4951=EDGE_LOOP('',(#2254,#2255,#2256,#2257));
#4952=EDGE_LOOP('',(#2258,#2259,#2260,#2261));
#4953=EDGE_LOOP('',(#2262,#2263,#2264,#2265));
#4954=EDGE_LOOP('',(#2266,#2267,#2268,#2269));
#4955=EDGE_LOOP('',(#2270,#2271,#2272,#2273));
#4956=EDGE_LOOP('',(#2274,#2275,#2276,#2277));
#4957=EDGE_LOOP('',(#2278,#2279,#2280,#2281));
#4958=EDGE_LOOP('',(#2282,#2283,#2284,#2285));
#4959=EDGE_LOOP('',(#2286,#2287,#2288,#2289));
#4960=EDGE_LOOP('',(#2290,#2291,#2292,#2293));
#4961=EDGE_LOOP('',(#2294,#2295,#2296,#2297));
#4962=EDGE_LOOP('',(#2298,#2299,#2300,#2301));
#4963=EDGE_LOOP('',(#2302,#2303,#2304,#2305));
#4964=EDGE_LOOP('',(#2306,#2307,#2308,#2309));
#4965=EDGE_LOOP('',(#2310,#2311,#2312,#2313));
#4966=EDGE_LOOP('',(#2314,#2315,#2316,#2317));
#4967=EDGE_LOOP('',(#2318,#2319,#2320,#2321));
#4968=EDGE_LOOP('',(#2322,#2323,#2324,#2325));
#4969=EDGE_LOOP('',(#2326,#2327,#2328,#2329));
#4970=EDGE_LOOP('',(#2330,#2331,#2332,#2333));
#4971=EDGE_LOOP('',(#2334,#2335,#2336,#2337));
#4972=EDGE_LOOP('',(#2338,#2339,#2340,#2341));
#4973=EDGE_LOOP('',(#2342,#2343,#2344,#2345));
#4974=EDGE_LOOP('',(#2346,#2347,#2348,#2349,#2350));
#4975=EDGE_LOOP('',(#2351,#2352,#2353,#2354));
#4976=EDGE_LOOP('',(#2355,#2356,#2357,#2358));
#4977=EDGE_LOOP('',(#2359,#2360,#2361,#2362));
#4978=EDGE_LOOP('',(#2363,#2364,#2365,#2366));
#4979=EDGE_LOOP('',(#2367,#2368,#2369,#2370));
#4980=EDGE_LOOP('',(#2371,#2372,#2373,#2374));
#4981=EDGE_LOOP('',(#2375,#2376,#2377,#2378));
#4982=EDGE_LOOP('',(#2379,#2380,#2381,#2382));
#4983=EDGE_LOOP('',(#2383,#2384,#2385,#2386,#2387));
#4984=EDGE_LOOP('',(#2388,#2389,#2390,#2391));
#4985=EDGE_LOOP('',(#2392,#2393,#2394,#2395));
#4986=EDGE_LOOP('',(#2396,#2397,#2398,#2399));
#4987=EDGE_LOOP('',(#2400,#2401,#2402,#2403));
#4988=EDGE_LOOP('',(#2404,#2405,#2406,#2407));
#4989=EDGE_LOOP('',(#2408,#2409,#2410,#2411));
#4990=EDGE_LOOP('',(#2412,#2413,#2414,#2415));
#4991=EDGE_LOOP('',(#2416,#2417,#2418,#2419));
#4992=EDGE_LOOP('',(#2420,#2421,#2422,#2423));
#4993=EDGE_LOOP('',(#2424));
#4994=EDGE_LOOP('',(#2425));
#4995=EDGE_LOOP('',(#2426));
#4996=EDGE_LOOP('',(#2427));
#4997=EDGE_LOOP('',(#2428));
#4998=EDGE_LOOP('',(#2429));
#4999=EDGE_LOOP('',(#2430));
#5000=EDGE_LOOP('',(#2431));
#5001=EDGE_LOOP('',(#2432));
#5002=EDGE_LOOP('',(#2433));
#5003=EDGE_LOOP('',(#2434));
#5004=EDGE_LOOP('',(#2435));
#5005=EDGE_LOOP('',(#2436));
#5006=EDGE_LOOP('',(#2437));
#5007=EDGE_LOOP('',(#2438));
#5008=EDGE_LOOP('',(#2439));
#5009=EDGE_LOOP('',(#2440,#2441,#2442,#2443));
#5010=EDGE_LOOP('',(#2444));
#5011=EDGE_LOOP('',(#2445));
#5012=EDGE_LOOP('',(#2446,#2447,#2448,#2449,#2450,#2451,#2452,#2453,#2454));
#5013=EDGE_LOOP('',(#2455,#2456,#2457,#2458,#2459,#2460,#2461,#2462,#2463,
#2464,#2465,#2466));
#5014=EDGE_LOOP('',(#2467));
#5015=EDGE_LOOP('',(#2468,#2469,#2470,#2471,#2472,#2473,#2474));
#5016=EDGE_LOOP('',(#2475,#2476,#2477,#2478,#2479,#2480,#2481,#2482,#2483,
#2484,#2485,#2486,#2487,#2488,#2489));
#5017=EDGE_LOOP('',(#2490));
#5018=EDGE_LOOP('',(#2491));
#5019=EDGE_LOOP('',(#2492));
#5020=EDGE_LOOP('',(#2493,#2494,#2495,#2496,#2497,#2498,#2499,#2500));
#5021=EDGE_LOOP('',(#2501));
#5022=EDGE_LOOP('',(#2502));
#5023=EDGE_LOOP('',(#2503,#2504,#2505,#2506,#2507,#2508,#2509,#2510,#2511,
#2512));
#5024=EDGE_LOOP('',(#2513));
#5025=EDGE_LOOP('',(#2514));
#5026=EDGE_LOOP('',(#2515,#2516,#2517,#2518,#2519));
#5027=EDGE_LOOP('',(#2520,#2521,#2522,#2523));
#5028=EDGE_LOOP('',(#2524));
#5029=EDGE_LOOP('',(#2525,#2526,#2527,#2528,#2529,#2530,#2531,#2532,#2533,
#2534));
#5030=EDGE_LOOP('',(#2535,#2536,#2537,#2538));
#5031=EDGE_LOOP('',(#2539,#2540,#2541,#2542,#2543));
#5032=EDGE_LOOP('',(#2544,#2545,#2546,#2547));
#5033=EDGE_LOOP('',(#2548,#2549,#2550,#2551));
#5034=EDGE_LOOP('',(#2552,#2553,#2554,#2555));
#5035=EDGE_LOOP('',(#2556,#2557,#2558,#2559));
#5036=EDGE_LOOP('',(#2560,#2561,#2562,#2563,#2564,#2565,#2566));
#5037=EDGE_LOOP('',(#2567));
#5038=EDGE_LOOP('',(#2568));
#5039=EDGE_LOOP('',(#2569));
#5040=EDGE_LOOP('',(#2570,#2571,#2572,#2573,#2574,#2575));
#5041=EDGE_LOOP('',(#2576,#2577,#2578,#2579));
#5042=EDGE_LOOP('',(#2580,#2581,#2582,#2583,#2584,#2585,#2586,#2587,#2588,
#2589));
#5043=EDGE_LOOP('',(#2590,#2591,#2592,#2593));
#5044=EDGE_LOOP('',(#2594,#2595,#2596,#2597));
#5045=EDGE_LOOP('',(#2598));
#5046=EDGE_LOOP('',(#2599));
#5047=EDGE_LOOP('',(#2600));
#5048=EDGE_LOOP('',(#2601));
#5049=EDGE_LOOP('',(#2602));
#5050=EDGE_LOOP('',(#2603));
#5051=EDGE_LOOP('',(#2604,#2605,#2606,#2607));
#5052=EDGE_LOOP('',(#2608,#2609,#2610,#2611));
#5053=EDGE_LOOP('',(#2612,#2613,#2614,#2615,#2616,#2617,#2618,#2619,#2620,
#2621));
#5054=EDGE_LOOP('',(#2622,#2623,#2624,#2625));
#5055=EDGE_LOOP('',(#2626,#2627,#2628,#2629));
#5056=EDGE_LOOP('',(#2630));
#5057=EDGE_LOOP('',(#2631));
#5058=EDGE_LOOP('',(#2632));
#5059=EDGE_LOOP('',(#2633,#2634));
#5060=EDGE_LOOP('',(#2635));
#5061=EDGE_LOOP('',(#2636,#2637));
#5062=EDGE_LOOP('',(#2638));
#5063=EDGE_LOOP('',(#2639));
#5064=EDGE_LOOP('',(#2640,#2641,#2642,#2643,#2644,#2645,#2646,#2647));
#5065=EDGE_LOOP('',(#2648,#2649,#2650,#2651));
#5066=EDGE_LOOP('',(#2652,#2653,#2654,#2655));
#5067=EDGE_LOOP('',(#2656,#2657,#2658,#2659));
#5068=EDGE_LOOP('',(#2660,#2661,#2662,#2663));
#5069=EDGE_LOOP('',(#2664,#2665,#2666,#2667));
#5070=EDGE_LOOP('',(#2668,#2669,#2670,#2671));
#5071=EDGE_LOOP('',(#2672,#2673,#2674,#2675));
#5072=EDGE_LOOP('',(#2676,#2677,#2678,#2679));
#5073=EDGE_LOOP('',(#2680));
#5074=EDGE_LOOP('',(#2681));
#5075=EDGE_LOOP('',(#2682,#2683,#2684,#2685));
#5076=EDGE_LOOP('',(#2686,#2687,#2688,#2689));
#5077=EDGE_LOOP('',(#2690,#2691,#2692,#2693));
#5078=EDGE_LOOP('',(#2694,#2695,#2696,#2697));
#5079=EDGE_LOOP('',(#2698,#2699,#2700,#2701));
#5080=EDGE_LOOP('',(#2702,#2703,#2704,#2705));
#5081=EDGE_LOOP('',(#2706,#2707,#2708,#2709));
#5082=EDGE_LOOP('',(#2710,#2711,#2712,#2713));
#5083=EDGE_LOOP('',(#2714,#2715,#2716,#2717));
#5084=EDGE_LOOP('',(#2718,#2719,#2720,#2721));
#5085=EDGE_LOOP('',(#2722,#2723,#2724,#2725));
#5086=EDGE_LOOP('',(#2726,#2727,#2728,#2729));
#5087=EDGE_LOOP('',(#2730));
#5088=EDGE_LOOP('',(#2731));
#5089=EDGE_LOOP('',(#2732,#2733,#2734,#2735));
#5090=EDGE_LOOP('',(#2736,#2737,#2738,#2739,#2740));
#5091=EDGE_LOOP('',(#2741,#2742,#2743,#2744,#2745,#2746,#2747,#2748));
#5092=EDGE_LOOP('',(#2749,#2750,#2751,#2752,#2753));
#5093=EDGE_LOOP('',(#2754));
#5094=EDGE_LOOP('',(#2755));
#5095=EDGE_LOOP('',(#2756));
#5096=EDGE_LOOP('',(#2757));
#5097=EDGE_LOOP('',(#2758));
#5098=EDGE_LOOP('',(#2759));
#5099=EDGE_LOOP('',(#2760));
#5100=EDGE_LOOP('',(#2761));
#5101=EDGE_LOOP('',(#2762));
#5102=EDGE_LOOP('',(#2763));
#5103=EDGE_LOOP('',(#2764));
#5104=EDGE_LOOP('',(#2765));
#5105=EDGE_LOOP('',(#2766));
#5106=EDGE_LOOP('',(#2767));
#5107=EDGE_LOOP('',(#2768));
#5108=EDGE_LOOP('',(#2769));
#5109=EDGE_LOOP('',(#2770));
#5110=EDGE_LOOP('',(#2771));
#5111=EDGE_LOOP('',(#2772));
#5112=EDGE_LOOP('',(#2773));
#5113=EDGE_LOOP('',(#2774));
#5114=EDGE_LOOP('',(#2775));
#5115=EDGE_LOOP('',(#2776));
#5116=EDGE_LOOP('',(#2777));
#5117=EDGE_LOOP('',(#2778));
#5118=EDGE_LOOP('',(#2779));
#5119=EDGE_LOOP('',(#2780));
#5120=EDGE_LOOP('',(#2781));
#5121=EDGE_LOOP('',(#2782));
#5122=EDGE_LOOP('',(#2783));
#5123=EDGE_LOOP('',(#2784));
#5124=EDGE_LOOP('',(#2785));
#5125=EDGE_LOOP('',(#2786));
#5126=EDGE_LOOP('',(#2787));
#5127=EDGE_LOOP('',(#2788));
#5128=EDGE_LOOP('',(#2789));
#5129=EDGE_LOOP('',(#2790));
#5130=EDGE_LOOP('',(#2791));
#5131=EDGE_LOOP('',(#2792,#2793,#2794,#2795));
#5132=EDGE_LOOP('',(#2796,#2797,#2798,#2799));
#5133=EDGE_LOOP('',(#2800,#2801,#2802,#2803));
#5134=EDGE_LOOP('',(#2804,#2805,#2806,#2807));
#5135=EDGE_LOOP('',(#2808,#2809,#2810,#2811));
#5136=EDGE_LOOP('',(#2812,#2813,#2814,#2815));
#5137=EDGE_LOOP('',(#2816,#2817,#2818));
#5138=EDGE_LOOP('',(#2819));
#5139=EDGE_LOOP('',(#2820));
#5140=EDGE_LOOP('',(#2821));
#5141=EDGE_LOOP('',(#2822));
#5142=EDGE_LOOP('',(#2823));
#5143=EDGE_LOOP('',(#2824,#2825,#2826,#2827));
#5144=EDGE_LOOP('',(#2828));
#5145=EDGE_LOOP('',(#2829,#2830));
#5146=EDGE_LOOP('',(#2831,#2832,#2833,#2834,#2835,#2836,#2837,#2838,#2839,
#2840,#2841));
#5147=EDGE_LOOP('',(#2842,#2843,#2844,#2845,#2846,#2847,#2848,#2849,#2850,
#2851));
#5148=EDGE_LOOP('',(#2852));
#5149=EDGE_LOOP('',(#2853));
#5150=EDGE_LOOP('',(#2854,#2855,#2856,#2857));
#5151=EDGE_LOOP('',(#2858));
#5152=EDGE_LOOP('',(#2859,#2860,#2861,#2862));
#5153=EDGE_LOOP('',(#2863,#2864,#2865,#2866));
#5154=EDGE_LOOP('',(#2867,#2868,#2869,#2870));
#5155=EDGE_LOOP('',(#2871,#2872,#2873,#2874));
#5156=EDGE_LOOP('',(#2875,#2876,#2877,#2878));
#5157=EDGE_LOOP('',(#2879));
#5158=EDGE_LOOP('',(#2880,#2881,#2882,#2883,#2884,#2885,#2886,#2887,#2888,
#2889,#2890,#2891));
#5159=EDGE_LOOP('',(#2892));
#5160=EDGE_LOOP('',(#2893,#2894,#2895,#2896,#2897,#2898,#2899,#2900,#2901,
#2902,#2903,#2904));
#5161=EDGE_LOOP('',(#2905));
#5162=EDGE_LOOP('',(#2906));
#5163=EDGE_LOOP('',(#2907));
#5164=EDGE_LOOP('',(#2908));
#5165=EDGE_LOOP('',(#2909));
#5166=EDGE_LOOP('',(#2910));
#5167=EDGE_LOOP('',(#2911));
#5168=EDGE_LOOP('',(#2912));
#5169=EDGE_LOOP('',(#2913));
#5170=EDGE_LOOP('',(#2914));
#5171=EDGE_LOOP('',(#2915));
#5172=EDGE_LOOP('',(#2916));
#5173=EDGE_LOOP('',(#2917));
#5174=EDGE_LOOP('',(#2918));
#5175=EDGE_LOOP('',(#2919));
#5176=EDGE_LOOP('',(#2920));
#5177=EDGE_LOOP('',(#2921));
#5178=EDGE_LOOP('',(#2922));
#5179=EDGE_LOOP('',(#2923));
#5180=EDGE_LOOP('',(#2924,#2925,#2926,#2927));
#5181=EDGE_LOOP('',(#2928,#2929,#2930,#2931));
#5182=EDGE_LOOP('',(#2932,#2933,#2934,#2935,#2936,#2937,#2938,#2939,#2940,
#2941,#2942,#2943,#2944,#2945,#2946,#2947));
#5183=FACE_BOUND('',#4703,.T.);
#5184=FACE_BOUND('',#4704,.T.);
#5185=FACE_BOUND('',#4705,.T.);
#5186=FACE_BOUND('',#4706,.T.);
#5187=FACE_BOUND('',#4707,.T.);
#5188=FACE_BOUND('',#4708,.T.);
#5189=FACE_BOUND('',#4709,.T.);
#5190=FACE_BOUND('',#4710,.T.);
#5191=FACE_BOUND('',#4711,.T.);
#5192=FACE_BOUND('',#4712,.T.);
#5193=FACE_BOUND('',#4713,.T.);
#5194=FACE_BOUND('',#4714,.T.);
#5195=FACE_BOUND('',#4715,.T.);
#5196=FACE_BOUND('',#4716,.T.);
#5197=FACE_BOUND('',#4717,.T.);
#5198=FACE_BOUND('',#4718,.T.);
#5199=FACE_BOUND('',#4719,.T.);
#5200=FACE_BOUND('',#4720,.T.);
#5201=FACE_BOUND('',#4721,.T.);
#5202=FACE_BOUND('',#4722,.T.);
#5203=FACE_BOUND('',#4723,.T.);
#5204=FACE_BOUND('',#4724,.T.);
#5205=FACE_BOUND('',#4725,.T.);
#5206=FACE_BOUND('',#4726,.T.);
#5207=FACE_BOUND('',#4727,.T.);
#5208=FACE_BOUND('',#4728,.T.);
#5209=FACE_BOUND('',#4729,.T.);
#5210=FACE_BOUND('',#4730,.T.);
#5211=FACE_BOUND('',#4731,.T.);
#5212=FACE_BOUND('',#4732,.T.);
#5213=FACE_BOUND('',#4733,.T.);
#5214=FACE_BOUND('',#4734,.T.);
#5215=FACE_BOUND('',#4735,.T.);
#5216=FACE_BOUND('',#4736,.T.);
#5217=FACE_BOUND('',#4737,.T.);
#5218=FACE_BOUND('',#4738,.T.);
#5219=FACE_BOUND('',#4739,.T.);
#5220=FACE_BOUND('',#4740,.T.);
#5221=FACE_BOUND('',#4741,.T.);
#5222=FACE_BOUND('',#4742,.T.);
#5223=FACE_BOUND('',#4743,.T.);
#5224=FACE_BOUND('',#4744,.T.);
#5225=FACE_BOUND('',#4745,.T.);
#5226=FACE_BOUND('',#4746,.T.);
#5227=FACE_BOUND('',#4747,.T.);
#5228=FACE_BOUND('',#4748,.T.);
#5229=FACE_BOUND('',#4749,.T.);
#5230=FACE_BOUND('',#4750,.T.);
#5231=FACE_BOUND('',#4751,.T.);
#5232=FACE_BOUND('',#4752,.T.);
#5233=FACE_BOUND('',#4753,.T.);
#5234=FACE_BOUND('',#4754,.T.);
#5235=FACE_BOUND('',#4755,.T.);
#5236=FACE_BOUND('',#4756,.T.);
#5237=FACE_BOUND('',#4757,.T.);
#5238=FACE_BOUND('',#71,.T.);
#5239=FACE_BOUND('',#4758,.T.);
#5240=FACE_BOUND('',#4759,.T.);
#5241=FACE_BOUND('',#4760,.T.);
#5242=FACE_BOUND('',#4761,.T.);
#5243=FACE_BOUND('',#72,.T.);
#5244=FACE_BOUND('',#4762,.T.);
#5245=FACE_BOUND('',#4763,.T.);
#5246=FACE_BOUND('',#4764,.T.);
#5247=FACE_BOUND('',#73,.T.);
#5248=FACE_BOUND('',#4765,.T.);
#5249=FACE_BOUND('',#4766,.T.);
#5250=FACE_BOUND('',#4767,.T.);
#5251=FACE_BOUND('',#74,.T.);
#5252=FACE_BOUND('',#4768,.T.);
#5253=FACE_BOUND('',#4769,.T.);
#5254=FACE_BOUND('',#4770,.T.);
#5255=FACE_BOUND('',#4771,.T.);
#5256=FACE_BOUND('',#4772,.T.);
#5257=FACE_BOUND('',#4773,.T.);
#5258=FACE_BOUND('',#4774,.T.);
#5259=FACE_BOUND('',#4775,.T.);
#5260=FACE_BOUND('',#4776,.T.);
#5261=FACE_BOUND('',#4777,.T.);
#5262=FACE_BOUND('',#4778,.T.);
#5263=FACE_BOUND('',#4779,.T.);
#5264=FACE_BOUND('',#4780,.T.);
#5265=FACE_BOUND('',#4781,.T.);
#5266=FACE_BOUND('',#4782,.T.);
#5267=FACE_BOUND('',#4783,.T.);
#5268=FACE_BOUND('',#4784,.T.);
#5269=FACE_BOUND('',#4785,.T.);
#5270=FACE_BOUND('',#4786,.T.);
#5271=FACE_BOUND('',#4787,.T.);
#5272=FACE_BOUND('',#4788,.T.);
#5273=FACE_BOUND('',#4789,.T.);
#5274=FACE_BOUND('',#4790,.T.);
#5275=FACE_BOUND('',#4791,.T.);
#5276=FACE_BOUND('',#4792,.T.);
#5277=FACE_BOUND('',#4793,.T.);
#5278=FACE_BOUND('',#4794,.T.);
#5279=FACE_BOUND('',#4795,.T.);
#5280=FACE_BOUND('',#4796,.T.);
#5281=FACE_BOUND('',#4797,.T.);
#5282=FACE_BOUND('',#4798,.T.);
#5283=FACE_BOUND('',#4799,.T.);
#5284=FACE_BOUND('',#4800,.T.);
#5285=FACE_BOUND('',#4801,.T.);
#5286=FACE_BOUND('',#4802,.T.);
#5287=FACE_BOUND('',#4803,.T.);
#5288=FACE_BOUND('',#4804,.T.);
#5289=FACE_BOUND('',#4805,.T.);
#5290=FACE_BOUND('',#4806,.T.);
#5291=FACE_BOUND('',#4807,.T.);
#5292=FACE_BOUND('',#4808,.T.);
#5293=FACE_BOUND('',#4809,.T.);
#5294=FACE_BOUND('',#4810,.T.);
#5295=FACE_BOUND('',#4811,.T.);
#5296=FACE_BOUND('',#4812,.T.);
#5297=FACE_BOUND('',#4813,.T.);
#5298=FACE_BOUND('',#4814,.T.);
#5299=FACE_BOUND('',#4815,.T.);
#5300=FACE_BOUND('',#4816,.T.);
#5301=FACE_BOUND('',#4817,.T.);
#5302=FACE_BOUND('',#4818,.T.);
#5303=FACE_BOUND('',#4819,.T.);
#5304=FACE_BOUND('',#4820,.T.);
#5305=FACE_BOUND('',#4821,.T.);
#5306=FACE_BOUND('',#4822,.T.);
#5307=FACE_BOUND('',#4823,.T.);
#5308=FACE_BOUND('',#4824,.T.);
#5309=FACE_BOUND('',#4825,.T.);
#5310=FACE_BOUND('',#4826,.T.);
#5311=FACE_BOUND('',#4827,.T.);
#5312=FACE_BOUND('',#4828,.T.);
#5313=FACE_BOUND('',#4829,.T.);
#5314=FACE_BOUND('',#4830,.T.);
#5315=FACE_BOUND('',#4831,.T.);
#5316=FACE_BOUND('',#4832,.T.);
#5317=FACE_BOUND('',#4833,.T.);
#5318=FACE_BOUND('',#4834,.T.);
#5319=FACE_BOUND('',#4835,.T.);
#5320=FACE_BOUND('',#4836,.T.);
#5321=FACE_BOUND('',#4837,.T.);
#5322=FACE_BOUND('',#4838,.T.);
#5323=FACE_BOUND('',#4839,.T.);
#5324=FACE_BOUND('',#4840,.T.);
#5325=FACE_BOUND('',#4841,.T.);
#5326=FACE_BOUND('',#4842,.T.);
#5327=FACE_BOUND('',#4843,.T.);
#5328=FACE_BOUND('',#4844,.T.);
#5329=FACE_BOUND('',#4845,.T.);
#5330=FACE_BOUND('',#4846,.T.);
#5331=FACE_BOUND('',#4847,.T.);
#5332=FACE_BOUND('',#4848,.T.);
#5333=FACE_BOUND('',#4849,.T.);
#5334=FACE_BOUND('',#4850,.T.);
#5335=FACE_BOUND('',#4851,.T.);
#5336=FACE_BOUND('',#4852,.T.);
#5337=FACE_BOUND('',#4853,.T.);
#5338=FACE_BOUND('',#4854,.T.);
#5339=FACE_BOUND('',#4855,.T.);
#5340=FACE_BOUND('',#4856,.T.);
#5341=FACE_BOUND('',#4857,.T.);
#5342=FACE_BOUND('',#4858,.T.);
#5343=FACE_BOUND('',#4859,.T.);
#5344=FACE_BOUND('',#4860,.T.);
#5345=FACE_BOUND('',#4861,.T.);
#5346=FACE_BOUND('',#4862,.T.);
#5347=FACE_BOUND('',#4863,.T.);
#5348=FACE_BOUND('',#4864,.T.);
#5349=FACE_BOUND('',#4865,.T.);
#5350=FACE_BOUND('',#4866,.T.);
#5351=FACE_BOUND('',#4867,.T.);
#5352=FACE_BOUND('',#4868,.T.);
#5353=FACE_BOUND('',#4869,.T.);
#5354=FACE_BOUND('',#4870,.T.);
#5355=FACE_BOUND('',#4871,.T.);
#5356=FACE_BOUND('',#4872,.T.);
#5357=FACE_BOUND('',#4873,.T.);
#5358=FACE_BOUND('',#4874,.T.);
#5359=FACE_BOUND('',#4875,.T.);
#5360=FACE_BOUND('',#4876,.T.);
#5361=FACE_BOUND('',#4877,.T.);
#5362=FACE_BOUND('',#4878,.T.);
#5363=FACE_BOUND('',#4879,.T.);
#5364=FACE_BOUND('',#4880,.T.);
#5365=FACE_BOUND('',#4881,.T.);
#5366=FACE_BOUND('',#4882,.T.);
#5367=FACE_BOUND('',#4883,.T.);
#5368=FACE_BOUND('',#4884,.T.);
#5369=FACE_BOUND('',#4885,.T.);
#5370=FACE_BOUND('',#4886,.T.);
#5371=FACE_BOUND('',#4887,.T.);
#5372=FACE_BOUND('',#4888,.T.);
#5373=FACE_BOUND('',#4889,.T.);
#5374=FACE_BOUND('',#4890,.T.);
#5375=FACE_BOUND('',#4891,.T.);
#5376=FACE_BOUND('',#4892,.T.);
#5377=FACE_BOUND('',#4893,.T.);
#5378=FACE_BOUND('',#4894,.T.);
#5379=FACE_BOUND('',#4895,.T.);
#5380=FACE_BOUND('',#4896,.T.);
#5381=FACE_BOUND('',#4897,.T.);
#5382=FACE_BOUND('',#4898,.T.);
#5383=FACE_BOUND('',#4899,.T.);
#5384=FACE_BOUND('',#4900,.T.);
#5385=FACE_BOUND('',#4901,.T.);
#5386=FACE_BOUND('',#4902,.T.);
#5387=FACE_BOUND('',#4903,.T.);
#5388=FACE_BOUND('',#4904,.T.);
#5389=FACE_BOUND('',#4905,.T.);
#5390=FACE_BOUND('',#4906,.T.);
#5391=FACE_BOUND('',#4907,.T.);
#5392=FACE_BOUND('',#4908,.T.);
#5393=FACE_BOUND('',#4909,.T.);
#5394=FACE_BOUND('',#4910,.T.);
#5395=FACE_BOUND('',#4911,.T.);
#5396=FACE_BOUND('',#4912,.T.);
#5397=FACE_BOUND('',#4913,.T.);
#5398=FACE_BOUND('',#4914,.T.);
#5399=FACE_BOUND('',#4915,.T.);
#5400=FACE_BOUND('',#4916,.T.);
#5401=FACE_BOUND('',#4917,.T.);
#5402=FACE_BOUND('',#4918,.T.);
#5403=FACE_BOUND('',#4919,.T.);
#5404=FACE_BOUND('',#4920,.T.);
#5405=FACE_BOUND('',#4921,.T.);
#5406=FACE_BOUND('',#4922,.T.);
#5407=FACE_BOUND('',#4923,.T.);
#5408=FACE_BOUND('',#4924,.T.);
#5409=FACE_BOUND('',#4925,.T.);
#5410=FACE_BOUND('',#4926,.T.);
#5411=FACE_BOUND('',#4927,.T.);
#5412=FACE_BOUND('',#4928,.T.);
#5413=FACE_BOUND('',#4929,.T.);
#5414=FACE_BOUND('',#4930,.T.);
#5415=FACE_BOUND('',#4931,.T.);
#5416=FACE_BOUND('',#4932,.T.);
#5417=FACE_BOUND('',#4933,.T.);
#5418=FACE_BOUND('',#4934,.T.);
#5419=FACE_BOUND('',#4935,.T.);
#5420=FACE_BOUND('',#4936,.T.);
#5421=FACE_BOUND('',#4937,.T.);
#5422=FACE_BOUND('',#4938,.T.);
#5423=FACE_BOUND('',#4939,.T.);
#5424=FACE_BOUND('',#4940,.T.);
#5425=FACE_BOUND('',#4941,.T.);
#5426=FACE_BOUND('',#4942,.T.);
#5427=FACE_BOUND('',#4943,.T.);
#5428=FACE_BOUND('',#4944,.T.);
#5429=FACE_BOUND('',#4945,.T.);
#5430=FACE_BOUND('',#4946,.T.);
#5431=FACE_BOUND('',#4947,.T.);
#5432=FACE_BOUND('',#4948,.T.);
#5433=FACE_BOUND('',#4949,.T.);
#5434=FACE_BOUND('',#4950,.T.);
#5435=FACE_BOUND('',#4951,.T.);
#5436=FACE_BOUND('',#4952,.T.);
#5437=FACE_BOUND('',#4953,.T.);
#5438=FACE_BOUND('',#4954,.T.);
#5439=FACE_BOUND('',#4955,.T.);
#5440=FACE_BOUND('',#4956,.T.);
#5441=FACE_BOUND('',#4957,.T.);
#5442=FACE_BOUND('',#4958,.T.);
#5443=FACE_BOUND('',#4959,.T.);
#5444=FACE_BOUND('',#4960,.T.);
#5445=FACE_BOUND('',#4961,.T.);
#5446=FACE_BOUND('',#4962,.T.);
#5447=FACE_BOUND('',#4963,.T.);
#5448=FACE_BOUND('',#4964,.T.);
#5449=FACE_BOUND('',#4965,.T.);
#5450=FACE_BOUND('',#4966,.T.);
#5451=FACE_BOUND('',#4967,.T.);
#5452=FACE_BOUND('',#4968,.T.);
#5453=FACE_BOUND('',#4969,.T.);
#5454=FACE_BOUND('',#4970,.T.);
#5455=FACE_BOUND('',#4971,.T.);
#5456=FACE_BOUND('',#4972,.T.);
#5457=FACE_BOUND('',#4973,.T.);
#5458=FACE_BOUND('',#4974,.T.);
#5459=FACE_BOUND('',#4975,.T.);
#5460=FACE_BOUND('',#4976,.T.);
#5461=FACE_BOUND('',#4977,.T.);
#5462=FACE_BOUND('',#4978,.T.);
#5463=FACE_BOUND('',#4979,.T.);
#5464=FACE_BOUND('',#4980,.T.);
#5465=FACE_BOUND('',#4981,.T.);
#5466=FACE_BOUND('',#4982,.T.);
#5467=FACE_BOUND('',#4983,.T.);
#5468=FACE_BOUND('',#4984,.T.);
#5469=FACE_BOUND('',#4985,.T.);
#5470=FACE_BOUND('',#4986,.T.);
#5471=FACE_BOUND('',#4987,.T.);
#5472=FACE_BOUND('',#4988,.T.);
#5473=FACE_BOUND('',#4989,.T.);
#5474=FACE_BOUND('',#4990,.T.);
#5475=FACE_BOUND('',#4991,.T.);
#5476=FACE_BOUND('',#4992,.T.);
#5477=FACE_BOUND('',#4993,.T.);
#5478=FACE_BOUND('',#4994,.T.);
#5479=FACE_BOUND('',#4995,.T.);
#5480=FACE_BOUND('',#4996,.T.);
#5481=FACE_BOUND('',#4997,.T.);
#5482=FACE_BOUND('',#4998,.T.);
#5483=FACE_BOUND('',#4999,.T.);
#5484=FACE_BOUND('',#5000,.T.);
#5485=FACE_BOUND('',#5001,.T.);
#5486=FACE_BOUND('',#5002,.T.);
#5487=FACE_BOUND('',#5003,.T.);
#5488=FACE_BOUND('',#5004,.T.);
#5489=FACE_BOUND('',#5005,.T.);
#5490=FACE_BOUND('',#5006,.T.);
#5491=FACE_BOUND('',#5007,.T.);
#5492=FACE_BOUND('',#5008,.T.);
#5493=FACE_BOUND('',#5009,.T.);
#5494=FACE_BOUND('',#5010,.T.);
#5495=FACE_BOUND('',#5011,.T.);
#5496=FACE_BOUND('',#5012,.T.);
#5497=FACE_BOUND('',#5013,.T.);
#5498=FACE_BOUND('',#5014,.T.);
#5499=FACE_BOUND('',#5015,.T.);
#5500=FACE_BOUND('',#5016,.T.);
#5501=FACE_BOUND('',#5017,.T.);
#5502=FACE_BOUND('',#5018,.T.);
#5503=FACE_BOUND('',#5019,.T.);
#5504=FACE_BOUND('',#5020,.T.);
#5505=FACE_BOUND('',#5021,.T.);
#5506=FACE_BOUND('',#5022,.T.);
#5507=FACE_BOUND('',#5023,.T.);
#5508=FACE_BOUND('',#5024,.T.);
#5509=FACE_BOUND('',#5025,.T.);
#5510=FACE_BOUND('',#5026,.T.);
#5511=FACE_BOUND('',#5027,.T.);
#5512=FACE_BOUND('',#5028,.T.);
#5513=FACE_BOUND('',#5029,.T.);
#5514=FACE_BOUND('',#5030,.T.);
#5515=FACE_BOUND('',#5031,.T.);
#5516=FACE_BOUND('',#5032,.T.);
#5517=FACE_BOUND('',#5033,.T.);
#5518=FACE_BOUND('',#5034,.T.);
#5519=FACE_BOUND('',#5035,.T.);
#5520=FACE_BOUND('',#5036,.T.);
#5521=FACE_BOUND('',#5037,.T.);
#5522=FACE_BOUND('',#5038,.T.);
#5523=FACE_BOUND('',#5039,.T.);
#5524=FACE_BOUND('',#5040,.T.);
#5525=FACE_BOUND('',#5041,.T.);
#5526=FACE_BOUND('',#5042,.T.);
#5527=FACE_BOUND('',#5043,.T.);
#5528=FACE_BOUND('',#5044,.T.);
#5529=FACE_BOUND('',#5045,.T.);
#5530=FACE_BOUND('',#5046,.T.);
#5531=FACE_BOUND('',#5047,.T.);
#5532=FACE_BOUND('',#5048,.T.);
#5533=FACE_BOUND('',#5049,.T.);
#5534=FACE_BOUND('',#5050,.T.);
#5535=FACE_BOUND('',#5051,.T.);
#5536=FACE_BOUND('',#5052,.T.);
#5537=FACE_BOUND('',#5053,.T.);
#5538=FACE_BOUND('',#5054,.T.);
#5539=FACE_BOUND('',#5055,.T.);
#5540=FACE_BOUND('',#5056,.T.);
#5541=FACE_BOUND('',#5057,.T.);
#5542=FACE_BOUND('',#5058,.T.);
#5543=FACE_BOUND('',#5059,.T.);
#5544=FACE_BOUND('',#5060,.T.);
#5545=FACE_BOUND('',#5061,.T.);
#5546=FACE_BOUND('',#5062,.T.);
#5547=FACE_BOUND('',#5063,.T.);
#5548=FACE_BOUND('',#5064,.T.);
#5549=FACE_BOUND('',#5065,.T.);
#5550=FACE_BOUND('',#5066,.T.);
#5551=FACE_BOUND('',#5067,.T.);
#5552=FACE_BOUND('',#5068,.T.);
#5553=FACE_BOUND('',#5069,.T.);
#5554=FACE_BOUND('',#5070,.T.);
#5555=FACE_BOUND('',#5071,.T.);
#5556=FACE_BOUND('',#5072,.T.);
#5557=FACE_BOUND('',#5073,.T.);
#5558=FACE_BOUND('',#5074,.T.);
#5559=FACE_BOUND('',#5075,.T.);
#5560=FACE_BOUND('',#5076,.T.);
#5561=FACE_BOUND('',#5077,.T.);
#5562=FACE_BOUND('',#5078,.T.);
#5563=FACE_BOUND('',#5079,.T.);
#5564=FACE_BOUND('',#5080,.T.);
#5565=FACE_BOUND('',#5081,.T.);
#5566=FACE_BOUND('',#5082,.T.);
#5567=FACE_BOUND('',#5083,.T.);
#5568=FACE_BOUND('',#5084,.T.);
#5569=FACE_BOUND('',#5085,.T.);
#5570=FACE_BOUND('',#5086,.T.);
#5571=FACE_BOUND('',#5087,.T.);
#5572=FACE_BOUND('',#5088,.T.);
#5573=FACE_BOUND('',#5089,.T.);
#5574=FACE_BOUND('',#5090,.T.);
#5575=FACE_BOUND('',#5091,.T.);
#5576=FACE_BOUND('',#5092,.T.);
#5577=FACE_BOUND('',#75,.T.);
#5578=FACE_BOUND('',#5093,.T.);
#5579=FACE_BOUND('',#5094,.T.);
#5580=FACE_BOUND('',#5095,.T.);
#5581=FACE_BOUND('',#76,.T.);
#5582=FACE_BOUND('',#5096,.T.);
#5583=FACE_BOUND('',#5097,.T.);
#5584=FACE_BOUND('',#5098,.T.);
#5585=FACE_BOUND('',#5099,.T.);
#5586=FACE_BOUND('',#5100,.T.);
#5587=FACE_BOUND('',#5101,.T.);
#5588=FACE_BOUND('',#5102,.T.);
#5589=FACE_BOUND('',#5103,.T.);
#5590=FACE_BOUND('',#5104,.T.);
#5591=FACE_BOUND('',#5105,.T.);
#5592=FACE_BOUND('',#5106,.T.);
#5593=FACE_BOUND('',#5107,.T.);
#5594=FACE_BOUND('',#5108,.T.);
#5595=FACE_BOUND('',#5109,.T.);
#5596=FACE_BOUND('',#5110,.T.);
#5597=FACE_BOUND('',#5111,.T.);
#5598=FACE_BOUND('',#5112,.T.);
#5599=FACE_BOUND('',#5113,.T.);
#5600=FACE_BOUND('',#5114,.T.);
#5601=FACE_BOUND('',#5115,.T.);
#5602=FACE_BOUND('',#5116,.T.);
#5603=FACE_BOUND('',#5117,.T.);
#5604=FACE_BOUND('',#5118,.T.);
#5605=FACE_BOUND('',#5119,.T.);
#5606=FACE_BOUND('',#5120,.T.);
#5607=FACE_BOUND('',#5121,.T.);
#5608=FACE_BOUND('',#5122,.T.);
#5609=FACE_BOUND('',#5123,.T.);
#5610=FACE_BOUND('',#5124,.T.);
#5611=FACE_BOUND('',#5125,.T.);
#5612=FACE_BOUND('',#5126,.T.);
#5613=FACE_BOUND('',#5127,.T.);
#5614=FACE_BOUND('',#5128,.T.);
#5615=FACE_BOUND('',#5129,.T.);
#5616=FACE_BOUND('',#5130,.T.);
#5617=FACE_BOUND('',#5131,.T.);
#5618=FACE_BOUND('',#5132,.T.);
#5619=FACE_BOUND('',#5133,.T.);
#5620=FACE_BOUND('',#5134,.T.);
#5621=FACE_BOUND('',#5135,.T.);
#5622=FACE_BOUND('',#5136,.T.);
#5623=FACE_BOUND('',#5137,.T.);
#5624=FACE_BOUND('',#5138,.T.);
#5625=FACE_BOUND('',#5139,.T.);
#5626=FACE_BOUND('',#5140,.T.);
#5627=FACE_BOUND('',#5141,.T.);
#5628=FACE_BOUND('',#5142,.T.);
#5629=FACE_BOUND('',#5143,.T.);
#5630=FACE_BOUND('',#5144,.T.);
#5631=FACE_BOUND('',#5145,.T.);
#5632=FACE_BOUND('',#5146,.T.);
#5633=FACE_BOUND('',#5147,.T.);
#5634=FACE_BOUND('',#5148,.T.);
#5635=FACE_BOUND('',#5149,.T.);
#5636=FACE_BOUND('',#5150,.T.);
#5637=FACE_BOUND('',#5151,.T.);
#5638=FACE_BOUND('',#5152,.T.);
#5639=FACE_BOUND('',#5153,.T.);
#5640=FACE_BOUND('',#5154,.T.);
#5641=FACE_BOUND('',#5155,.T.);
#5642=FACE_BOUND('',#5156,.T.);
#5643=FACE_BOUND('',#5157,.T.);
#5644=FACE_BOUND('',#5158,.T.);
#5645=FACE_BOUND('',#5159,.T.);
#5646=FACE_BOUND('',#5160,.T.);
#5647=FACE_BOUND('',#5161,.T.);
#5648=FACE_BOUND('',#5162,.T.);
#5649=FACE_BOUND('',#5163,.T.);
#5650=FACE_BOUND('',#5164,.T.);
#5651=FACE_BOUND('',#5165,.T.);
#5652=FACE_BOUND('',#5166,.T.);
#5653=FACE_BOUND('',#5167,.T.);
#5654=FACE_BOUND('',#5168,.T.);
#5655=FACE_BOUND('',#5169,.T.);
#5656=FACE_BOUND('',#5170,.T.);
#5657=FACE_BOUND('',#5171,.T.);
#5658=FACE_BOUND('',#5172,.T.);
#5659=FACE_BOUND('',#5173,.T.);
#5660=FACE_BOUND('',#5174,.T.);
#5661=FACE_BOUND('',#5175,.T.);
#5662=FACE_BOUND('',#77,.T.);
#5663=FACE_BOUND('',#5176,.T.);
#5664=FACE_BOUND('',#5177,.T.);
#5665=FACE_BOUND('',#5178,.T.);
#5666=FACE_BOUND('',#5179,.T.);
#5667=FACE_BOUND('',#5180,.T.);
#5668=FACE_BOUND('',#5181,.T.);
#5669=FACE_BOUND('',#5182,.T.);
#5670=CYLINDRICAL_SURFACE('',#6400,0.001875);
#5671=CYLINDRICAL_SURFACE('',#6408,0.001);
#5672=CYLINDRICAL_SURFACE('',#6424,0.0035);
#5673=CYLINDRICAL_SURFACE('',#6433,0.00689655711206685);
#5674=CYLINDRICAL_SURFACE('',#6436,0.00689655711206685);
#5675=CYLINDRICAL_SURFACE('',#6449,0.00926188425753637);
#5676=CYLINDRICAL_SURFACE('',#6462,0.00125);
#5677=CYLINDRICAL_SURFACE('',#6465,0.00125);
#5678=CYLINDRICAL_SURFACE('',#6468,0.00125);
#5679=CYLINDRICAL_SURFACE('',#6471,0.00125);
#5680=CYLINDRICAL_SURFACE('',#6472,0.0008);
#5681=CYLINDRICAL_SURFACE('',#6473,0.0008);
#5682=CYLINDRICAL_SURFACE('',#6474,0.0008);
#5683=CYLINDRICAL_SURFACE('',#6487,0.0015);
#5684=CYLINDRICAL_SURFACE('',#6496,0.0005);
#5685=CYLINDRICAL_SURFACE('',#6499,0.0005);
#5686=CYLINDRICAL_SURFACE('',#6505,0.0009);
#5687=CYLINDRICAL_SURFACE('',#6508,0.003);
#5688=CYLINDRICAL_SURFACE('',#6544,0.00105);
#5689=CYLINDRICAL_SURFACE('',#6555,0.00105);
#5690=CYLINDRICAL_SURFACE('',#6565,0.00105);
#5691=CYLINDRICAL_SURFACE('',#6576,0.00145);
#5692=CYLINDRICAL_SURFACE('',#6579,0.00145);
#5693=CYLINDRICAL_SURFACE('',#6581,0.00145);
#5694=CYLINDRICAL_SURFACE('',#6583,0.00145);
#5695=CYLINDRICAL_SURFACE('',#6585,0.00145);
#5696=CYLINDRICAL_SURFACE('',#6588,0.00145);
#5697=CYLINDRICAL_SURFACE('',#6590,0.00145);
#5698=CYLINDRICAL_SURFACE('',#6606,0.00145);
#5699=CYLINDRICAL_SURFACE('',#6611,0.00145);
#5700=CYLINDRICAL_SURFACE('',#6613,0.00145);
#5701=CYLINDRICAL_SURFACE('',#6616,0.00145);
#5702=CYLINDRICAL_SURFACE('',#6618,0.00145);
#5703=CYLINDRICAL_SURFACE('',#6620,0.00145);
#5704=CYLINDRICAL_SURFACE('',#6694,0.002);
#5705=CYLINDRICAL_SURFACE('',#6696,0.002);
#5706=CYLINDRICAL_SURFACE('',#6698,0.002);
#5707=CYLINDRICAL_SURFACE('',#6700,0.00145);
#5708=CYLINDRICAL_SURFACE('',#6704,0.0002);
#5709=CYLINDRICAL_SURFACE('',#6705,0.0002);
#5710=CYLINDRICAL_SURFACE('',#6706,0.0002);
#5711=CYLINDRICAL_SURFACE('',#6707,0.0002);
#5712=CYLINDRICAL_SURFACE('',#6711,0.0002);
#5713=CYLINDRICAL_SURFACE('',#6712,0.0002);
#5714=CYLINDRICAL_SURFACE('',#6713,0.0002);
#5715=CYLINDRICAL_SURFACE('',#6715,0.00145);
#5716=CYLINDRICAL_SURFACE('',#6722,0.0002);
#5717=CYLINDRICAL_SURFACE('',#6723,0.0002);
#5718=CYLINDRICAL_SURFACE('',#6724,0.0002);
#5719=CYLINDRICAL_SURFACE('',#6725,0.0002);
#5720=CYLINDRICAL_SURFACE('',#6729,0.0002);
#5721=CYLINDRICAL_SURFACE('',#6730,0.0002);
#5722=CYLINDRICAL_SURFACE('',#6731,0.0002);
#5723=CYLINDRICAL_SURFACE('',#6732,0.00155);
#5724=CYLINDRICAL_SURFACE('',#6735,0.00155);
#5725=CYLINDRICAL_SURFACE('',#6740,0.0002);
#5726=CYLINDRICAL_SURFACE('',#6741,0.0002);
#5727=CYLINDRICAL_SURFACE('',#6742,0.0002);
#5728=CYLINDRICAL_SURFACE('',#6743,0.0002);
#5729=CYLINDRICAL_SURFACE('',#6744,0.00155);
#5730=CYLINDRICAL_SURFACE('',#6748,0.00155);
#5731=CYLINDRICAL_SURFACE('',#6752,0.0002);
#5732=CYLINDRICAL_SURFACE('',#6753,0.0002);
#5733=CYLINDRICAL_SURFACE('',#6754,0.0002);
#5734=CYLINDRICAL_SURFACE('',#6755,0.0002);
#5735=CYLINDRICAL_SURFACE('',#6756,0.00155);
#5736=CYLINDRICAL_SURFACE('',#6759,0.00155);
#5737=CYLINDRICAL_SURFACE('',#6764,0.0002);
#5738=CYLINDRICAL_SURFACE('',#6765,0.0002);
#5739=CYLINDRICAL_SURFACE('',#6766,0.0002);
#5740=CYLINDRICAL_SURFACE('',#6767,0.0002);
#5741=CYLINDRICAL_SURFACE('',#6771,0.00145);
#5742=CYLINDRICAL_SURFACE('',#6853,0.003);
#5743=CYLINDRICAL_SURFACE('',#6862,0.0005);
#5744=CYLINDRICAL_SURFACE('',#6865,0.0005);
#5745=CYLINDRICAL_SURFACE('',#6869,0.0031);
#5746=CYLINDRICAL_SURFACE('',#6873,0.0044);
#5747=CYLINDRICAL_SURFACE('',#6882,0.0044);
#5748=CYLINDRICAL_SURFACE('',#6912,0.0025);
#5749=CYLINDRICAL_SURFACE('',#6914,0.0016);
#5750=CYLINDRICAL_SURFACE('',#6917,0.00225);
#5751=CYLINDRICAL_SURFACE('',#6925,0.0008);
#5752=CYLINDRICAL_SURFACE('',#6928,0.0008);
#5753=CYLINDRICAL_SURFACE('',#6934,0.0005);
#5754=CYLINDRICAL_SURFACE('',#6936,0.0005);
#5755=CYLINDRICAL_SURFACE('',#6938,0.0008);
#5756=CYLINDRICAL_SURFACE('',#6939,0.0008);
#5757=CYLINDRICAL_SURFACE('',#6940,0.0008);
#5758=CYLINDRICAL_SURFACE('',#6959,0.0005);
#5759=CYLINDRICAL_SURFACE('',#6962,0.0005);
#5760=CYLINDRICAL_SURFACE('',#6965,0.0008);
#5761=CYLINDRICAL_SURFACE('',#6968,0.0008);
#5762=CYLINDRICAL_SURFACE('',#6970,0.0009);
#5763=CYLINDRICAL_SURFACE('',#6973,0.003475);
#5764=CYLINDRICAL_SURFACE('',#6982,0.001325);
#5765=CYLINDRICAL_SURFACE('',#6984,0.003);
#5766=CYLINDRICAL_SURFACE('',#6994,0.0021);
#5767=CYLINDRICAL_SURFACE('',#7003,0.00395);
#5768=CYLINDRICAL_SURFACE('',#7006,0.00395);
#5769=CYLINDRICAL_SURFACE('',#7009,0.00395);
#5770=CYLINDRICAL_SURFACE('',#7012,0.00395);
#5771=CYLINDRICAL_SURFACE('',#7015,0.00395);
#5772=CYLINDRICAL_SURFACE('',#7019,0.0026);
#5773=CYLINDRICAL_SURFACE('',#7048,0.0002);
#5774=CYLINDRICAL_SURFACE('',#7053,0.0005);
#5775=CYLINDRICAL_SURFACE('',#7057,0.001);
#5776=CYLINDRICAL_SURFACE('',#7059,0.0025);
#5777=CYLINDRICAL_SURFACE('',#7062,0.000749999999999989);
#5778=CYLINDRICAL_SURFACE('',#7064,0.00395);
#5779=CYLINDRICAL_SURFACE('',#7065,0.0026);
#5780=CYLINDRICAL_SURFACE('',#7066,0.003141265875);
#5781=ADVANCED_FACE('',(#5183,#5184),#5670,.T.);
#5782=ADVANCED_FACE('',(#5185,#5186),#1083,.T.);
#5783=ADVANCED_FACE('',(#5187,#5188),#1084,.F.);
#5784=ADVANCED_FACE('',(#5189,#5190),#5671,.T.);
#5785=ADVANCED_FACE('',(#5191),#1085,.T.);
#5786=ADVANCED_FACE('',(#5192),#1086,.F.);
#5787=ADVANCED_FACE('',(#5193),#1087,.F.);
#5788=ADVANCED_FACE('',(#5194),#1088,.F.);
#5789=ADVANCED_FACE('',(#5195),#1089,.F.);
#5790=ADVANCED_FACE('',(#5196),#1090,.F.);
#5791=ADVANCED_FACE('',(#5197),#1091,.F.);
#5792=ADVANCED_FACE('',(#5198),#1092,.T.);
#5793=ADVANCED_FACE('',(#5199,#5200),#321,.T.);
#5794=ADVANCED_FACE('',(#5201,#5202),#322,.T.);
#5795=ADVANCED_FACE('',(#5203,#5204),#323,.T.);
#5796=ADVANCED_FACE('',(#5205,#5206,#5207,#5208),#5672,.F.);
#5797=ADVANCED_FACE('',(#5209,#5210,#5211),#1093,.T.);
#5798=ADVANCED_FACE('',(#5212,#5213,#5214),#1094,.F.);
#5799=ADVANCED_FACE('',(#5215),#5673,.F.);
#5800=ADVANCED_FACE('',(#5216),#1095,.T.);
#5801=ADVANCED_FACE('',(#5217),#5674,.F.);
#5802=ADVANCED_FACE('',(#5218),#1096,.T.);
#5803=ADVANCED_FACE('',(#5219),#1097,.T.);
#5804=ADVANCED_FACE('',(#5220),#1098,.F.);
#5805=ADVANCED_FACE('',(#5221,#5222,#5223,#5224,#5225,#5226),#1099,.T.);
#5806=ADVANCED_FACE('',(#5227,#5228),#1100,.F.);
#5807=ADVANCED_FACE('',(#5229,#5230),#5675,.T.);
#5808=ADVANCED_FACE('',(#5231,#5232),#1101,.F.);
#5809=ADVANCED_FACE('',(#5233),#78,.T.);
#5810=ADVANCED_FACE('',(#5234),#79,.T.);
#5811=ADVANCED_FACE('',(#5235),#80,.T.);
#5812=ADVANCED_FACE('',(#5236),#81,.T.);
#5813=ADVANCED_FACE('',(#5237,#5238,#5239),#324,.F.);
#5814=ADVANCED_FACE('',(#5240,#5241),#5676,.F.);
#5815=ADVANCED_FACE('',(#5242,#5243,#5244),#325,.F.);
#5816=ADVANCED_FACE('',(#5245,#5246),#5677,.F.);
#5817=ADVANCED_FACE('',(#5247,#5248),#326,.F.);
#5818=ADVANCED_FACE('',(#5249,#5250),#5678,.F.);
#5819=ADVANCED_FACE('',(#5251,#5252),#327,.F.);
#5820=ADVANCED_FACE('',(#5253,#5254),#5679,.F.);
#5821=ADVANCED_FACE('',(#5255,#5256),#5680,.F.);
#5822=ADVANCED_FACE('',(#5257,#5258),#5681,.F.);
#5823=ADVANCED_FACE('',(#5259,#5260),#5682,.F.);
#5824=ADVANCED_FACE('',(#5261,#5262),#328,.F.);
#5825=ADVANCED_FACE('',(#5263),#1102,.F.);
#5826=ADVANCED_FACE('',(#5264),#82,.T.);
#5827=ADVANCED_FACE('',(#5265),#83,.T.);
#5828=ADVANCED_FACE('',(#5266),#1103,.T.);
#5829=ADVANCED_FACE('',(#5267),#1104,.F.);
#5830=ADVANCED_FACE('',(#5268),#84,.T.);
#5831=ADVANCED_FACE('',(#5269),#85,.T.);
#5832=ADVANCED_FACE('',(#5270),#1105,.T.);
#5833=ADVANCED_FACE('',(#5271,#5272),#329,.T.);
#5834=ADVANCED_FACE('',(#5273),#330,.T.);
#5835=ADVANCED_FACE('',(#5274),#331,.T.);
#5836=ADVANCED_FACE('',(#5275),#332,.T.);
#5837=ADVANCED_FACE('',(#5276),#333,.T.);
#5838=ADVANCED_FACE('',(#5277,#5278),#5683,.T.);
#5839=ADVANCED_FACE('',(#5279,#5280,#5281),#1106,.T.);
#5840=ADVANCED_FACE('',(#5282),#1107,.F.);
#5841=ADVANCED_FACE('',(#5283,#5284),#5684,.T.);
#5842=ADVANCED_FACE('',(#5285),#1108,.T.);
#5843=ADVANCED_FACE('',(#5286,#5287),#5685,.T.);
#5844=ADVANCED_FACE('',(#5288),#1109,.T.);
#5845=ADVANCED_FACE('',(#5289,#5290),#334,.T.);
#5846=ADVANCED_FACE('',(#5291,#5292),#335,.T.);
#5847=ADVANCED_FACE('',(#5293,#5294),#5686,.F.);
#5848=ADVANCED_FACE('',(#5295,#5296),#5687,.T.);
#5849=ADVANCED_FACE('',(#5297,#5298),#1110,.T.);
#5850=ADVANCED_FACE('',(#5299,#5300),#1111,.F.);
#5851=ADVANCED_FACE('',(#5301,#5302),#336,.F.);
#5852=ADVANCED_FACE('',(#5303,#5304),#337,.F.);
#5853=ADVANCED_FACE('',(#5305,#5306),#338,.T.);
#5854=ADVANCED_FACE('',(#5307,#5308),#339,.T.);
#5855=ADVANCED_FACE('',(#5309),#1112,.T.);
#5856=ADVANCED_FACE('',(#5310),#1113,.T.);
#5857=ADVANCED_FACE('',(#5311),#1114,.T.);
#5858=ADVANCED_FACE('',(#5312),#1115,.T.);
#5859=ADVANCED_FACE('',(#5313),#1116,.T.);
#5860=ADVANCED_FACE('',(#5314),#1117,.T.);
#5861=ADVANCED_FACE('',(#5315),#1118,.T.);
#5862=ADVANCED_FACE('',(#5316,#5317),#5688,.F.);
#5863=ADVANCED_FACE('',(#5318,#5319),#5689,.F.);
#5864=ADVANCED_FACE('',(#5320,#5321),#5690,.F.);
#5865=ADVANCED_FACE('',(#5322),#5691,.T.);
#5866=ADVANCED_FACE('',(#5323),#5692,.T.);
#5867=ADVANCED_FACE('',(#5324),#5693,.T.);
#5868=ADVANCED_FACE('',(#5325),#5694,.T.);
#5869=ADVANCED_FACE('',(#5326),#5695,.T.);
#5870=ADVANCED_FACE('',(#5327),#5696,.T.);
#5871=ADVANCED_FACE('',(#5328),#5697,.T.);
#5872=ADVANCED_FACE('',(#5329),#1119,.F.);
#5873=ADVANCED_FACE('',(#5330),#1120,.F.);
#5874=ADVANCED_FACE('',(#5331),#1121,.F.);
#5875=ADVANCED_FACE('',(#5332),#1122,.F.);
#5876=ADVANCED_FACE('',(#5333),#1123,.F.);
#5877=ADVANCED_FACE('',(#5334),#1124,.F.);
#5878=ADVANCED_FACE('',(#5335),#1125,.F.);
#5879=ADVANCED_FACE('',(#5336),#5698,.T.);
#5880=ADVANCED_FACE('',(#5337),#5699,.T.);
#5881=ADVANCED_FACE('',(#5338),#5700,.T.);
#5882=ADVANCED_FACE('',(#5339),#5701,.T.);
#5883=ADVANCED_FACE('',(#5340),#5702,.T.);
#5884=ADVANCED_FACE('',(#5341),#5703,.T.);
#5885=ADVANCED_FACE('',(#5342,#5343),#1126,.F.);
#5886=ADVANCED_FACE('',(#5344,#5345),#1127,.T.);
#5887=ADVANCED_FACE('',(#5346,#5347,#5348),#1128,.T.);
#5888=ADVANCED_FACE('',(#5349,#5350,#5351),#1129,.F.);
#5889=ADVANCED_FACE('',(#5352),#1130,.F.);
#5890=ADVANCED_FACE('',(#5353),#5704,.T.);
#5891=ADVANCED_FACE('',(#5354),#1131,.F.);
#5892=ADVANCED_FACE('',(#5355),#5705,.T.);
#5893=ADVANCED_FACE('',(#5356),#1132,.F.);
#5894=ADVANCED_FACE('',(#5357),#5706,.T.);
#5895=ADVANCED_FACE('',(#5358),#1133,.F.);
#5896=ADVANCED_FACE('',(#5359),#5707,.T.);
#5897=ADVANCED_FACE('',(#5360),#1134,.F.);
#5898=ADVANCED_FACE('',(#5361),#1135,.F.);
#5899=ADVANCED_FACE('',(#5362),#5708,.F.);
#5900=ADVANCED_FACE('',(#5363),#5709,.F.);
#5901=ADVANCED_FACE('',(#5364),#5710,.F.);
#5902=ADVANCED_FACE('',(#5365),#5711,.F.);
#5903=ADVANCED_FACE('',(#5366),#1136,.T.);
#5904=ADVANCED_FACE('',(#5367),#1137,.T.);
#5905=ADVANCED_FACE('',(#5368),#1138,.T.);
#5906=ADVANCED_FACE('',(#5369),#5712,.F.);
#5907=ADVANCED_FACE('',(#5370),#5713,.F.);
#5908=ADVANCED_FACE('',(#5371),#5714,.F.);
#5909=ADVANCED_FACE('',(#5372),#1139,.F.);
#5910=ADVANCED_FACE('',(#5373),#5715,.T.);
#5911=ADVANCED_FACE('',(#5374),#1140,.F.);
#5912=ADVANCED_FACE('',(#5375),#1141,.F.);
#5913=ADVANCED_FACE('',(#5376),#5716,.F.);
#5914=ADVANCED_FACE('',(#5377),#5717,.F.);
#5915=ADVANCED_FACE('',(#5378),#5718,.F.);
#5916=ADVANCED_FACE('',(#5379),#5719,.F.);
#5917=ADVANCED_FACE('',(#5380),#1142,.F.);
#5918=ADVANCED_FACE('',(#5381),#1143,.F.);
#5919=ADVANCED_FACE('',(#5382),#1144,.F.);
#5920=ADVANCED_FACE('',(#5383),#5720,.F.);
#5921=ADVANCED_FACE('',(#5384),#5721,.F.);
#5922=ADVANCED_FACE('',(#5385),#5722,.F.);
#5923=ADVANCED_FACE('',(#5386),#5723,.T.);
#5924=ADVANCED_FACE('',(#5387),#5724,.T.);
#5925=ADVANCED_FACE('',(#5388),#1145,.T.);
#5926=ADVANCED_FACE('',(#5389),#1146,.F.);
#5927=ADVANCED_FACE('',(#5390),#5725,.F.);
#5928=ADVANCED_FACE('',(#5391),#5726,.F.);
#5929=ADVANCED_FACE('',(#5392),#5727,.F.);
#5930=ADVANCED_FACE('',(#5393),#5728,.F.);
#5931=ADVANCED_FACE('',(#5394),#5729,.T.);
#5932=ADVANCED_FACE('',(#5395),#1147,.F.);
#5933=ADVANCED_FACE('',(#5396),#5730,.T.);
#5934=ADVANCED_FACE('',(#5397),#1148,.T.);
#5935=ADVANCED_FACE('',(#5398),#5731,.F.);
#5936=ADVANCED_FACE('',(#5399),#5732,.F.);
#5937=ADVANCED_FACE('',(#5400),#5733,.F.);
#5938=ADVANCED_FACE('',(#5401),#5734,.F.);
#5939=ADVANCED_FACE('',(#5402),#5735,.T.);
#5940=ADVANCED_FACE('',(#5403),#5736,.T.);
#5941=ADVANCED_FACE('',(#5404),#1149,.T.);
#5942=ADVANCED_FACE('',(#5405),#1150,.F.);
#5943=ADVANCED_FACE('',(#5406),#5737,.F.);
#5944=ADVANCED_FACE('',(#5407),#5738,.F.);
#5945=ADVANCED_FACE('',(#5408),#5739,.F.);
#5946=ADVANCED_FACE('',(#5409),#5740,.F.);
#5947=ADVANCED_FACE('',(#5410),#1151,.T.);
#5948=ADVANCED_FACE('',(#5411),#1152,.T.);
#5949=ADVANCED_FACE('',(#5412),#1153,.F.);
#5950=ADVANCED_FACE('',(#5413),#5741,.T.);
#5951=ADVANCED_FACE('',(#5414),#1154,.F.);
#5952=ADVANCED_FACE('',(#5415,#5416),#340,.T.);
#5953=ADVANCED_FACE('',(#5417),#341,.T.);
#5954=ADVANCED_FACE('',(#5418),#342,.T.);
#5955=ADVANCED_FACE('',(#5419,#5420),#343,.T.);
#5956=ADVANCED_FACE('',(#5421),#344,.T.);
#5957=ADVANCED_FACE('',(#5422),#345,.T.);
#5958=ADVANCED_FACE('',(#5423),#1155,.F.);
#5959=ADVANCED_FACE('',(#5424),#1156,.T.);
#5960=ADVANCED_FACE('',(#5425),#1157,.T.);
#5961=ADVANCED_FACE('',(#5426),#1158,.F.);
#5962=ADVANCED_FACE('',(#5427),#1159,.F.);
#5963=ADVANCED_FACE('',(#5428),#1160,.T.);
#5964=ADVANCED_FACE('',(#5429),#1161,.F.);
#5965=ADVANCED_FACE('',(#5430),#1162,.T.);
#5966=ADVANCED_FACE('',(#5431),#1163,.T.);
#5967=ADVANCED_FACE('',(#5432),#1164,.T.);
#5968=ADVANCED_FACE('',(#5433),#1165,.T.);
#5969=ADVANCED_FACE('',(#5434),#1166,.T.);
#5970=ADVANCED_FACE('',(#5435),#1167,.T.);
#5971=ADVANCED_FACE('',(#5436),#1168,.F.);
#5972=ADVANCED_FACE('',(#5437),#1169,.T.);
#5973=ADVANCED_FACE('',(#5438),#1170,.F.);
#5974=ADVANCED_FACE('',(#5439),#1171,.T.);
#5975=ADVANCED_FACE('',(#5440),#1172,.T.);
#5976=ADVANCED_FACE('',(#5441),#1173,.T.);
#5977=ADVANCED_FACE('',(#5442),#1174,.F.);
#5978=ADVANCED_FACE('',(#5443),#1175,.T.);
#5979=ADVANCED_FACE('',(#5444),#1176,.F.);
#5980=ADVANCED_FACE('',(#5445),#1177,.T.);
#5981=ADVANCED_FACE('',(#5446),#1178,.T.);
#5982=ADVANCED_FACE('',(#5447),#1179,.F.);
#5983=ADVANCED_FACE('',(#5448),#1180,.F.);
#5984=ADVANCED_FACE('',(#5449),#1181,.T.);
#5985=ADVANCED_FACE('',(#5450),#1182,.T.);
#5986=ADVANCED_FACE('',(#5451),#1183,.F.);
#5987=ADVANCED_FACE('',(#5452),#1184,.F.);
#5988=ADVANCED_FACE('',(#5453),#1185,.F.);
#5989=ADVANCED_FACE('',(#5454),#1186,.F.);
#5990=ADVANCED_FACE('',(#5455),#1187,.F.);
#5991=ADVANCED_FACE('',(#5456),#1188,.F.);
#5992=ADVANCED_FACE('',(#5457),#1189,.T.);
#5993=ADVANCED_FACE('',(#5458),#1190,.F.);
#5994=ADVANCED_FACE('',(#5459),#1191,.T.);
#5995=ADVANCED_FACE('',(#5460),#1192,.F.);
#5996=ADVANCED_FACE('',(#5461),#1193,.F.);
#5997=ADVANCED_FACE('',(#5462),#1194,.T.);
#5998=ADVANCED_FACE('',(#5463),#1195,.T.);
#5999=ADVANCED_FACE('',(#5464),#1196,.F.);
#6000=ADVANCED_FACE('',(#5465),#1197,.T.);
#6001=ADVANCED_FACE('',(#5466),#1198,.F.);
#6002=ADVANCED_FACE('',(#5467),#1199,.F.);
#6003=ADVANCED_FACE('',(#5468),#1200,.F.);
#6004=ADVANCED_FACE('',(#5469),#1201,.F.);
#6005=ADVANCED_FACE('',(#5470),#1202,.F.);
#6006=ADVANCED_FACE('',(#5471),#1203,.F.);
#6007=ADVANCED_FACE('',(#5472),#1204,.T.);
#6008=ADVANCED_FACE('',(#5473),#1205,.F.);
#6009=ADVANCED_FACE('',(#5474),#1206,.T.);
#6010=ADVANCED_FACE('',(#5475),#1207,.F.);
#6011=ADVANCED_FACE('',(#5476),#1208,.F.);
#6012=ADVANCED_FACE('',(#5477,#5478),#5742,.T.);
#6013=ADVANCED_FACE('',(#5479,#5480,#5481),#1209,.T.);
#6014=ADVANCED_FACE('',(#5482),#1210,.F.);
#6015=ADVANCED_FACE('',(#5483,#5484),#346,.T.);
#6016=ADVANCED_FACE('',(#5485,#5486),#5743,.T.);
#6017=ADVANCED_FACE('',(#5487),#1211,.T.);
#6018=ADVANCED_FACE('',(#5488,#5489),#5744,.T.);
#6019=ADVANCED_FACE('',(#5490),#1212,.T.);
#6020=ADVANCED_FACE('',(#5491,#5492,#5493,#5494,#5495),#5745,.F.);
#6021=ADVANCED_FACE('',(#5496),#5746,.T.);
#6022=ADVANCED_FACE('',(#5497,#5498),#1213,.T.);
#6023=ADVANCED_FACE('',(#5499),#86,.T.);
#6024=ADVANCED_FACE('',(#5500),#5747,.T.);
#6025=ADVANCED_FACE('',(#5501,#5502,#5503,#5504,#5505,#5506),#1214,.F.);
#6026=ADVANCED_FACE('',(#5507,#5508),#1215,.F.);
#6027=ADVANCED_FACE('',(#5509,#5510),#1216,.T.);
#6028=ADVANCED_FACE('',(#5511),#1217,.F.);
#6029=ADVANCED_FACE('',(#5512,#5513),#1218,.T.);
#6030=ADVANCED_FACE('',(#5514),#1219,.F.);
#6031=ADVANCED_FACE('',(#5515),#1220,.F.);
#6032=ADVANCED_FACE('',(#5516),#1221,.F.);
#6033=ADVANCED_FACE('',(#5517),#1222,.F.);
#6034=ADVANCED_FACE('',(#5518),#87,.T.);
#6035=ADVANCED_FACE('',(#5519),#88,.T.);
#6036=ADVANCED_FACE('',(#5520),#89,.T.);
#6037=ADVANCED_FACE('',(#5521,#5522),#5748,.F.);
#6038=ADVANCED_FACE('',(#5523,#5524),#5749,.F.);
#6039=ADVANCED_FACE('',(#5525),#5750,.T.);
#6040=ADVANCED_FACE('',(#5526),#1223,.T.);
#6041=ADVANCED_FACE('',(#5527),#90,.F.);
#6042=ADVANCED_FACE('',(#5528),#91,.F.);
#6043=ADVANCED_FACE('',(#5529),#1224,.T.);
#6044=ADVANCED_FACE('',(#5530,#5531),#5751,.F.);
#6045=ADVANCED_FACE('',(#5532),#1225,.T.);
#6046=ADVANCED_FACE('',(#5533,#5534),#5752,.F.);
#6047=ADVANCED_FACE('',(#5535),#1226,.T.);
#6048=ADVANCED_FACE('',(#5536),#1227,.F.);
#6049=ADVANCED_FACE('',(#5537),#1228,.T.);
#6050=ADVANCED_FACE('',(#5538),#5753,.T.);
#6051=ADVANCED_FACE('',(#5539),#5754,.T.);
#6052=ADVANCED_FACE('',(#5540,#5541),#5755,.F.);
#6053=ADVANCED_FACE('',(#5542,#5543),#5756,.F.);
#6054=ADVANCED_FACE('',(#5544,#5545),#5757,.F.);
#6055=ADVANCED_FACE('',(#5546,#5547),#347,.F.);
#6056=ADVANCED_FACE('',(#5548),#92,.T.);
#6057=ADVANCED_FACE('',(#5549),#348,.T.);
#6058=ADVANCED_FACE('',(#5550),#1229,.F.);
#6059=ADVANCED_FACE('',(#5551),#93,.T.);
#6060=ADVANCED_FACE('',(#5552),#349,.T.);
#6061=ADVANCED_FACE('',(#5553),#350,.T.);
#6062=ADVANCED_FACE('',(#5554),#1230,.T.);
#6063=ADVANCED_FACE('',(#5555),#94,.T.);
#6064=ADVANCED_FACE('',(#5556),#351,.T.);
#6065=ADVANCED_FACE('',(#5557,#5558),#352,.F.);
#6066=ADVANCED_FACE('',(#5559),#95,.T.);
#6067=ADVANCED_FACE('',(#5560),#353,.T.);
#6068=ADVANCED_FACE('',(#5561),#1231,.T.);
#6069=ADVANCED_FACE('',(#5562),#1232,.T.);
#6070=ADVANCED_FACE('',(#5563),#96,.T.);
#6071=ADVANCED_FACE('',(#5564),#354,.F.);
#6072=ADVANCED_FACE('',(#5565),#1233,.T.);
#6073=ADVANCED_FACE('',(#5566),#1234,.F.);
#6074=ADVANCED_FACE('',(#5567),#97,.T.);
#6075=ADVANCED_FACE('',(#5568),#355,.T.);
#6076=ADVANCED_FACE('',(#5569),#1235,.F.);
#6077=ADVANCED_FACE('',(#5570),#98,.T.);
#6078=ADVANCED_FACE('',(#5571,#5572),#356,.F.);
#6079=ADVANCED_FACE('',(#5573),#39,.F.);
#6080=ADVANCED_FACE('',(#5574),#5758,.T.);
#6081=ADVANCED_FACE('',(#5575),#36,.T.);
#6082=ADVANCED_FACE('',(#5576),#5759,.T.);
#6083=ADVANCED_FACE('',(#5577,#5578),#357,.F.);
#6084=ADVANCED_FACE('',(#5579,#5580),#5760,.F.);
#6085=ADVANCED_FACE('',(#5581,#5582),#358,.F.);
#6086=ADVANCED_FACE('',(#5583,#5584),#5761,.F.);
#6087=ADVANCED_FACE('',(#5585,#5586),#5762,.F.);
#6088=ADVANCED_FACE('',(#5587,#5588),#5763,.T.);
#6089=ADVANCED_FACE('',(#5589,#5590),#1236,.T.);
#6090=ADVANCED_FACE('',(#5591,#5592),#1237,.F.);
#6091=ADVANCED_FACE('',(#5593,#5594),#5764,.T.);
#6092=ADVANCED_FACE('',(#5595,#5596),#5765,.T.);
#6093=ADVANCED_FACE('',(#5597,#5598),#1238,.T.);
#6094=ADVANCED_FACE('',(#5599,#5600),#1239,.F.);
#6095=ADVANCED_FACE('',(#5601,#5602),#359,.F.);
#6096=ADVANCED_FACE('',(#5603,#5604),#5766,.F.);
#6097=ADVANCED_FACE('',(#5605,#5606),#360,.T.);
#6098=ADVANCED_FACE('',(#5607,#5608),#361,.F.);
#6099=ADVANCED_FACE('',(#5609,#5610),#362,.F.);
#6100=ADVANCED_FACE('',(#5611,#5612),#363,.T.);
#6101=ADVANCED_FACE('',(#5613,#5614),#364,.T.);
#6102=ADVANCED_FACE('',(#5615,#5616),#365,.T.);
#6103=ADVANCED_FACE('',(#5617),#5767,.T.);
#6104=ADVANCED_FACE('',(#5618),#5768,.T.);
#6105=ADVANCED_FACE('',(#5619),#5769,.T.);
#6106=ADVANCED_FACE('',(#5620),#5770,.T.);
#6107=ADVANCED_FACE('',(#5621),#5771,.T.);
#6108=ADVANCED_FACE('',(#5622),#1240,.T.);
#6109=ADVANCED_FACE('',(#5623),#5772,.F.);
#6110=ADVANCED_FACE('',(#5624,#5625),#1241,.T.);
#6111=ADVANCED_FACE('',(#5626,#5627),#1242,.T.);
#6112=ADVANCED_FACE('',(#5628,#5629),#1243,.T.);
#6113=ADVANCED_FACE('',(#5630,#5631),#1244,.T.);
#6114=ADVANCED_FACE('',(#5632),#37,.F.);
#6115=ADVANCED_FACE('',(#5633),#38,.F.);
#6116=ADVANCED_FACE('',(#5634,#5635),#1245,.T.);
#6117=ADVANCED_FACE('',(#5636),#1246,.T.);
#6118=ADVANCED_FACE('',(#5637,#5638),#1247,.T.);
#6119=ADVANCED_FACE('',(#5639),#1248,.T.);
#6120=ADVANCED_FACE('',(#5640),#1249,.T.);
#6121=ADVANCED_FACE('',(#5641),#1250,.T.);
#6122=ADVANCED_FACE('',(#5642),#1251,.T.);
#6123=ADVANCED_FACE('',(#5643,#5644),#366,.T.);
#6124=ADVANCED_FACE('',(#5645,#5646),#367,.T.);
#6125=ADVANCED_FACE('',(#5647,#5648),#5773,.F.);
#6126=ADVANCED_FACE('',(#5649,#5650),#368,.T.);
#6127=ADVANCED_FACE('',(#5651,#5652),#369,.F.);
#6128=ADVANCED_FACE('',(#5653,#5654),#5774,.F.);
#6129=ADVANCED_FACE('',(#5655,#5656),#370,.F.);
#6130=ADVANCED_FACE('',(#5657,#5658),#5775,.F.);
#6131=ADVANCED_FACE('',(#5659,#5660),#5776,.T.);
#6132=ADVANCED_FACE('',(#5661,#5662),#371,.F.);
#6133=ADVANCED_FACE('',(#5663,#5664),#5777,.F.);
#6134=ADVANCED_FACE('',(#5665,#5666),#372,.F.);
#6135=ADVANCED_FACE('',(#5667),#5778,.T.);
#6136=ADVANCED_FACE('',(#5668),#5779,.T.);
#6137=ADVANCED_FACE('',(#5669),#5780,.T.);
#6138=CLOSED_SHELL('',(#5781,#5782,#5783,#5784,#5785,#5786,#5787,#5788,
#5789,#5790,#5791,#5792,#5793,#5794,#5795));
#6139=CLOSED_SHELL('',(#5796,#5797,#5798,#5799,#5800,#5801,#5802,#5803,
#5804,#5805,#5806,#5807,#5808,#5809,#5810,#5811,#5812,#5813,#5814,#5815,
#5816,#5817,#5818,#5819,#5820,#5821,#5822,#5823,#5824,#5825,#5826,#5827,
#5828,#5829,#5830,#5831,#5832,#5833,#5834,#5835,#5836,#5837));
#6140=CLOSED_SHELL('',(#5838,#5839,#5840,#5841,#5842,#5843,#5844,#5845,
#5846));
#6141=CLOSED_SHELL('',(#5847,#5848,#5849,#5850,#5851,#5852,#5853,#5854));
#6142=CLOSED_SHELL('',(#5855,#5856,#5857,#5858,#5859,#5860,#5861,#5862,
#5863,#5864,#5865,#5866,#5867,#5868,#5869,#5870,#5871,#5872,#5873,#5874,
#5875,#5876,#5877,#5878,#5879,#5880,#5881,#5882,#5883,#5884,#5885,#5886,
#5887,#5888,#5889,#5890,#5891,#5892,#5893,#5894,#5895,#5896,#5897,#5898,
#5899,#5900,#5901,#5902,#5903,#5904,#5905,#5906,#5907,#5908,#5909,#5910,
#5911,#5912,#5913,#5914,#5915,#5916,#5917,#5918,#5919,#5920,#5921,#5922,
#5923,#5924,#5925,#5926,#5927,#5928,#5929,#5930,#5931,#5932,#5933,#5934,
#5935,#5936,#5937,#5938,#5939,#5940,#5941,#5942,#5943,#5944,#5945,#5946,
#5947,#5948,#5949,#5950,#5951,#5952,#5953,#5954,#5955,#5956,#5957,#5958,
#5959,#5960,#5961,#5962,#5963,#5964,#5965,#5966,#5967,#5968,#5969,#5970,
#5971,#5972,#5973,#5974,#5975,#5976,#5977,#5978,#5979,#5980,#5981,#5982,
#5983,#5984,#5985,#5986,#5987,#5988,#5989,#5990,#5991,#5992,#5993,#5994,
#5995,#5996,#5997,#5998,#5999,#6000,#6001,#6002,#6003,#6004,#6005,#6006,
#6007,#6008,#6009,#6010,#6011));
#6143=CLOSED_SHELL('',(#6012,#6013,#6014,#6015,#6016,#6017,#6018,#6019));
#6144=CLOSED_SHELL('',(#6020,#6021,#6022,#6023,#6024,#6025,#6026,#6027,
#6028,#6029,#6030,#6031,#6032,#6033,#6034,#6035,#6036,#6037,#6038,#6039,
#6040,#6041,#6042,#6043,#6044,#6045,#6046,#6047,#6048,#6049,#6050,#6051,
#6052,#6053,#6054,#6055,#6056,#6057,#6058,#6059,#6060,#6061,#6062,#6063,
#6064,#6065,#6066,#6067,#6068,#6069,#6070,#6071,#6072,#6073,#6074,#6075,
#6076,#6077,#6078,#6079,#6080,#6081,#6082,#6083,#6084,#6085,#6086));
#6145=CLOSED_SHELL('',(#6087,#6088,#6089,#6090,#6091,#6092,#6093,#6094,
#6095,#6096,#6097,#6098,#6099,#6100,#6101,#6102));
#6146=CLOSED_SHELL('',(#6103,#6104,#6105,#6106,#6107,#6108,#6109,#6110,
#6111,#6112,#6113,#6114,#6115,#6116,#6117,#6118,#6119,#6120,#6121,#6122,
#6123,#6124,#6125,#6126,#6127,#6128,#6129,#6130,#6131,#6132,#6133,#6134,
#6135,#6136,#6137));
#6147=STYLED_ITEM('',(#6156),#6370);
#6148=STYLED_ITEM('',(#6157),#6371);
#6149=STYLED_ITEM('',(#6158),#6372);
#6150=STYLED_ITEM('',(#6163),#6373);
#6151=STYLED_ITEM('',(#6164),#6374);
#6152=STYLED_ITEM('',(#6165),#6375);
#6153=STYLED_ITEM('',(#6171),#6376);
#6154=STYLED_ITEM('',(#6172),#6377);
#6155=STYLED_ITEM('',(#6189),#6378);
#6156=PRESENTATION_STYLE_ASSIGNMENT((#6190));
#6157=PRESENTATION_STYLE_ASSIGNMENT((#6191));
#6158=PRESENTATION_STYLE_ASSIGNMENT((#6192));
#6159=PRESENTATION_STYLE_ASSIGNMENT((#6193));
#6160=PRESENTATION_STYLE_ASSIGNMENT((#6194));
#6161=PRESENTATION_STYLE_ASSIGNMENT((#6195));
#6162=PRESENTATION_STYLE_ASSIGNMENT((#6196));
#6163=PRESENTATION_STYLE_ASSIGNMENT((#6197));
#6164=PRESENTATION_STYLE_ASSIGNMENT((#6198));
#6165=PRESENTATION_STYLE_ASSIGNMENT((#6199));
#6166=PRESENTATION_STYLE_ASSIGNMENT((#6200));
#6167=PRESENTATION_STYLE_ASSIGNMENT((#6201));
#6168=PRESENTATION_STYLE_ASSIGNMENT((#6202));
#6169=PRESENTATION_STYLE_ASSIGNMENT((#6203));
#6170=PRESENTATION_STYLE_ASSIGNMENT((#6204));
#6171=PRESENTATION_STYLE_ASSIGNMENT((#6205));
#6172=PRESENTATION_STYLE_ASSIGNMENT((#6206));
#6173=PRESENTATION_STYLE_ASSIGNMENT((#6207));
#6174=PRESENTATION_STYLE_ASSIGNMENT((#6208));
#6175=PRESENTATION_STYLE_ASSIGNMENT((#6209));
#6176=PRESENTATION_STYLE_ASSIGNMENT((#6210));
#6177=PRESENTATION_STYLE_ASSIGNMENT((#6211));
#6178=PRESENTATION_STYLE_ASSIGNMENT((#6212));
#6179=PRESENTATION_STYLE_ASSIGNMENT((#6213));
#6180=PRESENTATION_STYLE_ASSIGNMENT((#6214));
#6181=PRESENTATION_STYLE_ASSIGNMENT((#6215));
#6182=PRESENTATION_STYLE_ASSIGNMENT((#6216));
#6183=PRESENTATION_STYLE_ASSIGNMENT((#6217));
#6184=PRESENTATION_STYLE_ASSIGNMENT((#6218));
#6185=PRESENTATION_STYLE_ASSIGNMENT((#6219));
#6186=PRESENTATION_STYLE_ASSIGNMENT((#6220));
#6187=PRESENTATION_STYLE_ASSIGNMENT((#6221));
#6188=PRESENTATION_STYLE_ASSIGNMENT((#6222));
#6189=PRESENTATION_STYLE_ASSIGNMENT((#6223));
#6190=SURFACE_STYLE_USAGE(.BOTH.,#6224);
#6191=SURFACE_STYLE_USAGE(.BOTH.,#6225);
#6192=SURFACE_STYLE_USAGE(.BOTH.,#6226);
#6193=SURFACE_STYLE_USAGE(.BOTH.,#6227);
#6194=SURFACE_STYLE_USAGE(.BOTH.,#6228);
#6195=SURFACE_STYLE_USAGE(.BOTH.,#6229);
#6196=SURFACE_STYLE_USAGE(.BOTH.,#6230);
#6197=SURFACE_STYLE_USAGE(.BOTH.,#6231);
#6198=SURFACE_STYLE_USAGE(.BOTH.,#6232);
#6199=SURFACE_STYLE_USAGE(.BOTH.,#6233);
#6200=SURFACE_STYLE_USAGE(.BOTH.,#6234);
#6201=SURFACE_STYLE_USAGE(.BOTH.,#6235);
#6202=SURFACE_STYLE_USAGE(.BOTH.,#6236);
#6203=SURFACE_STYLE_USAGE(.BOTH.,#6237);
#6204=SURFACE_STYLE_USAGE(.BOTH.,#6238);
#6205=SURFACE_STYLE_USAGE(.BOTH.,#6239);
#6206=SURFACE_STYLE_USAGE(.BOTH.,#6240);
#6207=SURFACE_STYLE_USAGE(.BOTH.,#6241);
#6208=SURFACE_STYLE_USAGE(.BOTH.,#6242);
#6209=SURFACE_STYLE_USAGE(.BOTH.,#6243);
#6210=SURFACE_STYLE_USAGE(.BOTH.,#6244);
#6211=SURFACE_STYLE_USAGE(.BOTH.,#6245);
#6212=SURFACE_STYLE_USAGE(.BOTH.,#6246);
#6213=SURFACE_STYLE_USAGE(.BOTH.,#6247);
#6214=SURFACE_STYLE_USAGE(.BOTH.,#6248);
#6215=SURFACE_STYLE_USAGE(.BOTH.,#6249);
#6216=SURFACE_STYLE_USAGE(.BOTH.,#6250);
#6217=SURFACE_STYLE_USAGE(.BOTH.,#6251);
#6218=SURFACE_STYLE_USAGE(.BOTH.,#6252);
#6219=SURFACE_STYLE_USAGE(.BOTH.,#6253);
#6220=SURFACE_STYLE_USAGE(.BOTH.,#6254);
#6221=SURFACE_STYLE_USAGE(.BOTH.,#6255);
#6222=SURFACE_STYLE_USAGE(.BOTH.,#6256);
#6223=SURFACE_STYLE_USAGE(.BOTH.,#6257);
#6224=SURFACE_SIDE_STYLE('',(#6258));
#6225=SURFACE_SIDE_STYLE('',(#6259));
#6226=SURFACE_SIDE_STYLE('',(#6260));
#6227=SURFACE_SIDE_STYLE('',(#6261));
#6228=SURFACE_SIDE_STYLE('',(#6262));
#6229=SURFACE_SIDE_STYLE('',(#6263));
#6230=SURFACE_SIDE_STYLE('',(#6264));
#6231=SURFACE_SIDE_STYLE('',(#6265));
#6232=SURFACE_SIDE_STYLE('',(#6266));
#6233=SURFACE_SIDE_STYLE('',(#6267));
#6234=SURFACE_SIDE_STYLE('',(#6268));
#6235=SURFACE_SIDE_STYLE('',(#6269));
#6236=SURFACE_SIDE_STYLE('',(#6270));
#6237=SURFACE_SIDE_STYLE('',(#6271));
#6238=SURFACE_SIDE_STYLE('',(#6272));
#6239=SURFACE_SIDE_STYLE('',(#6273));
#6240=SURFACE_SIDE_STYLE('',(#6274));
#6241=SURFACE_SIDE_STYLE('',(#6275));
#6242=SURFACE_SIDE_STYLE('',(#6276));
#6243=SURFACE_SIDE_STYLE('',(#6277));
#6244=SURFACE_SIDE_STYLE('',(#6278));
#6245=SURFACE_SIDE_STYLE('',(#6279));
#6246=SURFACE_SIDE_STYLE('',(#6280));
#6247=SURFACE_SIDE_STYLE('',(#6281));
#6248=SURFACE_SIDE_STYLE('',(#6282));
#6249=SURFACE_SIDE_STYLE('',(#6283));
#6250=SURFACE_SIDE_STYLE('',(#6284));
#6251=SURFACE_SIDE_STYLE('',(#6285));
#6252=SURFACE_SIDE_STYLE('',(#6286));
#6253=SURFACE_SIDE_STYLE('',(#6287));
#6254=SURFACE_SIDE_STYLE('',(#6288));
#6255=SURFACE_SIDE_STYLE('',(#6289));
#6256=SURFACE_SIDE_STYLE('',(#6290));
#6257=SURFACE_SIDE_STYLE('',(#6291));
#6258=SURFACE_STYLE_FILL_AREA(#6292);
#6259=SURFACE_STYLE_FILL_AREA(#6293);
#6260=SURFACE_STYLE_FILL_AREA(#6294);
#6261=SURFACE_STYLE_FILL_AREA(#6295);
#6262=SURFACE_STYLE_FILL_AREA(#6296);
#6263=SURFACE_STYLE_FILL_AREA(#6297);
#6264=SURFACE_STYLE_FILL_AREA(#6298);
#6265=SURFACE_STYLE_FILL_AREA(#6299);
#6266=SURFACE_STYLE_FILL_AREA(#6300);
#6267=SURFACE_STYLE_FILL_AREA(#6301);
#6268=SURFACE_STYLE_FILL_AREA(#6302);
#6269=SURFACE_STYLE_FILL_AREA(#6303);
#6270=SURFACE_STYLE_FILL_AREA(#6304);
#6271=SURFACE_STYLE_FILL_AREA(#6305);
#6272=SURFACE_STYLE_FILL_AREA(#6306);
#6273=SURFACE_STYLE_FILL_AREA(#6307);
#6274=SURFACE_STYLE_FILL_AREA(#6308);
#6275=SURFACE_STYLE_FILL_AREA(#6309);
#6276=SURFACE_STYLE_FILL_AREA(#6310);
#6277=SURFACE_STYLE_FILL_AREA(#6311);
#6278=SURFACE_STYLE_FILL_AREA(#6312);
#6279=SURFACE_STYLE_FILL_AREA(#6313);
#6280=SURFACE_STYLE_FILL_AREA(#6314);
#6281=SURFACE_STYLE_FILL_AREA(#6315);
#6282=SURFACE_STYLE_FILL_AREA(#6316);
#6283=SURFACE_STYLE_FILL_AREA(#6317);
#6284=SURFACE_STYLE_FILL_AREA(#6318);
#6285=SURFACE_STYLE_FILL_AREA(#6319);
#6286=SURFACE_STYLE_FILL_AREA(#6320);
#6287=SURFACE_STYLE_FILL_AREA(#6321);
#6288=SURFACE_STYLE_FILL_AREA(#6322);
#6289=SURFACE_STYLE_FILL_AREA(#6323);
#6290=SURFACE_STYLE_FILL_AREA(#6324);
#6291=SURFACE_STYLE_FILL_AREA(#6325);
#6292=FILL_AREA_STYLE('',(#6326));
#6293=FILL_AREA_STYLE('',(#6327));
#6294=FILL_AREA_STYLE('',(#6328));
#6295=FILL_AREA_STYLE('',(#6329));
#6296=FILL_AREA_STYLE('',(#6330));
#6297=FILL_AREA_STYLE('',(#6331));
#6298=FILL_AREA_STYLE('',(#6332));
#6299=FILL_AREA_STYLE('',(#6333));
#6300=FILL_AREA_STYLE('',(#6334));
#6301=FILL_AREA_STYLE('',(#6335));
#6302=FILL_AREA_STYLE('',(#6336));
#6303=FILL_AREA_STYLE('',(#6337));
#6304=FILL_AREA_STYLE('',(#6338));
#6305=FILL_AREA_STYLE('',(#6339));
#6306=FILL_AREA_STYLE('',(#6340));
#6307=FILL_AREA_STYLE('',(#6341));
#6308=FILL_AREA_STYLE('',(#6342));
#6309=FILL_AREA_STYLE('',(#6343));
#6310=FILL_AREA_STYLE('',(#6344));
#6311=FILL_AREA_STYLE('',(#6345));
#6312=FILL_AREA_STYLE('',(#6346));
#6313=FILL_AREA_STYLE('',(#6347));
#6314=FILL_AREA_STYLE('',(#6348));
#6315=FILL_AREA_STYLE('',(#6349));
#6316=FILL_AREA_STYLE('',(#6350));
#6317=FILL_AREA_STYLE('',(#6351));
#6318=FILL_AREA_STYLE('',(#6352));
#6319=FILL_AREA_STYLE('',(#6353));
#6320=FILL_AREA_STYLE('',(#6354));
#6321=FILL_AREA_STYLE('',(#6355));
#6322=FILL_AREA_STYLE('',(#6356));
#6323=FILL_AREA_STYLE('',(#6357));
#6324=FILL_AREA_STYLE('',(#6358));
#6325=FILL_AREA_STYLE('',(#6359));
#6326=FILL_AREA_STYLE_COLOUR('',#6360);
#6327=FILL_AREA_STYLE_COLOUR('',#6361);
#6328=FILL_AREA_STYLE_COLOUR('',#6362);
#6329=FILL_AREA_STYLE_COLOUR('',#6363);
#6330=FILL_AREA_STYLE_COLOUR('',#6363);
#6331=FILL_AREA_STYLE_COLOUR('',#6363);
#6332=FILL_AREA_STYLE_COLOUR('',#6363);
#6333=FILL_AREA_STYLE_COLOUR('',#6360);
#6334=FILL_AREA_STYLE_COLOUR('',#6362);
#6335=FILL_AREA_STYLE_COLOUR('',#6364);
#6336=FILL_AREA_STYLE_COLOUR('',#45);
#6337=FILL_AREA_STYLE_COLOUR('',#6365);
#6338=FILL_AREA_STYLE_COLOUR('',#6365);
#6339=FILL_AREA_STYLE_COLOUR('',#6365);
#6340=FILL_AREA_STYLE_COLOUR('',#6365);
#6341=FILL_AREA_STYLE_COLOUR('',#6366);
#6342=FILL_AREA_STYLE_COLOUR('',#6367);
#6343=FILL_AREA_STYLE_COLOUR('',#6360);
#6344=FILL_AREA_STYLE_COLOUR('',#6368);
#6345=FILL_AREA_STYLE_COLOUR('',#6368);
#6346=FILL_AREA_STYLE_COLOUR('',#6368);
#6347=FILL_AREA_STYLE_COLOUR('',#6360);
#6348=FILL_AREA_STYLE_COLOUR('',#6360);
#6349=FILL_AREA_STYLE_COLOUR('',#6360);
#6350=FILL_AREA_STYLE_COLOUR('',#6360);
#6351=FILL_AREA_STYLE_COLOUR('',#6368);
#6352=FILL_AREA_STYLE_COLOUR('',#6368);
#6353=FILL_AREA_STYLE_COLOUR('',#6360);
#6354=FILL_AREA_STYLE_COLOUR('',#6368);
#6355=FILL_AREA_STYLE_COLOUR('',#6360);
#6356=FILL_AREA_STYLE_COLOUR('',#6360);
#6357=FILL_AREA_STYLE_COLOUR('',#6368);
#6358=FILL_AREA_STYLE_COLOUR('',#6368);
#6359=FILL_AREA_STYLE_COLOUR('',#6369);
#6360=COLOUR_RGB('',0.647058823529412,0.647058823529412,0.647058823529412);
#6361=COLOUR_RGB('',0.917647058823529,0.917647058823529,0.917647058823529);
#6362=COLOUR_RGB('',0.8,0.8,0.8);
#6363=COLOUR_RGB('',0.874509803921569,0.447058823529412,0.31764705882353);
#6364=COLOUR_RGB('',0.866666666666667,0.909803921568627,1.);
#6365=COLOUR_RGB('',0.83921568627451,0.450980392156863,0.388235294117647);
#6366=COLOUR_RGB('',0.917647058823529,0.725490196078431,0.490196078431373);
#6367=COLOUR_RGB('',0.615686274509804,0.811764705882353,0.929411764705882);
#6368=COLOUR_RGB('',0.909803921568627,0.572549019607843,0.164705882352941);
#6369=COLOUR_RGB('',0.819607843137255,0.8,0.752941176470588);
#6370=MANIFOLD_SOLID_BREP('Part 1',#6138);
#6371=MANIFOLD_SOLID_BREP('Part 1',#6139);
#6372=MANIFOLD_SOLID_BREP('Part 1',#6140);
#6373=MANIFOLD_SOLID_BREP('Part 1',#6141);
#6374=MANIFOLD_SOLID_BREP('Part 1',#6142);
#6375=MANIFOLD_SOLID_BREP('Part 1',#6143);
#6376=MANIFOLD_SOLID_BREP('Part 1',#6144);
#6377=MANIFOLD_SOLID_BREP('Part 1',#6145);
#6378=MANIFOLD_SOLID_BREP('E3D v6 HotEnd - Nozzle',#6146);
#6379=SHAPE_DEFINITION_REPRESENTATION(#12593,#6389);
#6380=SHAPE_DEFINITION_REPRESENTATION(#12594,#6390);
#6381=SHAPE_DEFINITION_REPRESENTATION(#12597,#6391);
#6382=SHAPE_DEFINITION_REPRESENTATION(#12600,#6392);
#6383=SHAPE_DEFINITION_REPRESENTATION(#12602,#6393);
#6384=SHAPE_DEFINITION_REPRESENTATION(#12605,#6394);
#6385=SHAPE_DEFINITION_REPRESENTATION(#12607,#6395);
#6386=SHAPE_DEFINITION_REPRESENTATION(#12609,#6396);
#6387=SHAPE_DEFINITION_REPRESENTATION(#12611,#6397);
#6388=SHAPE_DEFINITION_REPRESENTATION(#12613,#6398);
#6389=SHAPE_REPRESENTATION('Assembly 1',(#6399,#6422,#6423,#6485,#6486,
#6504,#6521,#6522,#6852,#6868,#6969,#7002,#7067,#7068,#7069,#7070),#12570);
#6390=SHAPE_REPRESENTATION('Part 1',(#6399),#12571);
#6391=SHAPE_REPRESENTATION('Part 1',(#6399),#12572);
#6392=SHAPE_REPRESENTATION('Part 1',(#6399),#12573);
#6393=SHAPE_REPRESENTATION('Part 1',(#6399),#12574);
#6394=SHAPE_REPRESENTATION('Part 1',(#6399),#12575);
#6395=SHAPE_REPRESENTATION('Part 1',(#6399),#12576);
#6396=SHAPE_REPRESENTATION('Part 1',(#6399),#12577);
#6397=SHAPE_REPRESENTATION('Part 1',(#6399),#12578);
#6398=SHAPE_REPRESENTATION('E3D v6 HotEnd - Nozzle',(#6399),#12579);
#6399=AXIS2_PLACEMENT_3D('',#8770,#7071,#7072);
#6400=AXIS2_PLACEMENT_3D('',#8771,#7073,#7074);
#6401=AXIS2_PLACEMENT_3D('',#8772,#7075,#7076);
#6402=AXIS2_PLACEMENT_3D('',#8774,#7077,#7078);
#6403=AXIS2_PLACEMENT_3D('',#8776,#7079,#7080);
#6404=AXIS2_PLACEMENT_3D('',#8777,#7081,#7082);
#6405=AXIS2_PLACEMENT_3D('',#8779,#7083,#7084);
#6406=AXIS2_PLACEMENT_3D('',#8781,#7085,#7086);
#6407=AXIS2_PLACEMENT_3D('',#8782,#7087,#7088);
#6408=AXIS2_PLACEMENT_3D('',#8796,#7095,#7096);
#6409=AXIS2_PLACEMENT_3D('',#8797,#7097,#7098);
#6410=AXIS2_PLACEMENT_3D('',#8799,#7099,#7100);
#6411=AXIS2_PLACEMENT_3D('',#8800,#7101,#7102);
#6412=AXIS2_PLACEMENT_3D('',#8802,#7103,#7104);
#6413=AXIS2_PLACEMENT_3D('',#8808,#7108,#7109);
#6414=AXIS2_PLACEMENT_3D('',#8812,#7112,#7113);
#6415=AXIS2_PLACEMENT_3D('',#8816,#7116,#7117);
#6416=AXIS2_PLACEMENT_3D('',#8820,#7120,#7121);
#6417=AXIS2_PLACEMENT_3D('',#8824,#7124,#7125);
#6418=AXIS2_PLACEMENT_3D('',#8826,#7127,#7128);
#6419=AXIS2_PLACEMENT_3D('',#8827,#7129,#7130);
#6420=AXIS2_PLACEMENT_3D('',#8828,#7131,#7132);
#6421=AXIS2_PLACEMENT_3D('',#8829,#7133,#7134);
#6422=AXIS2_PLACEMENT_3D('',#8830,#7135,#7136);
#6423=AXIS2_PLACEMENT_3D('',#8831,#7137,#7138);
#6424=AXIS2_PLACEMENT_3D('',#8832,#7139,#7140);
#6425=AXIS2_PLACEMENT_3D('',#8833,#7141,#7142);
#6426=AXIS2_PLACEMENT_3D('',#8851,#7143,#7144);
#6427=AXIS2_PLACEMENT_3D('',#8869,#7145,#7146);
#6428=AXIS2_PLACEMENT_3D('',#8870,#7147,#7148);
#6429=AXIS2_PLACEMENT_3D('',#8872,#7149,#7150);
#6430=AXIS2_PLACEMENT_3D('',#8899,#7156,#7157);
#6431=AXIS2_PLACEMENT_3D('',#8900,#7158,#7159);
#6432=AXIS2_PLACEMENT_3D('',#8902,#7160,#7161);
#6433=AXIS2_PLACEMENT_3D('',#8929,#7167,#7168);
#6434=AXIS2_PLACEMENT_3D('',#8935,#7169,#7170);
#6435=AXIS2_PLACEMENT_3D('',#8938,#7172,#7173);
#6436=AXIS2_PLACEMENT_3D('',#8941,#7176,#7177);
#6437=AXIS2_PLACEMENT_3D('',#8949,#7179,#7180);
#6438=AXIS2_PLACEMENT_3D('',#8950,#7181,#7182);
#6439=AXIS2_PLACEMENT_3D('',#8953,#7185,#7186);
#6440=AXIS2_PLACEMENT_3D('',#8968,#7189,#7190);
#6441=AXIS2_PLACEMENT_3D('',#8983,#7193,#7194);
#6442=AXIS2_PLACEMENT_3D('',#8984,#7195,#7196);
#6443=AXIS2_PLACEMENT_3D('',#8986,#7197,#7198);
#6444=AXIS2_PLACEMENT_3D('',#8988,#7199,#7200);
#6445=AXIS2_PLACEMENT_3D('',#8990,#7201,#7202);
#6446=AXIS2_PLACEMENT_3D('',#8992,#7203,#7204);
#6447=AXIS2_PLACEMENT_3D('',#8994,#7205,#7206);
#6448=AXIS2_PLACEMENT_3D('',#8995,#7207,#7208);
#6449=AXIS2_PLACEMENT_3D('',#9025,#7213,#7214);
#6450=AXIS2_PLACEMENT_3D('',#9026,#7215,#7216);
#6451=AXIS2_PLACEMENT_3D('',#9028,#7217,#7218);
#6452=AXIS2_PLACEMENT_3D('',#9031,#7219,#7220);
#6453=AXIS2_PLACEMENT_3D('',#9033,#7221,#7222);
#6454=AXIS2_PLACEMENT_3D('',#9035,#7223,#7224);
#6455=AXIS2_PLACEMENT_3D('',#9036,#7225,#7226);
#6456=AXIS2_PLACEMENT_3D('',#9037,#7227,#7228);
#6457=AXIS2_PLACEMENT_3D('',#9040,#7229,#7230);
#6458=AXIS2_PLACEMENT_3D('',#9042,#7231,#7232);
#6459=AXIS2_PLACEMENT_3D('',#9044,#7233,#7234);
#6460=AXIS2_PLACEMENT_3D('',#9165,#7235,#7236);
#6461=AXIS2_PLACEMENT_3D('',#9167,#7237,#7238);
#6462=AXIS2_PLACEMENT_3D('',#9169,#7239,#7240);
#6463=AXIS2_PLACEMENT_3D('',#9170,#7241,#7242);
#6464=AXIS2_PLACEMENT_3D('',#9171,#7243,#7244);
#6465=AXIS2_PLACEMENT_3D('',#9174,#7245,#7246);
#6466=AXIS2_PLACEMENT_3D('',#9175,#7247,#7248);
#6467=AXIS2_PLACEMENT_3D('',#9177,#7249,#7250);
#6468=AXIS2_PLACEMENT_3D('',#9179,#7251,#7252);
#6469=AXIS2_PLACEMENT_3D('',#9180,#7253,#7254);
#6470=AXIS2_PLACEMENT_3D('',#9182,#7255,#7256);
#6471=AXIS2_PLACEMENT_3D('',#9184,#7257,#7258);
#6472=AXIS2_PLACEMENT_3D('',#9185,#7259,#7260);
#6473=AXIS2_PLACEMENT_3D('',#9186,#7261,#7262);
#6474=AXIS2_PLACEMENT_3D('',#9187,#7263,#7264);
#6475=AXIS2_PLACEMENT_3D('',#9188,#7265,#7266);
#6476=AXIS2_PLACEMENT_3D('',#9189,#7267,#7268);
#6477=AXIS2_PLACEMENT_3D('',#9230,#7269,#7270);
#6478=AXIS2_PLACEMENT_3D('',#9235,#7271,#7272);
#6479=AXIS2_PLACEMENT_3D('',#9272,#7273,#7274);
#6480=AXIS2_PLACEMENT_3D('',#9273,#7275,#7276);
#6481=AXIS2_PLACEMENT_3D('',#9274,#7277,#7278);
#6482=AXIS2_PLACEMENT_3D('',#9277,#7281,#7282);
#6483=AXIS2_PLACEMENT_3D('',#9279,#7284,#7285);
#6484=AXIS2_PLACEMENT_3D('',#9281,#7287,#7288);
#6485=AXIS2_PLACEMENT_3D('',#9282,#7289,#7290);
#6486=AXIS2_PLACEMENT_3D('',#9283,#7291,#7292);
#6487=AXIS2_PLACEMENT_3D('',#9284,#7293,#7294);
#6488=AXIS2_PLACEMENT_3D('',#9285,#7295,#7296);
#6489=AXIS2_PLACEMENT_3D('',#9287,#7297,#7298);
#6490=AXIS2_PLACEMENT_3D('',#9289,#7299,#7300);
#6491=AXIS2_PLACEMENT_3D('',#9290,#7301,#7302);
#6492=AXIS2_PLACEMENT_3D('',#9292,#7303,#7304);
#6493=AXIS2_PLACEMENT_3D('',#9294,#7305,#7306);
#6494=AXIS2_PLACEMENT_3D('',#9296,#7307,#7308);
#6495=AXIS2_PLACEMENT_3D('',#9297,#7309,#7310);
#6496=AXIS2_PLACEMENT_3D('',#9299,#7311,#7312);
#6497=AXIS2_PLACEMENT_3D('',#9300,#7313,#7314);
#6498=AXIS2_PLACEMENT_3D('',#9302,#7315,#7316);
#6499=AXIS2_PLACEMENT_3D('',#9303,#7317,#7318);
#6500=AXIS2_PLACEMENT_3D('',#9304,#7319,#7320);
#6501=AXIS2_PLACEMENT_3D('',#9306,#7321,#7322);
#6502=AXIS2_PLACEMENT_3D('',#9307,#7323,#7324);
#6503=AXIS2_PLACEMENT_3D('',#9308,#7325,#7326);
#6504=AXIS2_PLACEMENT_3D('',#9309,#7327,#7328);
#6505=AXIS2_PLACEMENT_3D('',#9310,#7329,#7330);
#6506=AXIS2_PLACEMENT_3D('',#9311,#7331,#7332);
#6507=AXIS2_PLACEMENT_3D('',#9313,#7333,#7334);
#6508=AXIS2_PLACEMENT_3D('',#9315,#7335,#7336);
#6509=AXIS2_PLACEMENT_3D('',#9316,#7337,#7338);
#6510=AXIS2_PLACEMENT_3D('',#9318,#7339,#7340);
#6511=AXIS2_PLACEMENT_3D('',#9320,#7341,#7342);
#6512=AXIS2_PLACEMENT_3D('',#9321,#7343,#7344);
#6513=AXIS2_PLACEMENT_3D('',#9323,#7345,#7346);
#6514=AXIS2_PLACEMENT_3D('',#9325,#7347,#7348);
#6515=AXIS2_PLACEMENT_3D('',#9326,#7349,#7350);
#6516=AXIS2_PLACEMENT_3D('',#9328,#7351,#7352);
#6517=AXIS2_PLACEMENT_3D('',#9330,#7353,#7354);
#6518=AXIS2_PLACEMENT_3D('',#9331,#7355,#7356);
#6519=AXIS2_PLACEMENT_3D('',#9332,#7357,#7358);
#6520=AXIS2_PLACEMENT_3D('',#9333,#7359,#7360);
#6521=AXIS2_PLACEMENT_3D('',#9334,#7361,#7362);
#6522=AXIS2_PLACEMENT_3D('',#9335,#7363,#7364);
#6523=AXIS2_PLACEMENT_3D('',#9336,#7365,#7366);
#6524=AXIS2_PLACEMENT_3D('',#9337,#7367,#7368);
#6525=AXIS2_PLACEMENT_3D('',#9342,#7370,#7371);
#6526=AXIS2_PLACEMENT_3D('',#9345,#7373,#7374);
#6527=AXIS2_PLACEMENT_3D('',#9349,#7376,#7377);
#6528=AXIS2_PLACEMENT_3D('',#9353,#7379,#7380);
#6529=AXIS2_PLACEMENT_3D('',#9354,#7381,#7382);
#6530=AXIS2_PLACEMENT_3D('',#9355,#7383,#7384);
#6531=AXIS2_PLACEMENT_3D('',#9360,#7386,#7387);
#6532=AXIS2_PLACEMENT_3D('',#9363,#7389,#7390);
#6533=AXIS2_PLACEMENT_3D('',#9367,#7392,#7393);
#6534=AXIS2_PLACEMENT_3D('',#9371,#7395,#7396);
#6535=AXIS2_PLACEMENT_3D('',#9372,#7397,#7398);
#6536=AXIS2_PLACEMENT_3D('',#9373,#7399,#7400);
#6537=AXIS2_PLACEMENT_3D('',#9378,#7402,#7403);
#6538=AXIS2_PLACEMENT_3D('',#9381,#7405,#7406);
#6539=AXIS2_PLACEMENT_3D('',#9382,#7407,#7408);
#6540=AXIS2_PLACEMENT_3D('',#9387,#7410,#7411);
#6541=AXIS2_PLACEMENT_3D('',#9390,#7413,#7414);
#6542=AXIS2_PLACEMENT_3D('',#9391,#7415,#7416);
#6543=AXIS2_PLACEMENT_3D('',#9396,#7418,#7419);
#6544=AXIS2_PLACEMENT_3D('',#9399,#7421,#7422);
#6545=AXIS2_PLACEMENT_3D('',#9400,#7423,#7424);
#6546=AXIS2_PLACEMENT_3D('',#9405,#7426,#7427);
#6547=AXIS2_PLACEMENT_3D('',#9409,#7429,#7430);
#6548=AXIS2_PLACEMENT_3D('',#9413,#7432,#7433);
#6549=AXIS2_PLACEMENT_3D('',#9417,#7435,#7436);
#6550=AXIS2_PLACEMENT_3D('',#9421,#7438,#7439);
#6551=AXIS2_PLACEMENT_3D('',#9424,#7441,#7442);
#6552=AXIS2_PLACEMENT_3D('',#9430,#7445,#7446);
#6553=AXIS2_PLACEMENT_3D('',#9435,#7449,#7450);
#6554=AXIS2_PLACEMENT_3D('',#9439,#7452,#7453);
#6555=AXIS2_PLACEMENT_3D('',#9442,#7455,#7456);
#6556=AXIS2_PLACEMENT_3D('',#9443,#7457,#7458);
#6557=AXIS2_PLACEMENT_3D('',#9448,#7460,#7461);
#6558=AXIS2_PLACEMENT_3D('',#9452,#7463,#7464);
#6559=AXIS2_PLACEMENT_3D('',#9456,#7466,#7467);
#6560=AXIS2_PLACEMENT_3D('',#9460,#7469,#7470);
#6561=AXIS2_PLACEMENT_3D('',#9464,#7472,#7473);
#6562=AXIS2_PLACEMENT_3D('',#9467,#7475,#7476);
#6563=AXIS2_PLACEMENT_3D('',#9473,#7479,#7480);
#6564=AXIS2_PLACEMENT_3D('',#9478,#7483,#7484);
#6565=AXIS2_PLACEMENT_3D('',#9482,#7487,#7488);
#6566=AXIS2_PLACEMENT_3D('',#9483,#7489,#7490);
#6567=AXIS2_PLACEMENT_3D('',#9488,#7492,#7493);
#6568=AXIS2_PLACEMENT_3D('',#9492,#7495,#7496);
#6569=AXIS2_PLACEMENT_3D('',#9496,#7498,#7499);
#6570=AXIS2_PLACEMENT_3D('',#9500,#7501,#7502);
#6571=AXIS2_PLACEMENT_3D('',#9504,#7504,#7505);
#6572=AXIS2_PLACEMENT_3D('',#9507,#7507,#7508);
#6573=AXIS2_PLACEMENT_3D('',#9513,#7511,#7512);
#6574=AXIS2_PLACEMENT_3D('',#9518,#7515,#7516);
#6575=AXIS2_PLACEMENT_3D('',#9522,#7518,#7519);
#6576=AXIS2_PLACEMENT_3D('',#9525,#7521,#7522);
#6577=AXIS2_PLACEMENT_3D('',#9526,#7523,#7524);
#6578=AXIS2_PLACEMENT_3D('',#9531,#7526,#7527);
#6579=AXIS2_PLACEMENT_3D('',#9534,#7529,#7530);
#6580=AXIS2_PLACEMENT_3D('',#9537,#7532,#7533);
#6581=AXIS2_PLACEMENT_3D('',#9540,#7535,#7536);
#6582=AXIS2_PLACEMENT_3D('',#9541,#7537,#7538);
#6583=AXIS2_PLACEMENT_3D('',#9546,#7541,#7542);
#6584=AXIS2_PLACEMENT_3D('',#9549,#7544,#7545);
#6585=AXIS2_PLACEMENT_3D('',#9552,#7547,#7548);
#6586=AXIS2_PLACEMENT_3D('',#9553,#7549,#7550);
#6587=AXIS2_PLACEMENT_3D('',#9558,#7552,#7553);
#6588=AXIS2_PLACEMENT_3D('',#9561,#7555,#7556);
#6589=AXIS2_PLACEMENT_3D('',#9564,#7558,#7559);
#6590=AXIS2_PLACEMENT_3D('',#9567,#7561,#7562);
#6591=AXIS2_PLACEMENT_3D('',#9570,#7564,#7565);
#6592=AXIS2_PLACEMENT_3D('',#9573,#7567,#7568);
#6593=AXIS2_PLACEMENT_3D('',#9578,#7571,#7572);
#6594=AXIS2_PLACEMENT_3D('',#9579,#7573,#7574);
#6595=AXIS2_PLACEMENT_3D('',#9584,#7577,#7578);
#6596=AXIS2_PLACEMENT_3D('',#9585,#7579,#7580);
#6597=AXIS2_PLACEMENT_3D('',#9588,#7582,#7583);
#6598=AXIS2_PLACEMENT_3D('',#9591,#7585,#7586);
#6599=AXIS2_PLACEMENT_3D('',#9596,#7589,#7590);
#6600=AXIS2_PLACEMENT_3D('',#9597,#7591,#7592);
#6601=AXIS2_PLACEMENT_3D('',#9602,#7595,#7596);
#6602=AXIS2_PLACEMENT_3D('',#9603,#7597,#7598);
#6603=AXIS2_PLACEMENT_3D('',#9608,#7601,#7602);
#6604=AXIS2_PLACEMENT_3D('',#9609,#7603,#7604);
#6605=AXIS2_PLACEMENT_3D('',#9612,#7606,#7607);
#6606=AXIS2_PLACEMENT_3D('',#9615,#7609,#7610);
#6607=AXIS2_PLACEMENT_3D('',#9618,#7612,#7613);
#6608=AXIS2_PLACEMENT_3D('',#9622,#7615,#7616);
#6609=AXIS2_PLACEMENT_3D('',#9627,#7619,#7620);
#6610=AXIS2_PLACEMENT_3D('',#9631,#7622,#7623);
#6611=AXIS2_PLACEMENT_3D('',#9634,#7625,#7626);
#6612=AXIS2_PLACEMENT_3D('',#9635,#7627,#7628);
#6613=AXIS2_PLACEMENT_3D('',#9640,#7631,#7632);
#6614=AXIS2_PLACEMENT_3D('',#9644,#7634,#7635);
#6615=AXIS2_PLACEMENT_3D('',#9648,#7637,#7638);
#6616=AXIS2_PLACEMENT_3D('',#9649,#7639,#7640);
#6617=AXIS2_PLACEMENT_3D('',#9650,#7641,#7642);
#6618=AXIS2_PLACEMENT_3D('',#9655,#7645,#7646);
#6619=AXIS2_PLACEMENT_3D('',#9658,#7648,#7649);
#6620=AXIS2_PLACEMENT_3D('',#9661,#7651,#7652);
#6621=AXIS2_PLACEMENT_3D('',#9665,#7654,#7655);
#6622=AXIS2_PLACEMENT_3D('',#9669,#7657,#7658);
#6623=AXIS2_PLACEMENT_3D('',#9670,#7659,#7660);
#6624=AXIS2_PLACEMENT_3D('',#9674,#7662,#7663);
#6625=AXIS2_PLACEMENT_3D('',#9678,#7665,#7666);
#6626=AXIS2_PLACEMENT_3D('',#9682,#7668,#7669);
#6627=AXIS2_PLACEMENT_3D('',#9683,#7670,#7671);
#6628=AXIS2_PLACEMENT_3D('',#9686,#7672,#7673);
#6629=AXIS2_PLACEMENT_3D('',#9688,#7674,#7675);
#6630=AXIS2_PLACEMENT_3D('',#9692,#7677,#7678);
#6631=AXIS2_PLACEMENT_3D('',#9694,#7679,#7680);
#6632=AXIS2_PLACEMENT_3D('',#9696,#7681,#7682);
#6633=AXIS2_PLACEMENT_3D('',#9700,#7684,#7685);
#6634=AXIS2_PLACEMENT_3D('',#9702,#7686,#7687);
#6635=AXIS2_PLACEMENT_3D('',#9704,#7688,#7689);
#6636=AXIS2_PLACEMENT_3D('',#9707,#7691,#7692);
#6637=AXIS2_PLACEMENT_3D('',#9711,#7694,#7695);
#6638=AXIS2_PLACEMENT_3D('',#9715,#7697,#7698);
#6639=AXIS2_PLACEMENT_3D('',#9719,#7700,#7701);
#6640=AXIS2_PLACEMENT_3D('',#9720,#7702,#7703);
#6641=AXIS2_PLACEMENT_3D('',#9723,#7704,#7705);
#6642=AXIS2_PLACEMENT_3D('',#9725,#7706,#7707);
#6643=AXIS2_PLACEMENT_3D('',#9729,#7709,#7710);
#6644=AXIS2_PLACEMENT_3D('',#9731,#7711,#7712);
#6645=AXIS2_PLACEMENT_3D('',#9733,#7713,#7714);
#6646=AXIS2_PLACEMENT_3D('',#9737,#7716,#7717);
#6647=AXIS2_PLACEMENT_3D('',#9739,#7718,#7719);
#6648=AXIS2_PLACEMENT_3D('',#9741,#7720,#7721);
#6649=AXIS2_PLACEMENT_3D('',#9744,#7723,#7724);
#6650=AXIS2_PLACEMENT_3D('',#9745,#7725,#7726);
#6651=AXIS2_PLACEMENT_3D('',#9750,#7728,#7729);
#6652=AXIS2_PLACEMENT_3D('',#9754,#7731,#7732);
#6653=AXIS2_PLACEMENT_3D('',#9760,#7735,#7736);
#6654=AXIS2_PLACEMENT_3D('',#9764,#7738,#7739);
#6655=AXIS2_PLACEMENT_3D('',#9768,#7741,#7742);
#6656=AXIS2_PLACEMENT_3D('',#9769,#7743,#7744);
#6657=AXIS2_PLACEMENT_3D('',#9772,#7745,#7746);
#6658=AXIS2_PLACEMENT_3D('',#9774,#7747,#7748);
#6659=AXIS2_PLACEMENT_3D('',#9778,#7750,#7751);
#6660=AXIS2_PLACEMENT_3D('',#9780,#7752,#7753);
#6661=AXIS2_PLACEMENT_3D('',#9784,#7755,#7756);
#6662=AXIS2_PLACEMENT_3D('',#9788,#7758,#7759);
#6663=AXIS2_PLACEMENT_3D('',#9792,#7761,#7762);
#6664=AXIS2_PLACEMENT_3D('',#9794,#7763,#7764);
#6665=AXIS2_PLACEMENT_3D('',#9798,#7766,#7767);
#6666=AXIS2_PLACEMENT_3D('',#9800,#7768,#7769);
#6667=AXIS2_PLACEMENT_3D('',#9804,#7771,#7772);
#6668=AXIS2_PLACEMENT_3D('',#9808,#7774,#7775);
#6669=AXIS2_PLACEMENT_3D('',#9812,#7777,#7778);
#6670=AXIS2_PLACEMENT_3D('',#9814,#7779,#7780);
#6671=AXIS2_PLACEMENT_3D('',#9817,#7782,#7783);
#6672=AXIS2_PLACEMENT_3D('',#9818,#7784,#7785);
#6673=AXIS2_PLACEMENT_3D('',#9821,#7786,#7787);
#6674=AXIS2_PLACEMENT_3D('',#9823,#7788,#7789);
#6675=AXIS2_PLACEMENT_3D('',#9827,#7791,#7792);
#6676=AXIS2_PLACEMENT_3D('',#9829,#7793,#7794);
#6677=AXIS2_PLACEMENT_3D('',#9833,#7796,#7797);
#6678=AXIS2_PLACEMENT_3D('',#9837,#7799,#7800);
#6679=AXIS2_PLACEMENT_3D('',#9841,#7802,#7803);
#6680=AXIS2_PLACEMENT_3D('',#9843,#7804,#7805);
#6681=AXIS2_PLACEMENT_3D('',#9847,#7807,#7808);
#6682=AXIS2_PLACEMENT_3D('',#9849,#7809,#7810);
#6683=AXIS2_PLACEMENT_3D('',#9853,#7812,#7813);
#6684=AXIS2_PLACEMENT_3D('',#9857,#7815,#7816);
#6685=AXIS2_PLACEMENT_3D('',#9861,#7818,#7819);
#6686=AXIS2_PLACEMENT_3D('',#9863,#7820,#7821);
#6687=AXIS2_PLACEMENT_3D('',#9869,#7824,#7825);
#6688=AXIS2_PLACEMENT_3D('',#9873,#7827,#7828);
#6689=AXIS2_PLACEMENT_3D('',#9877,#7830,#7831);
#6690=AXIS2_PLACEMENT_3D('',#9881,#7833,#7834);
#6691=AXIS2_PLACEMENT_3D('',#9885,#7836,#7837);
#6692=AXIS2_PLACEMENT_3D('',#9889,#7839,#7840);
#6693=AXIS2_PLACEMENT_3D('',#9890,#7841,#7842);
#6694=AXIS2_PLACEMENT_3D('',#9893,#7845,#7846);
#6695=AXIS2_PLACEMENT_3D('',#9895,#7848,#7849);
#6696=AXIS2_PLACEMENT_3D('',#9897,#7851,#7852);
#6697=AXIS2_PLACEMENT_3D('',#9899,#7854,#7855);
#6698=AXIS2_PLACEMENT_3D('',#9901,#7857,#7858);
#6699=AXIS2_PLACEMENT_3D('',#9902,#7859,#7860);
#6700=AXIS2_PLACEMENT_3D('',#9915,#7863,#7864);
#6701=AXIS2_PLACEMENT_3D('',#9916,#7865,#7866);
#6702=AXIS2_PLACEMENT_3D('',#9921,#7869,#7870);
#6703=AXIS2_PLACEMENT_3D('',#9934,#7873,#7874);
#6704=AXIS2_PLACEMENT_3D('',#9937,#7877,#7878);
#6705=AXIS2_PLACEMENT_3D('',#9946,#7879,#7880);
#6706=AXIS2_PLACEMENT_3D('',#9955,#7881,#7882);
#6707=AXIS2_PLACEMENT_3D('',#9956,#7883,#7884);
#6708=AXIS2_PLACEMENT_3D('',#9957,#7885,#7886);
#6709=AXIS2_PLACEMENT_3D('',#9960,#7889,#7890);
#6710=AXIS2_PLACEMENT_3D('',#9963,#7893,#7894);
#6711=AXIS2_PLACEMENT_3D('',#9966,#7897,#7898);
#6712=AXIS2_PLACEMENT_3D('',#9967,#7899,#7900);
#6713=AXIS2_PLACEMENT_3D('',#9968,#7901,#7902);
#6714=AXIS2_PLACEMENT_3D('',#9969,#7903,#7904);
#6715=AXIS2_PLACEMENT_3D('',#9982,#7907,#7908);
#6716=AXIS2_PLACEMENT_3D('',#9985,#7910,#7911);
#6717=AXIS2_PLACEMENT_3D('',#9989,#7913,#7914);
#6718=AXIS2_PLACEMENT_3D('',#9994,#7917,#7918);
#6719=AXIS2_PLACEMENT_3D('',#9998,#7920,#7921);
#6720=AXIS2_PLACEMENT_3D('',#10001,#7923,#7924);
#6721=AXIS2_PLACEMENT_3D('',#10014,#7927,#7928);
#6722=AXIS2_PLACEMENT_3D('',#10017,#7931,#7932);
#6723=AXIS2_PLACEMENT_3D('',#10026,#7933,#7934);
#6724=AXIS2_PLACEMENT_3D('',#10035,#7935,#7936);
#6725=AXIS2_PLACEMENT_3D('',#10036,#7937,#7938);
#6726=AXIS2_PLACEMENT_3D('',#10037,#7939,#7940);
#6727=AXIS2_PLACEMENT_3D('',#10040,#7943,#7944);
#6728=AXIS2_PLACEMENT_3D('',#10043,#7947,#7948);
#6729=AXIS2_PLACEMENT_3D('',#10046,#7951,#7952);
#6730=AXIS2_PLACEMENT_3D('',#10047,#7953,#7954);
#6731=AXIS2_PLACEMENT_3D('',#10048,#7955,#7956);
#6732=AXIS2_PLACEMENT_3D('',#10049,#7957,#7958);
#6733=AXIS2_PLACEMENT_3D('',#10053,#7960,#7961);
#6734=AXIS2_PLACEMENT_3D('',#10057,#7963,#7964);
#6735=AXIS2_PLACEMENT_3D('',#10058,#7965,#7966);
#6736=AXIS2_PLACEMENT_3D('',#10062,#7968,#7969);
#6737=AXIS2_PLACEMENT_3D('',#10066,#7971,#7972);
#6738=AXIS2_PLACEMENT_3D('',#10067,#7973,#7974);
#6739=AXIS2_PLACEMENT_3D('',#10070,#7977,#7978);
#6740=AXIS2_PLACEMENT_3D('',#10073,#7981,#7982);
#6741=AXIS2_PLACEMENT_3D('',#10082,#7983,#7984);
#6742=AXIS2_PLACEMENT_3D('',#10091,#7985,#7986);
#6743=AXIS2_PLACEMENT_3D('',#10100,#7987,#7988);
#6744=AXIS2_PLACEMENT_3D('',#10109,#7989,#7990);
#6745=AXIS2_PLACEMENT_3D('',#10113,#7992,#7993);
#6746=AXIS2_PLACEMENT_3D('',#10117,#7995,#7996);
#6747=AXIS2_PLACEMENT_3D('',#10118,#7997,#7998);
#6748=AXIS2_PLACEMENT_3D('',#10121,#8001,#8002);
#6749=AXIS2_PLACEMENT_3D('',#10125,#8004,#8005);
#6750=AXIS2_PLACEMENT_3D('',#10129,#8007,#8008);
#6751=AXIS2_PLACEMENT_3D('',#10130,#8009,#8010);
#6752=AXIS2_PLACEMENT_3D('',#10133,#8013,#8014);
#6753=AXIS2_PLACEMENT_3D('',#10142,#8015,#8016);
#6754=AXIS2_PLACEMENT_3D('',#10151,#8017,#8018);
#6755=AXIS2_PLACEMENT_3D('',#10160,#8019,#8020);
#6756=AXIS2_PLACEMENT_3D('',#10169,#8021,#8022);
#6757=AXIS2_PLACEMENT_3D('',#10173,#8024,#8025);
#6758=AXIS2_PLACEMENT_3D('',#10177,#8027,#8028);
#6759=AXIS2_PLACEMENT_3D('',#10178,#8029,#8030);
#6760=AXIS2_PLACEMENT_3D('',#10182,#8032,#8033);
#6761=AXIS2_PLACEMENT_3D('',#10186,#8035,#8036);
#6762=AXIS2_PLACEMENT_3D('',#10187,#8037,#8038);
#6763=AXIS2_PLACEMENT_3D('',#10190,#8041,#8042);
#6764=AXIS2_PLACEMENT_3D('',#10193,#8045,#8046);
#6765=AXIS2_PLACEMENT_3D('',#10202,#8047,#8048);
#6766=AXIS2_PLACEMENT_3D('',#10211,#8049,#8050);
#6767=AXIS2_PLACEMENT_3D('',#10220,#8051,#8052);
#6768=AXIS2_PLACEMENT_3D('',#10229,#8053,#8054);
#6769=AXIS2_PLACEMENT_3D('',#10232,#8057,#8058);
#6770=AXIS2_PLACEMENT_3D('',#10235,#8061,#8062);
#6771=AXIS2_PLACEMENT_3D('',#10238,#8065,#8066);
#6772=AXIS2_PLACEMENT_3D('',#10239,#8067,#8068);
#6773=AXIS2_PLACEMENT_3D('',#10244,#8071,#8072);
#6774=AXIS2_PLACEMENT_3D('',#10247,#8075,#8076);
#6775=AXIS2_PLACEMENT_3D('',#10248,#8077,#8078);
#6776=AXIS2_PLACEMENT_3D('',#10249,#8079,#8080);
#6777=AXIS2_PLACEMENT_3D('',#10250,#8081,#8082);
#6778=AXIS2_PLACEMENT_3D('',#10251,#8083,#8084);
#6779=AXIS2_PLACEMENT_3D('',#10252,#8085,#8086);
#6780=AXIS2_PLACEMENT_3D('',#10253,#8087,#8088);
#6781=AXIS2_PLACEMENT_3D('',#10254,#8089,#8090);
#6782=AXIS2_PLACEMENT_3D('',#10255,#8091,#8092);
#6783=AXIS2_PLACEMENT_3D('',#10256,#8093,#8094);
#6784=AXIS2_PLACEMENT_3D('',#10257,#8095,#8096);
#6785=AXIS2_PLACEMENT_3D('',#10258,#8097,#8098);
#6786=AXIS2_PLACEMENT_3D('',#10259,#8099,#8100);
#6787=AXIS2_PLACEMENT_3D('',#10260,#8101,#8102);
#6788=AXIS2_PLACEMENT_3D('',#10261,#8103,#8104);
#6789=AXIS2_PLACEMENT_3D('',#10262,#8105,#8106);
#6790=AXIS2_PLACEMENT_3D('',#10263,#8107,#8108);
#6791=AXIS2_PLACEMENT_3D('',#10264,#8109,#8110);
#6792=AXIS2_PLACEMENT_3D('',#10265,#8111,#8112);
#6793=AXIS2_PLACEMENT_3D('',#10266,#8113,#8114);
#6794=AXIS2_PLACEMENT_3D('',#10267,#8115,#8116);
#6795=AXIS2_PLACEMENT_3D('',#10268,#8117,#8118);
#6796=AXIS2_PLACEMENT_3D('',#10269,#8119,#8120);
#6797=AXIS2_PLACEMENT_3D('',#10270,#8121,#8122);
#6798=AXIS2_PLACEMENT_3D('',#10271,#8123,#8124);
#6799=AXIS2_PLACEMENT_3D('',#10273,#8126,#8127);
#6800=AXIS2_PLACEMENT_3D('',#10275,#8129,#8130);
#6801=AXIS2_PLACEMENT_3D('',#10276,#8131,#8132);
#6802=AXIS2_PLACEMENT_3D('',#10278,#8134,#8135);
#6803=AXIS2_PLACEMENT_3D('',#10280,#8137,#8138);
#6804=AXIS2_PLACEMENT_3D('',#10281,#8139,#8140);
#6805=AXIS2_PLACEMENT_3D('',#10283,#8142,#8143);
#6806=AXIS2_PLACEMENT_3D('',#10285,#8145,#8146);
#6807=AXIS2_PLACEMENT_3D('',#10286,#8147,#8148);
#6808=AXIS2_PLACEMENT_3D('',#10288,#8150,#8151);
#6809=AXIS2_PLACEMENT_3D('',#10290,#8153,#8154);
#6810=AXIS2_PLACEMENT_3D('',#10291,#8155,#8156);
#6811=AXIS2_PLACEMENT_3D('',#10293,#8158,#8159);
#6812=AXIS2_PLACEMENT_3D('',#10295,#8161,#8162);
#6813=AXIS2_PLACEMENT_3D('',#10296,#8163,#8164);
#6814=AXIS2_PLACEMENT_3D('',#10298,#8166,#8167);
#6815=AXIS2_PLACEMENT_3D('',#10300,#8169,#8170);
#6816=AXIS2_PLACEMENT_3D('',#10301,#8171,#8172);
#6817=AXIS2_PLACEMENT_3D('',#10303,#8174,#8175);
#6818=AXIS2_PLACEMENT_3D('',#10305,#8177,#8178);
#6819=AXIS2_PLACEMENT_3D('',#10306,#8179,#8180);
#6820=AXIS2_PLACEMENT_3D('',#10308,#8182,#8183);
#6821=AXIS2_PLACEMENT_3D('',#10310,#8185,#8186);
#6822=AXIS2_PLACEMENT_3D('',#10311,#8187,#8188);
#6823=AXIS2_PLACEMENT_3D('',#10313,#8190,#8191);
#6824=AXIS2_PLACEMENT_3D('',#10315,#8193,#8194);
#6825=AXIS2_PLACEMENT_3D('',#10316,#8195,#8196);
#6826=AXIS2_PLACEMENT_3D('',#10318,#8198,#8199);
#6827=AXIS2_PLACEMENT_3D('',#10320,#8201,#8202);
#6828=AXIS2_PLACEMENT_3D('',#10321,#8203,#8204);
#6829=AXIS2_PLACEMENT_3D('',#10323,#8206,#8207);
#6830=AXIS2_PLACEMENT_3D('',#10325,#8209,#8210);
#6831=AXIS2_PLACEMENT_3D('',#10326,#8211,#8212);
#6832=AXIS2_PLACEMENT_3D('',#10328,#8214,#8215);
#6833=AXIS2_PLACEMENT_3D('',#10330,#8217,#8218);
#6834=AXIS2_PLACEMENT_3D('',#10331,#8219,#8220);
#6835=AXIS2_PLACEMENT_3D('',#10333,#8222,#8223);
#6836=AXIS2_PLACEMENT_3D('',#10335,#8225,#8226);
#6837=AXIS2_PLACEMENT_3D('',#10336,#8227,#8228);
#6838=AXIS2_PLACEMENT_3D('',#10338,#8230,#8231);
#6839=AXIS2_PLACEMENT_3D('',#10340,#8233,#8234);
#6840=AXIS2_PLACEMENT_3D('',#10341,#8235,#8236);
#6841=AXIS2_PLACEMENT_3D('',#10343,#8238,#8239);
#6842=AXIS2_PLACEMENT_3D('',#10345,#8241,#8242);
#6843=AXIS2_PLACEMENT_3D('',#10346,#8243,#8244);
#6844=AXIS2_PLACEMENT_3D('',#10348,#8246,#8247);
#6845=AXIS2_PLACEMENT_3D('',#10350,#8249,#8250);
#6846=AXIS2_PLACEMENT_3D('',#10351,#8251,#8252);
#6847=AXIS2_PLACEMENT_3D('',#10353,#8254,#8255);
#6848=AXIS2_PLACEMENT_3D('',#10355,#8257,#8258);
#6849=AXIS2_PLACEMENT_3D('',#10356,#8259,#8260);
#6850=AXIS2_PLACEMENT_3D('',#10358,#8262,#8263);
#6851=AXIS2_PLACEMENT_3D('',#10360,#8265,#8266);
#6852=AXIS2_PLACEMENT_3D('',#10361,#8267,#8268);
#6853=AXIS2_PLACEMENT_3D('',#10362,#8269,#8270);
#6854=AXIS2_PLACEMENT_3D('',#10363,#8271,#8272);
#6855=AXIS2_PLACEMENT_3D('',#10365,#8273,#8274);
#6856=AXIS2_PLACEMENT_3D('',#10367,#8275,#8276);
#6857=AXIS2_PLACEMENT_3D('',#10368,#8277,#8278);
#6858=AXIS2_PLACEMENT_3D('',#10370,#8279,#8280);
#6859=AXIS2_PLACEMENT_3D('',#10372,#8281,#8282);
#6860=AXIS2_PLACEMENT_3D('',#10373,#8283,#8284);
#6861=AXIS2_PLACEMENT_3D('',#10375,#8285,#8286);
#6862=AXIS2_PLACEMENT_3D('',#10376,#8287,#8288);
#6863=AXIS2_PLACEMENT_3D('',#10377,#8289,#8290);
#6864=AXIS2_PLACEMENT_3D('',#10379,#8291,#8292);
#6865=AXIS2_PLACEMENT_3D('',#10380,#8293,#8294);
#6866=AXIS2_PLACEMENT_3D('',#10381,#8295,#8296);
#6867=AXIS2_PLACEMENT_3D('',#10383,#8297,#8298);
#6868=AXIS2_PLACEMENT_3D('',#10384,#8299,#8300);
#6869=AXIS2_PLACEMENT_3D('',#10385,#8301,#8302);
#6870=AXIS2_PLACEMENT_3D('',#10386,#8303,#8304);
#6871=AXIS2_PLACEMENT_3D('',#10403,#8306,#8307);
#6872=AXIS2_PLACEMENT_3D('',#10407,#8309,#8310);
#6873=AXIS2_PLACEMENT_3D('',#10432,#8311,#8312);
#6874=AXIS2_PLACEMENT_3D('',#10436,#8314,#8315);
#6875=AXIS2_PLACEMENT_3D('',#10450,#8318,#8319);
#6876=AXIS2_PLACEMENT_3D('',#10452,#8320,#8321);
#6877=AXIS2_PLACEMENT_3D('',#10463,#8323,#8324);
#6878=AXIS2_PLACEMENT_3D('',#10464,#8325,#8326);
#6879=AXIS2_PLACEMENT_3D('',#10493,#8330,#8331);
#6880=AXIS2_PLACEMENT_3D('',#10497,#8333,#8334);
#6881=AXIS2_PLACEMENT_3D('',#10500,#8336,#8337);
#6882=AXIS2_PLACEMENT_3D('',#10551,#8339,#8340);
#6883=AXIS2_PLACEMENT_3D('',#10552,#8341,#8342);
#6884=AXIS2_PLACEMENT_3D('',#10576,#8345,#8346);
#6885=AXIS2_PLACEMENT_3D('',#10583,#8347,#8348);
#6886=AXIS2_PLACEMENT_3D('',#10587,#8350,#8351);
#6887=AXIS2_PLACEMENT_3D('',#10589,#8352,#8353);
#6888=AXIS2_PLACEMENT_3D('',#10593,#8355,#8356);
#6889=AXIS2_PLACEMENT_3D('',#10599,#8357,#8358);
#6890=AXIS2_PLACEMENT_3D('',#10600,#8359,#8360);
#6891=AXIS2_PLACEMENT_3D('',#10602,#8361,#8362);
#6892=AXIS2_PLACEMENT_3D('',#10604,#8363,#8364);
#6893=AXIS2_PLACEMENT_3D('',#10612,#8365,#8366);
#6894=AXIS2_PLACEMENT_3D('',#10616,#8368,#8369);
#6895=AXIS2_PLACEMENT_3D('',#10620,#8371,#8372);
#6896=AXIS2_PLACEMENT_3D('',#10627,#8373,#8374);
#6897=AXIS2_PLACEMENT_3D('',#10628,#8375,#8376);
#6898=AXIS2_PLACEMENT_3D('',#10630,#8377,#8378);
#6899=AXIS2_PLACEMENT_3D('',#10632,#8379,#8380);
#6900=AXIS2_PLACEMENT_3D('',#10634,#8382,#8383);
#6901=AXIS2_PLACEMENT_3D('',#10644,#8387,#8388);
#6902=AXIS2_PLACEMENT_3D('',#10646,#8389,#8390);
#6903=AXIS2_PLACEMENT_3D('',#10647,#8391,#8392);
#6904=AXIS2_PLACEMENT_3D('',#10658,#8396,#8397);
#6905=AXIS2_PLACEMENT_3D('',#10659,#8398,#8399);
#6906=AXIS2_PLACEMENT_3D('',#10660,#8400,#8401);
#6907=AXIS2_PLACEMENT_3D('',#10678,#8406,#8407);
#6908=AXIS2_PLACEMENT_3D('',#10679,#8408,#8409);
#6909=AXIS2_PLACEMENT_3D('',#10684,#8410,#8411);
#6910=AXIS2_PLACEMENT_3D('',#10700,#8415,#8416);
#6911=AXIS2_PLACEMENT_3D('',#10705,#8417,#8418);
#6912=AXIS2_PLACEMENT_3D('',#10789,#8420,#8421);
#6913=AXIS2_PLACEMENT_3D('',#10790,#8422,#8423);
#6914=AXIS2_PLACEMENT_3D('',#10792,#8424,#8425);
#6915=AXIS2_PLACEMENT_3D('',#10793,#8426,#8427);
#6916=AXIS2_PLACEMENT_3D('',#10795,#8428,#8429);
#6917=AXIS2_PLACEMENT_3D('',#10840,#8432,#8433);
#6918=AXIS2_PLACEMENT_3D('',#10847,#8434,#8435);
#6919=AXIS2_PLACEMENT_3D('',#10854,#8436,#8437);
#6920=AXIS2_PLACEMENT_3D('',#10855,#8438,#8439);
#6921=AXIS2_PLACEMENT_3D('',#10856,#8440,#8441);
#6922=AXIS2_PLACEMENT_3D('',#10920,#8442,#8443);
#6923=AXIS2_PLACEMENT_3D('',#10971,#8444,#8445);
#6924=AXIS2_PLACEMENT_3D('',#10972,#8446,#8447);
#6925=AXIS2_PLACEMENT_3D('',#10974,#8448,#8449);
#6926=AXIS2_PLACEMENT_3D('',#10975,#8450,#8451);
#6927=AXIS2_PLACEMENT_3D('',#10976,#8452,#8453);
#6928=AXIS2_PLACEMENT_3D('',#10978,#8454,#8455);
#6929=AXIS2_PLACEMENT_3D('',#10979,#8456,#8457);
#6930=AXIS2_PLACEMENT_3D('',#10985,#8461,#8462);
#6931=AXIS2_PLACEMENT_3D('',#10991,#8466,#8467);
#6932=AXIS2_PLACEMENT_3D('',#10992,#8468,#8469);
#6933=AXIS2_PLACEMENT_3D('',#10993,#8470,#8471);
#6934=AXIS2_PLACEMENT_3D('',#10994,#8472,#8473);
#6935=AXIS2_PLACEMENT_3D('',#10995,#8474,#8475);
#6936=AXIS2_PLACEMENT_3D('',#10996,#8476,#8477);
#6937=AXIS2_PLACEMENT_3D('',#10997,#8478,#8479);
#6938=AXIS2_PLACEMENT_3D('',#10998,#8480,#8481);
#6939=AXIS2_PLACEMENT_3D('',#10999,#8482,#8483);
#6940=AXIS2_PLACEMENT_3D('',#11000,#8484,#8485);
#6941=AXIS2_PLACEMENT_3D('',#11001,#8486,#8487);
#6942=AXIS2_PLACEMENT_3D('',#11064,#8488,#8489);
#6943=AXIS2_PLACEMENT_3D('',#11070,#8491,#8492);
#6944=AXIS2_PLACEMENT_3D('',#11084,#8494,#8495);
#6945=AXIS2_PLACEMENT_3D('',#11086,#8497,#8498);
#6946=AXIS2_PLACEMENT_3D('',#11091,#8499,#8500);
#6947=AXIS2_PLACEMENT_3D('',#11105,#8502,#8503);
#6948=AXIS2_PLACEMENT_3D('',#11106,#8504,#8505);
#6949=AXIS2_PLACEMENT_3D('',#11123,#8506,#8507);
#6950=AXIS2_PLACEMENT_3D('',#11125,#8509,#8510);
#6951=AXIS2_PLACEMENT_3D('',#11130,#8511,#8512);
#6952=AXIS2_PLACEMENT_3D('',#11148,#8514,#8515);
#6953=AXIS2_PLACEMENT_3D('',#11150,#8517,#8518);
#6954=AXIS2_PLACEMENT_3D('',#11155,#8519,#8520);
#6955=AXIS2_PLACEMENT_3D('',#11173,#8522,#8523);
#6956=AXIS2_PLACEMENT_3D('',#11178,#8524,#8525);
#6957=AXIS2_PLACEMENT_3D('',#11191,#8526,#8527);
#6958=AXIS2_PLACEMENT_3D('',#11192,#8528,#8529);
#6959=AXIS2_PLACEMENT_3D('',#11209,#8530,#8531);
#6960=AXIS2_PLACEMENT_3D('',#11210,#8532,#8533);
#6961=AXIS2_PLACEMENT_3D('',#11238,#8534,#8535);
#6962=AXIS2_PLACEMENT_3D('',#11239,#8536,#8537);
#6963=AXIS2_PLACEMENT_3D('',#11240,#8538,#8539);
#6964=AXIS2_PLACEMENT_3D('',#11242,#8540,#8541);
#6965=AXIS2_PLACEMENT_3D('',#11244,#8542,#8543);
#6966=AXIS2_PLACEMENT_3D('',#11245,#8544,#8545);
#6967=AXIS2_PLACEMENT_3D('',#11247,#8546,#8547);
#6968=AXIS2_PLACEMENT_3D('',#11249,#8548,#8549);
#6969=AXIS2_PLACEMENT_3D('',#11250,#8550,#8551);
#6970=AXIS2_PLACEMENT_3D('',#11251,#8552,#8553);
#6971=AXIS2_PLACEMENT_3D('',#11252,#8554,#8555);
#6972=AXIS2_PLACEMENT_3D('',#11254,#8556,#8557);
#6973=AXIS2_PLACEMENT_3D('',#11256,#8558,#8559);
#6974=AXIS2_PLACEMENT_3D('',#11257,#8560,#8561);
#6975=AXIS2_PLACEMENT_3D('',#11259,#8562,#8563);
#6976=AXIS2_PLACEMENT_3D('',#11261,#8564,#8565);
#6977=AXIS2_PLACEMENT_3D('',#11262,#8566,#8567);
#6978=AXIS2_PLACEMENT_3D('',#11264,#8568,#8569);
#6979=AXIS2_PLACEMENT_3D('',#11266,#8570,#8571);
#6980=AXIS2_PLACEMENT_3D('',#11267,#8572,#8573);
#6981=AXIS2_PLACEMENT_3D('',#11269,#8574,#8575);
#6982=AXIS2_PLACEMENT_3D('',#11271,#8576,#8577);
#6983=AXIS2_PLACEMENT_3D('',#11272,#8578,#8579);
#6984=AXIS2_PLACEMENT_3D('',#11274,#8580,#8581);
#6985=AXIS2_PLACEMENT_3D('',#11275,#8582,#8583);
#6986=AXIS2_PLACEMENT_3D('',#11277,#8584,#8585);
#6987=AXIS2_PLACEMENT_3D('',#11279,#8586,#8587);
#6988=AXIS2_PLACEMENT_3D('',#11280,#8588,#8589);
#6989=AXIS2_PLACEMENT_3D('',#11282,#8590,#8591);
#6990=AXIS2_PLACEMENT_3D('',#11284,#8592,#8593);
#6991=AXIS2_PLACEMENT_3D('',#11285,#8594,#8595);
#6992=AXIS2_PLACEMENT_3D('',#11287,#8596,#8597);
#6993=AXIS2_PLACEMENT_3D('',#11288,#8598,#8599);
#6994=AXIS2_PLACEMENT_3D('',#11290,#8600,#8601);
#6995=AXIS2_PLACEMENT_3D('',#11291,#8602,#8603);
#6996=AXIS2_PLACEMENT_3D('',#11293,#8604,#8605);
#6997=AXIS2_PLACEMENT_3D('',#11294,#8606,#8607);
#6998=AXIS2_PLACEMENT_3D('',#11295,#8608,#8609);
#6999=AXIS2_PLACEMENT_3D('',#11296,#8610,#8611);
#7000=AXIS2_PLACEMENT_3D('',#11297,#8612,#8613);
#7001=AXIS2_PLACEMENT_3D('',#11298,#8614,#8615);
#7002=AXIS2_PLACEMENT_3D('',#11299,#8616,#8617);
#7003=AXIS2_PLACEMENT_3D('',#11300,#8618,#8619);
#7004=AXIS2_PLACEMENT_3D('',#11304,#8621,#8622);
#7005=AXIS2_PLACEMENT_3D('',#11308,#8624,#8625);
#7006=AXIS2_PLACEMENT_3D('',#11309,#8626,#8627);
#7007=AXIS2_PLACEMENT_3D('',#11313,#8629,#8630);
#7008=AXIS2_PLACEMENT_3D('',#11317,#8632,#8633);
#7009=AXIS2_PLACEMENT_3D('',#11318,#8634,#8635);
#7010=AXIS2_PLACEMENT_3D('',#11322,#8637,#8638);
#7011=AXIS2_PLACEMENT_3D('',#11326,#8640,#8641);
#7012=AXIS2_PLACEMENT_3D('',#11327,#8642,#8643);
#7013=AXIS2_PLACEMENT_3D('',#11331,#8645,#8646);
#7014=AXIS2_PLACEMENT_3D('',#11335,#8648,#8649);
#7015=AXIS2_PLACEMENT_3D('',#11336,#8650,#8651);
#7016=AXIS2_PLACEMENT_3D('',#11340,#8653,#8654);
#7017=AXIS2_PLACEMENT_3D('',#11344,#8656,#8657);
#7018=AXIS2_PLACEMENT_3D('',#11345,#8658,#8659);
#7019=AXIS2_PLACEMENT_3D('',#11354,#8664,#8665);
#7020=AXIS2_PLACEMENT_3D('',#11355,#8666,#8667);
#7021=AXIS2_PLACEMENT_3D('',#11538,#8668,#8669);
#7022=AXIS2_PLACEMENT_3D('',#11539,#8670,#8671);
#7023=AXIS2_PLACEMENT_3D('',#11541,#8672,#8673);
#7024=AXIS2_PLACEMENT_3D('',#11543,#8674,#8675);
#7025=AXIS2_PLACEMENT_3D('',#11544,#8676,#8677);
#7026=AXIS2_PLACEMENT_3D('',#11546,#8678,#8679);
#7027=AXIS2_PLACEMENT_3D('',#11548,#8680,#8681);
#7028=AXIS2_PLACEMENT_3D('',#11549,#8682,#8683);
#7029=AXIS2_PLACEMENT_3D('',#11551,#8684,#8685);
#7030=AXIS2_PLACEMENT_3D('',#11562,#8686,#8687);
#7031=AXIS2_PLACEMENT_3D('',#11571,#8688,#8689);
#7032=AXIS2_PLACEMENT_3D('',#11572,#8690,#8691);
#7033=AXIS2_PLACEMENT_3D('',#11574,#8692,#8693);
#7034=AXIS2_PLACEMENT_3D('',#12480,#8694,#8695);
#7035=AXIS2_PLACEMENT_3D('',#12481,#8696,#8697);
#7036=AXIS2_PLACEMENT_3D('',#12483,#8698,#8699);
#7037=AXIS2_PLACEMENT_3D('',#12485,#8700,#8701);
#7038=AXIS2_PLACEMENT_3D('',#12495,#8703,#8704);
#7039=AXIS2_PLACEMENT_3D('',#12496,#8705,#8706);
#7040=AXIS2_PLACEMENT_3D('',#12504,#8707,#8708);
#7041=AXIS2_PLACEMENT_3D('',#12511,#8709,#8710);
#7042=AXIS2_PLACEMENT_3D('',#12518,#8711,#8712);
#7043=AXIS2_PLACEMENT_3D('',#12525,#8713,#8714);
#7044=AXIS2_PLACEMENT_3D('',#12535,#8716,#8717);
#7045=AXIS2_PLACEMENT_3D('',#12536,#8718,#8719);
#7046=AXIS2_PLACEMENT_3D('',#12537,#8720,#8721);
#7047=AXIS2_PLACEMENT_3D('',#12538,#8722,#8723);
#7048=AXIS2_PLACEMENT_3D('',#12539,#8724,#8725);
#7049=AXIS2_PLACEMENT_3D('',#12540,#8726,#8727);
#7050=AXIS2_PLACEMENT_3D('',#12542,#8728,#8729);
#7051=AXIS2_PLACEMENT_3D('',#12543,#8730,#8731);
#7052=AXIS2_PLACEMENT_3D('',#12544,#8732,#8733);
#7053=AXIS2_PLACEMENT_3D('',#12546,#8734,#8735);
#7054=AXIS2_PLACEMENT_3D('',#12547,#8736,#8737);
#7055=AXIS2_PLACEMENT_3D('',#12549,#8738,#8739);
#7056=AXIS2_PLACEMENT_3D('',#12550,#8740,#8741);
#7057=AXIS2_PLACEMENT_3D('',#12552,#8742,#8743);
#7058=AXIS2_PLACEMENT_3D('',#12553,#8744,#8745);
#7059=AXIS2_PLACEMENT_3D('',#12555,#8746,#8747);
#7060=AXIS2_PLACEMENT_3D('',#12556,#8748,#8749);
#7061=AXIS2_PLACEMENT_3D('',#12557,#8750,#8751);
#7062=AXIS2_PLACEMENT_3D('',#12560,#8752,#8753);
#7063=AXIS2_PLACEMENT_3D('',#12561,#8754,#8755);
#7064=AXIS2_PLACEMENT_3D('',#12562,#8756,#8757);
#7065=AXIS2_PLACEMENT_3D('',#12563,#8758,#8759);
#7066=AXIS2_PLACEMENT_3D('',#12564,#8760,#8761);
#7067=AXIS2_PLACEMENT_3D('',#12565,#8762,#8763);
#7068=AXIS2_PLACEMENT_3D('',#12566,#8764,#8765);
#7069=AXIS2_PLACEMENT_3D('',#12567,#8766,#8767);
#7070=AXIS2_PLACEMENT_3D('',#12568,#8768,#8769);
#7071=DIRECTION('',(0.,0.,1.));
#7072=DIRECTION('',(1.,0.,0.));
#7073=DIRECTION('',(0.,0.,-1.));
#7074=DIRECTION('',(-1.,0.,0.));
#7075=DIRECTION('',(0.,0.,1.));
#7076=DIRECTION('',(1.,0.,0.));
#7077=DIRECTION('',(0.,0.,1.));
#7078=DIRECTION('',(1.,0.,0.));
#7079=DIRECTION('',(0.,0.,1.));
#7080=DIRECTION('',(1.,0.,0.));
#7081=DIRECTION('',(0.,0.,1.));
#7082=DIRECTION('',(1.,0.,0.));
#7083=DIRECTION('',(0.,0.,1.));
#7084=DIRECTION('',(1.,0.,0.));
#7085=DIRECTION('',(0.,0.,1.));
#7086=DIRECTION('',(1.,0.,0.));
#7087=DIRECTION('',(0.,0.,1.));
#7088=DIRECTION('',(1.,0.,0.));
#7089=DIRECTION('',(-0.865120726222237,-0.501563683953203,0.));
#7090=DIRECTION('',(0.00180652880806446,-0.999998368225501,0.));
#7091=DIRECTION('',(0.866927255030302,-0.498434684272298,0.));
#7092=DIRECTION('',(0.865120726222237,0.501563683953203,0.));
#7093=DIRECTION('',(-0.00180652880806484,0.999998368225501,0.));
#7094=DIRECTION('',(-0.866927255030302,0.498434684272298,0.));
#7095=DIRECTION('',(0.,0.,-1.));
#7096=DIRECTION('',(-1.,0.,0.));
#7097=DIRECTION('',(0.,0.,1.));
#7098=DIRECTION('',(1.,0.,0.));
#7099=DIRECTION('',(0.,0.,1.));
#7100=DIRECTION('',(1.,0.,0.));
#7101=DIRECTION('',(0.,0.,1.));
#7102=DIRECTION('',(1.,0.,0.));
#7103=DIRECTION('',(0.999998368225501,0.00180652880806446,0.));
#7104=DIRECTION('',(-0.00180652880806446,0.999998368225501,0.));
#7105=DIRECTION('',(0.,0.,-1.));
#7106=DIRECTION('',(0.00180652880806446,-0.999998368225501,0.));
#7107=DIRECTION('',(0.,0.,-1.));
#7108=DIRECTION('',(0.501563683953203,-0.865120726222237,0.));
#7109=DIRECTION('',(0.865120726222237,0.501563683953203,0.));
#7110=DIRECTION('',(0.,0.,-1.));
#7111=DIRECTION('',(-0.865120726222237,-0.501563683953203,0.));
#7112=DIRECTION('',(-0.498434684272298,-0.866927255030302,0.));
#7113=DIRECTION('',(0.866927255030302,-0.498434684272298,0.));
#7114=DIRECTION('',(0.,0.,-1.));
#7115=DIRECTION('',(-0.866927255030302,0.498434684272298,0.));
#7116=DIRECTION('',(-0.999998368225501,-0.00180652880806484,0.));
#7117=DIRECTION('',(0.00180652880806484,-0.999998368225501,0.));
#7118=DIRECTION('',(0.,0.,-1.));
#7119=DIRECTION('',(-0.00180652880806484,0.999998368225501,0.));
#7120=DIRECTION('',(-0.501563683953203,0.865120726222237,0.));
#7121=DIRECTION('',(-0.865120726222237,-0.501563683953203,0.));
#7122=DIRECTION('',(0.,0.,-1.));
#7123=DIRECTION('',(0.865120726222237,0.501563683953203,0.));
#7124=DIRECTION('',(0.498434684272298,0.866927255030302,0.));
#7125=DIRECTION('',(-0.866927255030302,0.498434684272298,0.));
#7126=DIRECTION('',(0.866927255030302,-0.498434684272298,0.));
#7127=DIRECTION('',(0.,0.,-1.));
#7128=DIRECTION('',(1.,0.,0.));
#7129=DIRECTION('',(0.,0.,-1.));
#7130=DIRECTION('',(-1.,0.,0.));
#7131=DIRECTION('',(0.,0.,-1.));
#7132=DIRECTION('',(-1.,0.,0.));
#7133=DIRECTION('',(0.,0.,1.));
#7134=DIRECTION('',(1.,0.,0.));
#7135=DIRECTION('',(-1.,2.78015511089787E-15,-4.9960036108132E-16));
#7136=DIRECTION('',(4.9960036108132E-16,-6.57522029077466E-17,-1.));
#7137=DIRECTION('',(1.,-1.88278159252779E-15,4.11092394267919E-16));
#7138=DIRECTION('',(-4.11092394267918E-16,6.00792328364153E-16,1.));
#7139=DIRECTION('',(0.,0.,1.));
#7140=DIRECTION('',(1.,0.,0.));
#7141=DIRECTION('',(0.,0.,1.));
#7142=DIRECTION('',(1.,0.,0.));
#7143=DIRECTION('',(0.,0.,1.));
#7144=DIRECTION('',(1.,0.,0.));
#7145=DIRECTION('',(1.06424753127411E-16,-1.,0.));
#7146=DIRECTION('',(1.,1.06424753127411E-16,0.));
#7147=DIRECTION('',(-1.06424753127411E-16,1.,0.));
#7148=DIRECTION('',(-1.,-1.06424753127411E-16,0.));
#7149=DIRECTION('',(-1.06424753127411E-16,1.,0.));
#7150=DIRECTION('',(-1.,-1.06424753127411E-16,0.));
#7151=DIRECTION('',(1.,1.06424753127411E-16,0.));
#7152=DIRECTION('',(-1.,-1.06424753127411E-16,0.));
#7153=DIRECTION('',(0.,0.,1.));
#7154=DIRECTION('',(0.,0.,1.));
#7155=DIRECTION('',(-1.,-1.06424753127411E-16,0.));
#7156=DIRECTION('',(1.06424753127411E-16,-1.,0.));
#7157=DIRECTION('',(1.,1.06424753127411E-16,0.));
#7158=DIRECTION('',(1.06424753127411E-16,-1.,0.));
#7159=DIRECTION('',(1.,1.06424753127411E-16,0.));
#7160=DIRECTION('',(1.06424753127411E-16,-1.,0.));
#7161=DIRECTION('',(1.,1.06424753127411E-16,0.));
#7162=DIRECTION('',(-1.,-1.06424753127411E-16,0.));
#7163=DIRECTION('',(-1.,-1.06424753127411E-16,0.));
#7164=DIRECTION('',(0.,0.,1.));
#7165=DIRECTION('',(0.,0.,1.));
#7166=DIRECTION('',(-1.,-1.06424753127411E-16,0.));
#7167=DIRECTION('',(0.,0.,1.));
#7168=DIRECTION('',(1.,0.,0.));
#7169=DIRECTION('',(0.,0.,1.));
#7170=DIRECTION('',(1.,0.,0.));
#7171=DIRECTION('',(0.,0.,1.));
#7172=DIRECTION('',(-1.,1.93947980722443E-16,0.));
#7173=DIRECTION('',(-1.93947980722443E-16,-1.,0.));
#7174=DIRECTION('',(-1.66245867112482E-16,-0.857167300702112,0.515038074910054));
#7175=DIRECTION('',(-1.93947980722443E-16,-1.,0.));
#7176=DIRECTION('',(0.,0.,1.));
#7177=DIRECTION('',(1.,0.,0.));
#7178=DIRECTION('',(0.,0.,1.));
#7179=DIRECTION('',(0.,0.,1.));
#7180=DIRECTION('',(1.,0.,0.));
#7181=DIRECTION('',(-1.,1.93947980722443E-16,0.));
#7182=DIRECTION('',(-1.93947980722443E-16,-1.,0.));
#7183=DIRECTION('',(-1.66245867112482E-16,-0.857167300702112,-0.515038074910054));
#7184=DIRECTION('',(-1.93947980722443E-16,-1.,0.));
#7185=DIRECTION('',(-1.,0.,0.));
#7186=DIRECTION('',(0.,0.,1.));
#7187=DIRECTION('',(0.,-1.,0.));
#7188=DIRECTION('',(0.,1.,0.));
#7189=DIRECTION('',(-1.,0.,0.));
#7190=DIRECTION('',(0.,0.,1.));
#7191=DIRECTION('',(0.,1.,0.));
#7192=DIRECTION('',(0.,1.,0.));
#7193=DIRECTION('',(0.,0.,1.));
#7194=DIRECTION('',(1.,0.,0.));
#7195=DIRECTION('',(0.,0.,1.));
#7196=DIRECTION('',(1.,0.,0.));
#7197=DIRECTION('',(0.,0.,-1.));
#7198=DIRECTION('',(-1.,0.,0.));
#7199=DIRECTION('',(0.,0.,-1.));
#7200=DIRECTION('',(-1.,0.,0.));
#7201=DIRECTION('',(0.,0.,-1.));
#7202=DIRECTION('',(-1.,0.,0.));
#7203=DIRECTION('',(0.,0.,-1.));
#7204=DIRECTION('',(-1.,0.,0.));
#7205=DIRECTION('',(0.,0.,1.));
#7206=DIRECTION('',(1.,0.,0.));
#7207=DIRECTION('',(0.,0.,1.));
#7208=DIRECTION('',(1.,0.,0.));
#7209=DIRECTION('',(0.,1.,0.));
#7210=DIRECTION('',(1.,1.06424753127411E-16,0.));
#7211=DIRECTION('',(0.,-1.,0.));
#7212=DIRECTION('',(-1.,-1.06424753127411E-16,0.));
#7213=DIRECTION('',(0.,0.,1.));
#7214=DIRECTION('',(1.,0.,0.));
#7215=DIRECTION('',(0.,0.,1.));
#7216=DIRECTION('',(1.,0.,0.));
#7217=DIRECTION('',(0.,0.,1.));
#7218=DIRECTION('',(1.,0.,0.));
#7219=DIRECTION('',(0.,0.,1.));
#7220=DIRECTION('',(1.,0.,0.));
#7221=DIRECTION('',(0.,0.,1.));
#7222=DIRECTION('',(1.,0.,0.));
#7223=DIRECTION('',(0.,0.,1.));
#7224=DIRECTION('',(1.,0.,0.));
#7225=DIRECTION('',(0.,0.,1.));
#7226=DIRECTION('',(1.,0.,0.));
#7227=DIRECTION('',(0.,0.,1.));
#7228=DIRECTION('',(1.,0.,0.));
#7229=DIRECTION('',(0.,0.,1.));
#7230=DIRECTION('',(1.,0.,0.));
#7231=DIRECTION('',(0.,0.,1.));
#7232=DIRECTION('',(1.,0.,0.));
#7233=DIRECTION('',(0.,0.,1.));
#7234=DIRECTION('',(1.,0.,0.));
#7235=DIRECTION('',(0.,0.,1.));
#7236=DIRECTION('',(1.,0.,0.));
#7237=DIRECTION('',(0.,0.,-1.));
#7238=DIRECTION('',(-1.,0.,0.));
#7239=DIRECTION('',(0.,0.,-1.));
#7240=DIRECTION('',(-1.,0.,0.));
#7241=DIRECTION('',(0.,0.,1.));
#7242=DIRECTION('',(1.,0.,0.));
#7243=DIRECTION('',(0.,0.,-1.));
#7244=DIRECTION('',(-1.,0.,0.));
#7245=DIRECTION('',(0.,0.,-1.));
#7246=DIRECTION('',(-1.,0.,0.));
#7247=DIRECTION('',(0.,0.,1.));
#7248=DIRECTION('',(1.,0.,0.));
#7249=DIRECTION('',(0.,0.,-1.));
#7250=DIRECTION('',(-1.,0.,0.));
#7251=DIRECTION('',(0.,0.,-1.));
#7252=DIRECTION('',(-1.,0.,0.));
#7253=DIRECTION('',(0.,0.,1.));
#7254=DIRECTION('',(1.,0.,0.));
#7255=DIRECTION('',(0.,0.,-1.));
#7256=DIRECTION('',(-1.,0.,0.));
#7257=DIRECTION('',(0.,0.,-1.));
#7258=DIRECTION('',(-1.,0.,0.));
#7259=DIRECTION('',(-1.06424753127411E-16,1.,0.));
#7260=DIRECTION('',(-1.,-1.06424753127411E-16,0.));
#7261=DIRECTION('',(-1.06424753127411E-16,1.,0.));
#7262=DIRECTION('',(-1.,-1.06424753127411E-16,0.));
#7263=DIRECTION('',(-1.06424753127411E-16,1.,0.));
#7264=DIRECTION('',(-1.,-1.06424753127411E-16,0.));
#7265=DIRECTION('',(0.,0.,-1.));
#7266=DIRECTION('',(-1.,0.,0.));
#7267=DIRECTION('',(-0.707106781186551,0.,0.707106781186545));
#7268=DIRECTION('',(0.,1.,0.));
#7269=DIRECTION('',(7.52536646224971E-17,-0.707106781186549,-0.707106781186546));
#7270=DIRECTION('',(1.,1.06424753127411E-16,0.));
#7271=DIRECTION('',(7.52536646224971E-17,-0.707106781186549,0.707106781186546));
#7272=DIRECTION('',(-1.,-1.06424753127411E-16,0.));
#7273=DIRECTION('',(-0.707106781186551,0.,-0.707106781186545));
#7274=DIRECTION('',(0.,-1.,0.));
#7275=DIRECTION('',(0.,0.,-1.));
#7276=DIRECTION('',(-1.,0.,0.));
#7277=DIRECTION('',(0.,0.,1.));
#7278=DIRECTION('',(1.,0.,0.));
#7279=DIRECTION('',(0.622218989832558,0.335921908621259,0.707106781186548));
#7280=DIRECTION('',(0.622218989832558,-0.335921908621259,-0.707106781186548));
#7281=DIRECTION('',(0.,0.,1.));
#7282=DIRECTION('',(1.,0.,0.));
#7283=DIRECTION('',(0.622218989832558,0.335921908621259,-0.707106781186548));
#7284=DIRECTION('',(0.,0.,1.));
#7285=DIRECTION('',(1.,0.,0.));
#7286=DIRECTION('',(0.622218989832558,-0.335921908621259,0.707106781186548));
#7287=DIRECTION('',(0.,0.,1.));
#7288=DIRECTION('',(1.,0.,0.));
#7289=DIRECTION('',(0.,0.,1.));
#7290=DIRECTION('',(0.,1.,0.));
#7291=DIRECTION('',(-1.,2.78015511089787E-15,-4.9960036108132E-16));
#7292=DIRECTION('',(4.9960036108132E-16,-6.57522029077466E-17,-1.));
#7293=DIRECTION('',(0.,0.,-1.));
#7294=DIRECTION('',(-1.,0.,0.));
#7295=DIRECTION('',(0.,0.,1.));
#7296=DIRECTION('',(1.,0.,0.));
#7297=DIRECTION('',(0.,0.,1.));
#7298=DIRECTION('',(1.,0.,0.));
#7299=DIRECTION('',(0.,0.,1.));
#7300=DIRECTION('',(1.,0.,0.));
#7301=DIRECTION('',(0.,0.,1.));
#7302=DIRECTION('',(1.,0.,0.));
#7303=DIRECTION('',(0.,0.,1.));
#7304=DIRECTION('',(1.,0.,0.));
#7305=DIRECTION('',(0.,0.,1.));
#7306=DIRECTION('',(1.,0.,0.));
#7307=DIRECTION('',(0.,0.,1.));
#7308=DIRECTION('',(1.,0.,0.));
#7309=DIRECTION('',(0.,0.,1.));
#7310=DIRECTION('',(1.,0.,0.));
#7311=DIRECTION('',(0.,0.,-1.));
#7312=DIRECTION('',(-1.,0.,0.));
#7313=DIRECTION('',(0.,0.,1.));
#7314=DIRECTION('',(1.,0.,0.));
#7315=DIRECTION('',(0.,0.,1.));
#7316=DIRECTION('',(1.,0.,0.));
#7317=DIRECTION('',(0.,0.,-1.));
#7318=DIRECTION('',(-1.,0.,0.));
#7319=DIRECTION('',(0.,0.,1.));
#7320=DIRECTION('',(1.,0.,0.));
#7321=DIRECTION('',(0.,0.,1.));
#7322=DIRECTION('',(1.,0.,0.));
#7323=DIRECTION('',(0.,0.,-1.));
#7324=DIRECTION('',(-1.,0.,0.));
#7325=DIRECTION('',(0.,0.,1.));
#7326=DIRECTION('',(1.,0.,0.));
#7327=DIRECTION('',(0.,0.,1.));
#7328=DIRECTION('',(1.,0.,0.));
#7329=DIRECTION('',(0.,0.,-1.));
#7330=DIRECTION('',(-1.,0.,0.));
#7331=DIRECTION('',(0.,0.,1.));
#7332=DIRECTION('',(1.,0.,0.));
#7333=DIRECTION('',(0.,0.,1.));
#7334=DIRECTION('',(1.,0.,0.));
#7335=DIRECTION('',(0.,0.,-1.));
#7336=DIRECTION('',(-1.,0.,0.));
#7337=DIRECTION('',(0.,0.,1.));
#7338=DIRECTION('',(1.,0.,0.));
#7339=DIRECTION('',(0.,0.,1.));
#7340=DIRECTION('',(1.,0.,0.));
#7341=DIRECTION('',(0.,0.,1.));
#7342=DIRECTION('',(1.,0.,0.));
#7343=DIRECTION('',(0.,0.,1.));
#7344=DIRECTION('',(1.,0.,0.));
#7345=DIRECTION('',(0.,0.,1.));
#7346=DIRECTION('',(1.,0.,0.));
#7347=DIRECTION('',(0.,0.,1.));
#7348=DIRECTION('',(1.,0.,0.));
#7349=DIRECTION('',(0.,0.,1.));
#7350=DIRECTION('',(1.,0.,0.));
#7351=DIRECTION('',(0.,0.,1.));
#7352=DIRECTION('',(1.,0.,0.));
#7353=DIRECTION('',(0.,0.,1.));
#7354=DIRECTION('',(1.,0.,0.));
#7355=DIRECTION('',(0.,0.,-1.));
#7356=DIRECTION('',(-1.,0.,0.));
#7357=DIRECTION('',(0.,0.,-1.));
#7358=DIRECTION('',(-1.,0.,0.));
#7359=DIRECTION('',(0.,0.,1.));
#7360=DIRECTION('',(1.,0.,0.));
#7361=DIRECTION('',(0.,0.,1.));
#7362=DIRECTION('',(1.,0.,0.));
#7363=DIRECTION('',(1.,-1.88278159252779E-15,4.11092394267919E-16));
#7364=DIRECTION('',(-4.11092394267918E-16,6.00792328364153E-16,1.));
#7365=DIRECTION('',(0.,0.,-1.));
#7366=DIRECTION('',(1.,0.,0.));
#7367=DIRECTION('',(0.,0.,1.));
#7368=DIRECTION('',(1.,0.,0.));
#7369=DIRECTION('',(0.866025403784438,-0.5,0.));
#7370=DIRECTION('',(0.,0.,1.));
#7371=DIRECTION('',(1.,0.,0.));
#7372=DIRECTION('',(0.,-1.,0.));
#7373=DIRECTION('',(0.,0.,-1.));
#7374=DIRECTION('',(1.,0.,0.));
#7375=DIRECTION('',(0.866025403784439,0.5,0.));
#7376=DIRECTION('',(0.,0.,1.));
#7377=DIRECTION('',(1.,0.,0.));
#7378=DIRECTION('',(-0.866025403784439,0.5,0.));
#7379=DIRECTION('',(0.,0.,1.));
#7380=DIRECTION('',(1.,0.,0.));
#7381=DIRECTION('',(0.,0.,-1.));
#7382=DIRECTION('',(1.,0.,0.));
#7383=DIRECTION('',(0.,0.,1.));
#7384=DIRECTION('',(1.,0.,0.));
#7385=DIRECTION('',(-0.866025403784439,-0.5,0.));
#7386=DIRECTION('',(0.,0.,1.));
#7387=DIRECTION('',(1.,0.,0.));
#7388=DIRECTION('',(0.866025403784438,-0.5,0.));
#7389=DIRECTION('',(0.,0.,-1.));
#7390=DIRECTION('',(1.,0.,0.));
#7391=DIRECTION('',(-2.16840434497102E-15,-1.,0.));
#7392=DIRECTION('',(0.,0.,1.));
#7393=DIRECTION('',(1.,0.,0.));
#7394=DIRECTION('',(0.866025403784438,-0.5,0.));
#7395=DIRECTION('',(0.,0.,1.));
#7396=DIRECTION('',(1.,0.,0.));
#7397=DIRECTION('',(0.,0.,-1.));
#7398=DIRECTION('',(1.,0.,0.));
#7399=DIRECTION('',(0.,0.,1.));
#7400=DIRECTION('',(1.,0.,0.));
#7401=DIRECTION('',(0.,1.,0.));
#7402=DIRECTION('',(0.,0.,1.));
#7403=DIRECTION('',(1.,0.,0.));
#7404=DIRECTION('',(0.866025403784439,0.5,0.));
#7405=DIRECTION('',(0.,0.,-1.));
#7406=DIRECTION('',(1.,0.,0.));
#7407=DIRECTION('',(0.,0.,1.));
#7408=DIRECTION('',(1.,0.,0.));
#7409=DIRECTION('',(1.4954512723938E-16,1.,0.));
#7410=DIRECTION('',(0.,0.,1.));
#7411=DIRECTION('',(-1.,0.,0.));
#7412=DIRECTION('',(0.866025403784439,0.5,0.));
#7413=DIRECTION('',(0.,0.,-1.));
#7414=DIRECTION('',(1.,0.,0.));
#7415=DIRECTION('',(0.,0.,1.));
#7416=DIRECTION('',(1.,0.,0.));
#7417=DIRECTION('',(0.866025403784439,-0.5,0.));
#7418=DIRECTION('',(0.,0.,1.));
#7419=DIRECTION('',(-1.,0.,0.));
#7420=DIRECTION('',(2.61703972668915E-16,-1.,0.));
#7421=DIRECTION('',(0.,0.,1.));
#7422=DIRECTION('',(1.,0.,0.));
#7423=DIRECTION('',(0.,0.,1.));
#7424=DIRECTION('',(1.,0.,0.));
#7425=DIRECTION('',(0.,0.,1.));
#7426=DIRECTION('',(0.,0.,1.));
#7427=DIRECTION('',(1.,0.,0.));
#7428=DIRECTION('',(0.,0.,1.));
#7429=DIRECTION('',(0.,0.,1.));
#7430=DIRECTION('',(1.,0.,0.));
#7431=DIRECTION('',(0.,0.,1.));
#7432=DIRECTION('',(0.,0.,1.));
#7433=DIRECTION('',(1.,0.,0.));
#7434=DIRECTION('',(0.,0.,1.));
#7435=DIRECTION('',(0.,0.,1.));
#7436=DIRECTION('',(1.,0.,0.));
#7437=DIRECTION('',(0.,0.,1.));
#7438=DIRECTION('',(0.,0.,1.));
#7439=DIRECTION('',(1.,0.,0.));
#7440=DIRECTION('',(0.,0.,1.));
#7441=DIRECTION('',(0.,0.,1.));
#7442=DIRECTION('',(1.,0.,0.));
#7443=DIRECTION('',(0.,0.,-1.));
#7444=DIRECTION('',(0.,0.,-1.));
#7445=DIRECTION('',(0.,0.,1.));
#7446=DIRECTION('',(1.,0.,0.));
#7447=DIRECTION('',(0.,0.,-1.));
#7448=DIRECTION('',(0.,0.,-1.));
#7449=DIRECTION('',(0.,0.,1.));
#7450=DIRECTION('',(1.,0.,0.));
#7451=DIRECTION('',(0.,0.,-1.));
#7452=DIRECTION('',(0.,0.,1.));
#7453=DIRECTION('',(1.,0.,0.));
#7454=DIRECTION('',(0.,0.,-1.));
#7455=DIRECTION('',(0.,0.,1.));
#7456=DIRECTION('',(1.,0.,0.));
#7457=DIRECTION('',(0.,0.,1.));
#7458=DIRECTION('',(1.,0.,0.));
#7459=DIRECTION('',(0.,0.,1.));
#7460=DIRECTION('',(0.,0.,1.));
#7461=DIRECTION('',(1.,0.,0.));
#7462=DIRECTION('',(0.,0.,1.));
#7463=DIRECTION('',(0.,0.,1.));
#7464=DIRECTION('',(1.,0.,0.));
#7465=DIRECTION('',(0.,0.,1.));
#7466=DIRECTION('',(0.,0.,1.));
#7467=DIRECTION('',(1.,0.,0.));
#7468=DIRECTION('',(0.,0.,1.));
#7469=DIRECTION('',(0.,0.,1.));
#7470=DIRECTION('',(1.,0.,0.));
#7471=DIRECTION('',(0.,0.,1.));
#7472=DIRECTION('',(0.,0.,1.));
#7473=DIRECTION('',(1.,0.,0.));
#7474=DIRECTION('',(0.,0.,1.));
#7475=DIRECTION('',(0.,0.,1.));
#7476=DIRECTION('',(1.,0.,0.));
#7477=DIRECTION('',(0.,0.,-1.));
#7478=DIRECTION('',(0.,0.,-1.));
#7479=DIRECTION('',(0.,0.,1.));
#7480=DIRECTION('',(1.,0.,0.));
#7481=DIRECTION('',(0.,0.,-1.));
#7482=DIRECTION('',(0.,0.,-1.));
#7483=DIRECTION('',(0.,0.,1.));
#7484=DIRECTION('',(1.,0.,0.));
#7485=DIRECTION('',(0.,0.,-1.));
#7486=DIRECTION('',(0.,0.,-1.));
#7487=DIRECTION('',(0.,0.,1.));
#7488=DIRECTION('',(1.,0.,0.));
#7489=DIRECTION('',(0.,0.,1.));
#7490=DIRECTION('',(1.,0.,0.));
#7491=DIRECTION('',(0.,0.,1.));
#7492=DIRECTION('',(0.,0.,1.));
#7493=DIRECTION('',(1.,0.,0.));
#7494=DIRECTION('',(0.,0.,1.));
#7495=DIRECTION('',(0.,0.,1.));
#7496=DIRECTION('',(1.,0.,0.));
#7497=DIRECTION('',(0.,0.,1.));
#7498=DIRECTION('',(0.,0.,1.));
#7499=DIRECTION('',(1.,0.,0.));
#7500=DIRECTION('',(0.,0.,1.));
#7501=DIRECTION('',(0.,0.,1.));
#7502=DIRECTION('',(1.,0.,0.));
#7503=DIRECTION('',(0.,0.,1.));
#7504=DIRECTION('',(0.,0.,1.));
#7505=DIRECTION('',(1.,0.,0.));
#7506=DIRECTION('',(0.,0.,1.));
#7507=DIRECTION('',(0.,0.,1.));
#7508=DIRECTION('',(1.,0.,0.));
#7509=DIRECTION('',(0.,0.,-1.));
#7510=DIRECTION('',(0.,0.,-1.));
#7511=DIRECTION('',(0.,0.,1.));
#7512=DIRECTION('',(1.,0.,0.));
#7513=DIRECTION('',(0.,0.,-1.));
#7514=DIRECTION('',(0.,0.,-1.));
#7515=DIRECTION('',(0.,0.,1.));
#7516=DIRECTION('',(1.,0.,0.));
#7517=DIRECTION('',(0.,0.,-1.));
#7518=DIRECTION('',(0.,0.,1.));
#7519=DIRECTION('',(1.,0.,0.));
#7520=DIRECTION('',(0.,0.,-1.));
#7521=DIRECTION('',(0.,0.,1.));
#7522=DIRECTION('',(1.,0.,0.));
#7523=DIRECTION('',(0.,0.,1.));
#7524=DIRECTION('',(1.,0.,0.));
#7525=DIRECTION('',(0.,0.,-1.));
#7526=DIRECTION('',(0.,0.,1.));
#7527=DIRECTION('',(1.,0.,0.));
#7528=DIRECTION('',(0.,0.,-1.));
#7529=DIRECTION('',(0.,0.,1.));
#7530=DIRECTION('',(1.,0.,0.));
#7531=DIRECTION('',(0.,0.,-1.));
#7532=DIRECTION('',(0.,0.,1.));
#7533=DIRECTION('',(1.,0.,0.));
#7534=DIRECTION('',(0.,0.,-1.));
#7535=DIRECTION('',(0.,0.,1.));
#7536=DIRECTION('',(1.,0.,0.));
#7537=DIRECTION('',(0.,0.,1.));
#7538=DIRECTION('',(1.,0.,0.));
#7539=DIRECTION('',(0.,0.,-1.));
#7540=DIRECTION('',(0.,0.,-1.));
#7541=DIRECTION('',(0.,0.,1.));
#7542=DIRECTION('',(1.,0.,0.));
#7543=DIRECTION('',(0.,0.,-1.));
#7544=DIRECTION('',(0.,0.,1.));
#7545=DIRECTION('',(1.,0.,0.));
#7546=DIRECTION('',(0.,0.,-1.));
#7547=DIRECTION('',(0.,0.,1.));
#7548=DIRECTION('',(1.,0.,0.));
#7549=DIRECTION('',(0.,0.,1.));
#7550=DIRECTION('',(1.,0.,0.));
#7551=DIRECTION('',(0.,0.,-1.));
#7552=DIRECTION('',(0.,0.,1.));
#7553=DIRECTION('',(-1.,0.,0.));
#7554=DIRECTION('',(0.,0.,-1.));
#7555=DIRECTION('',(0.,0.,1.));
#7556=DIRECTION('',(1.,0.,0.));
#7557=DIRECTION('',(0.,0.,-1.));
#7558=DIRECTION('',(0.,0.,1.));
#7559=DIRECTION('',(1.,0.,0.));
#7560=DIRECTION('',(0.,0.,-1.));
#7561=DIRECTION('',(0.,0.,1.));
#7562=DIRECTION('',(1.,0.,0.));
#7563=DIRECTION('',(0.,0.,-1.));
#7564=DIRECTION('',(0.,0.,1.));
#7565=DIRECTION('',(1.,0.,0.));
#7566=DIRECTION('',(0.,0.,-1.));
#7567=DIRECTION('',(0.,0.,-1.));
#7568=DIRECTION('',(1.,0.,0.));
#7569=DIRECTION('',(0.,-1.,0.));
#7570=DIRECTION('',(0.866025403784439,0.5,0.));
#7571=DIRECTION('',(0.,0.,1.));
#7572=DIRECTION('',(1.,0.,0.));
#7573=DIRECTION('',(0.,0.,-1.));
#7574=DIRECTION('',(1.,0.,0.));
#7575=DIRECTION('',(-0.866025403784439,0.5,0.));
#7576=DIRECTION('',(0.,1.,0.));
#7577=DIRECTION('',(0.,0.,1.));
#7578=DIRECTION('',(1.,0.,0.));
#7579=DIRECTION('',(0.,0.,-1.));
#7580=DIRECTION('',(1.,0.,0.));
#7581=DIRECTION('',(0.866025403784438,-0.5,0.));
#7582=DIRECTION('',(0.,0.,1.));
#7583=DIRECTION('',(1.,0.,0.));
#7584=DIRECTION('',(0.86602540378444,0.5,0.));
#7585=DIRECTION('',(0.,0.,-1.));
#7586=DIRECTION('',(1.,0.,0.));
#7587=DIRECTION('',(0.866025403784439,0.5,0.));
#7588=DIRECTION('',(0.866025403784438,-0.5,0.));
#7589=DIRECTION('',(0.,0.,1.));
#7590=DIRECTION('',(1.,0.,0.));
#7591=DIRECTION('',(0.,0.,-1.));
#7592=DIRECTION('',(1.,0.,0.));
#7593=DIRECTION('',(-2.16840434497102E-15,-1.,0.));
#7594=DIRECTION('',(-0.866025403784439,-0.5,0.));
#7595=DIRECTION('',(0.,0.,1.));
#7596=DIRECTION('',(1.,0.,0.));
#7597=DIRECTION('',(0.,0.,-1.));
#7598=DIRECTION('',(1.,0.,0.));
#7599=DIRECTION('',(-0.866025403784439,0.5,0.));
#7600=DIRECTION('',(1.4954512723938E-16,1.,0.));
#7601=DIRECTION('',(0.,0.,1.));
#7602=DIRECTION('',(-1.,0.,0.));
#7603=DIRECTION('',(0.,0.,-1.));
#7604=DIRECTION('',(1.,0.,0.));
#7605=DIRECTION('',(0.866025403784439,0.5,0.));
#7606=DIRECTION('',(0.,0.,1.));
#7607=DIRECTION('',(-1.,0.,0.));
#7608=DIRECTION('',(2.61703972668915E-16,-1.,0.));
#7609=DIRECTION('',(0.,0.,1.));
#7610=DIRECTION('',(1.,0.,0.));
#7611=DIRECTION('',(0.,0.,-1.));
#7612=DIRECTION('',(0.,0.,1.));
#7613=DIRECTION('',(1.,0.,0.));
#7614=DIRECTION('',(0.,0.,1.));
#7615=DIRECTION('',(0.,0.,1.));
#7616=DIRECTION('',(1.,0.,0.));
#7617=DIRECTION('',(0.,0.,1.));
#7618=DIRECTION('',(0.,0.,1.));
#7619=DIRECTION('',(0.,0.,1.));
#7620=DIRECTION('',(1.,0.,0.));
#7621=DIRECTION('',(0.,0.,1.));
#7622=DIRECTION('',(0.,0.,1.));
#7623=DIRECTION('',(1.,0.,0.));
#7624=DIRECTION('',(0.,0.,-1.));
#7625=DIRECTION('',(0.,0.,1.));
#7626=DIRECTION('',(1.,0.,0.));
#7627=DIRECTION('',(0.,0.,1.));
#7628=DIRECTION('',(1.,0.,0.));
#7629=DIRECTION('',(0.,0.,1.));
#7630=DIRECTION('',(0.,0.,1.));
#7631=DIRECTION('',(0.,0.,1.));
#7632=DIRECTION('',(1.,0.,0.));
#7633=DIRECTION('',(0.,0.,1.));
#7634=DIRECTION('',(0.,0.,1.));
#7635=DIRECTION('',(1.,0.,0.));
#7636=DIRECTION('',(0.,0.,1.));
#7637=DIRECTION('',(0.,0.,1.));
#7638=DIRECTION('',(1.,0.,0.));
#7639=DIRECTION('',(0.,0.,1.));
#7640=DIRECTION('',(1.,0.,0.));
#7641=DIRECTION('',(0.,0.,1.));
#7642=DIRECTION('',(1.,0.,0.));
#7643=DIRECTION('',(0.,0.,1.));
#7644=DIRECTION('',(0.,0.,1.));
#7645=DIRECTION('',(0.,0.,-1.));
#7646=DIRECTION('',(-1.,0.,0.));
#7647=DIRECTION('',(0.,0.,1.));
#7648=DIRECTION('',(0.,0.,1.));
#7649=DIRECTION('',(1.,0.,0.));
#7650=DIRECTION('',(0.,0.,1.));
#7651=DIRECTION('',(0.,0.,-1.));
#7652=DIRECTION('',(-1.,0.,0.));
#7653=DIRECTION('',(0.,0.,1.));
#7654=DIRECTION('',(0.,0.,1.));
#7655=DIRECTION('',(1.,0.,0.));
#7656=DIRECTION('',(0.,0.,1.));
#7657=DIRECTION('',(0.,0.,1.));
#7658=DIRECTION('',(-1.,0.,0.));
#7659=DIRECTION('',(0.,0.,1.));
#7660=DIRECTION('',(1.,0.,0.));
#7661=DIRECTION('',(0.248375350267703,-0.968663866044045,0.));
#7662=DIRECTION('',(0.,0.,1.));
#7663=DIRECTION('',(1.,0.,0.));
#7664=DIRECTION('',(-1.,-8.42098774746023E-17,0.));
#7665=DIRECTION('',(0.,0.,1.));
#7666=DIRECTION('',(1.,0.,0.));
#7667=DIRECTION('',(0.262279838380692,0.964991858193113,0.));
#7668=DIRECTION('',(0.,0.,1.));
#7669=DIRECTION('',(1.,0.,0.));
#7670=DIRECTION('',(0.,0.,1.));
#7671=DIRECTION('',(1.,0.,0.));
#7672=DIRECTION('',(0.,0.,1.));
#7673=DIRECTION('',(1.,0.,0.));
#7674=DIRECTION('',(0.,0.,1.));
#7675=DIRECTION('',(1.,0.,0.));
#7676=DIRECTION('',(0.262279838380692,0.964991858193113,0.));
#7677=DIRECTION('',(0.,0.,1.));
#7678=DIRECTION('',(1.,0.,0.));
#7679=DIRECTION('',(0.,0.,1.));
#7680=DIRECTION('',(1.,0.,0.));
#7681=DIRECTION('',(0.,0.,1.));
#7682=DIRECTION('',(1.,0.,0.));
#7683=DIRECTION('',(-1.,-8.42098774746023E-17,0.));
#7684=DIRECTION('',(0.,0.,1.));
#7685=DIRECTION('',(1.,0.,0.));
#7686=DIRECTION('',(0.,0.,1.));
#7687=DIRECTION('',(1.,0.,0.));
#7688=DIRECTION('',(0.,0.,1.));
#7689=DIRECTION('',(1.,0.,0.));
#7690=DIRECTION('',(0.248375350267704,-0.968663866044045,0.));
#7691=DIRECTION('',(0.,0.,1.));
#7692=DIRECTION('',(1.,0.,0.));
#7693=DIRECTION('',(0.248375350267703,-0.968663866044045,0.));
#7694=DIRECTION('',(0.,0.,1.));
#7695=DIRECTION('',(1.,0.,0.));
#7696=DIRECTION('',(0.262279838380692,0.964991858193113,0.));
#7697=DIRECTION('',(0.,0.,1.));
#7698=DIRECTION('',(1.,0.,0.));
#7699=DIRECTION('',(-1.,-8.42098774746023E-17,0.));
#7700=DIRECTION('',(0.,0.,1.));
#7701=DIRECTION('',(1.,0.,0.));
#7702=DIRECTION('',(0.,0.,1.));
#7703=DIRECTION('',(1.,0.,0.));
#7704=DIRECTION('',(0.,0.,1.));
#7705=DIRECTION('',(1.,0.,0.));
#7706=DIRECTION('',(0.,0.,1.));
#7707=DIRECTION('',(1.,0.,0.));
#7708=DIRECTION('',(0.248375350267704,-0.968663866044045,0.));
#7709=DIRECTION('',(0.,0.,1.));
#7710=DIRECTION('',(1.,0.,0.));
#7711=DIRECTION('',(0.,0.,1.));
#7712=DIRECTION('',(1.,0.,0.));
#7713=DIRECTION('',(0.,0.,1.));
#7714=DIRECTION('',(1.,0.,0.));
#7715=DIRECTION('',(-1.,-8.42098774746023E-17,0.));
#7716=DIRECTION('',(0.,0.,1.));
#7717=DIRECTION('',(1.,0.,0.));
#7718=DIRECTION('',(0.,0.,1.));
#7719=DIRECTION('',(1.,0.,0.));
#7720=DIRECTION('',(0.,0.,1.));
#7721=DIRECTION('',(1.,0.,0.));
#7722=DIRECTION('',(0.262279838380692,0.964991858193113,0.));
#7723=DIRECTION('',(0.,0.,1.));
#7724=DIRECTION('',(1.,0.,0.));
#7725=DIRECTION('',(0.,0.,1.));
#7726=DIRECTION('',(1.,0.,0.));
#7727=DIRECTION('',(0.248375350267704,-0.968663866044045,0.));
#7728=DIRECTION('',(0.,0.,1.));
#7729=DIRECTION('',(1.,0.,0.));
#7730=DIRECTION('',(-1.,0.,0.));
#7731=DIRECTION('',(0.,0.,1.));
#7732=DIRECTION('',(1.,0.,0.));
#7733=DIRECTION('',(0.262279838380692,0.964991858193114,0.));
#7734=DIRECTION('',(0.262279838380692,0.964991858193114,0.));
#7735=DIRECTION('',(0.,0.,1.));
#7736=DIRECTION('',(1.,0.,0.));
#7737=DIRECTION('',(0.248375350267704,-0.968663866044045,0.));
#7738=DIRECTION('',(0.,0.,1.));
#7739=DIRECTION('',(1.,0.,0.));
#7740=DIRECTION('',(-1.,0.,0.));
#7741=DIRECTION('',(0.,0.,1.));
#7742=DIRECTION('',(1.,0.,0.));
#7743=DIRECTION('',(0.,0.,1.));
#7744=DIRECTION('',(1.,0.,0.));
#7745=DIRECTION('',(0.,0.,1.));
#7746=DIRECTION('',(1.,0.,0.));
#7747=DIRECTION('',(0.,0.,1.));
#7748=DIRECTION('',(1.,0.,0.));
#7749=DIRECTION('',(0.262279838380692,0.964991858193113,0.));
#7750=DIRECTION('',(0.,0.,1.));
#7751=DIRECTION('',(1.,0.,0.));
#7752=DIRECTION('',(0.,0.,1.));
#7753=DIRECTION('',(1.,0.,0.));
#7754=DIRECTION('',(0.262279838380692,0.964991858193114,0.));
#7755=DIRECTION('',(0.,0.,1.));
#7756=DIRECTION('',(1.,0.,0.));
#7757=DIRECTION('',(0.248375350267704,-0.968663866044045,0.));
#7758=DIRECTION('',(0.,0.,1.));
#7759=DIRECTION('',(1.,0.,0.));
#7760=DIRECTION('',(-1.,2.09002828430941E-16,0.));
#7761=DIRECTION('',(0.,0.,1.));
#7762=DIRECTION('',(1.,0.,0.));
#7763=DIRECTION('',(0.,0.,1.));
#7764=DIRECTION('',(1.,0.,0.));
#7765=DIRECTION('',(-1.,2.09002828430941E-16,0.));
#7766=DIRECTION('',(0.,0.,1.));
#7767=DIRECTION('',(1.,0.,0.));
#7768=DIRECTION('',(0.,0.,1.));
#7769=DIRECTION('',(1.,0.,0.));
#7770=DIRECTION('',(-1.,2.09002828430941E-16,0.));
#7771=DIRECTION('',(0.,0.,1.));
#7772=DIRECTION('',(1.,0.,0.));
#7773=DIRECTION('',(0.262279838380692,0.964991858193114,0.));
#7774=DIRECTION('',(0.,0.,1.));
#7775=DIRECTION('',(1.,0.,0.));
#7776=DIRECTION('',(0.248375350267704,-0.968663866044045,0.));
#7777=DIRECTION('',(0.,0.,1.));
#7778=DIRECTION('',(1.,0.,0.));
#7779=DIRECTION('',(0.,0.,1.));
#7780=DIRECTION('',(1.,0.,0.));
#7781=DIRECTION('',(0.248375350267704,-0.968663866044045,0.));
#7782=DIRECTION('',(0.,0.,1.));
#7783=DIRECTION('',(1.,0.,0.));
#7784=DIRECTION('',(0.,0.,1.));
#7785=DIRECTION('',(1.,0.,0.));
#7786=DIRECTION('',(0.,0.,1.));
#7787=DIRECTION('',(1.,0.,0.));
#7788=DIRECTION('',(0.,0.,1.));
#7789=DIRECTION('',(1.,0.,0.));
#7790=DIRECTION('',(0.248375350267704,-0.968663866044045,0.));
#7791=DIRECTION('',(0.,0.,1.));
#7792=DIRECTION('',(1.,0.,0.));
#7793=DIRECTION('',(0.,0.,1.));
#7794=DIRECTION('',(1.,0.,0.));
#7795=DIRECTION('',(0.248375350267704,-0.968663866044045,0.));
#7796=DIRECTION('',(0.,0.,1.));
#7797=DIRECTION('',(1.,0.,0.));
#7798=DIRECTION('',(0.262279838380692,0.964991858193114,0.));
#7799=DIRECTION('',(0.,0.,1.));
#7800=DIRECTION('',(1.,0.,0.));
#7801=DIRECTION('',(-1.,2.09002828430941E-16,0.));
#7802=DIRECTION('',(0.,0.,1.));
#7803=DIRECTION('',(1.,0.,0.));
#7804=DIRECTION('',(0.,0.,1.));
#7805=DIRECTION('',(1.,0.,0.));
#7806=DIRECTION('',(-1.,2.09002828430941E-16,0.));
#7807=DIRECTION('',(0.,0.,1.));
#7808=DIRECTION('',(1.,0.,0.));
#7809=DIRECTION('',(0.,0.,1.));
#7810=DIRECTION('',(1.,0.,0.));
#7811=DIRECTION('',(-1.,2.09002828430941E-16,0.));
#7812=DIRECTION('',(0.,0.,1.));
#7813=DIRECTION('',(1.,0.,0.));
#7814=DIRECTION('',(0.248375350267704,-0.968663866044045,0.));
#7815=DIRECTION('',(0.,0.,1.));
#7816=DIRECTION('',(1.,0.,0.));
#7817=DIRECTION('',(0.262279838380692,0.964991858193114,0.));
#7818=DIRECTION('',(0.,0.,1.));
#7819=DIRECTION('',(1.,0.,0.));
#7820=DIRECTION('',(0.,0.,1.));
#7821=DIRECTION('',(1.,0.,0.));
#7822=DIRECTION('',(0.262279838380692,0.964991858193113,0.));
#7823=DIRECTION('',(-1.,0.,0.));
#7824=DIRECTION('',(0.,0.,1.));
#7825=DIRECTION('',(1.,0.,0.));
#7826=DIRECTION('',(0.248375350267704,-0.968663866044045,0.));
#7827=DIRECTION('',(0.,0.,1.));
#7828=DIRECTION('',(1.,0.,0.));
#7829=DIRECTION('',(0.262279838380692,0.964991858193114,0.));
#7830=DIRECTION('',(0.,0.,1.));
#7831=DIRECTION('',(1.,0.,0.));
#7832=DIRECTION('',(0.248375350267704,-0.968663866044045,0.));
#7833=DIRECTION('',(0.,0.,1.));
#7834=DIRECTION('',(1.,0.,0.));
#7835=DIRECTION('',(0.262279838380692,0.964991858193114,0.));
#7836=DIRECTION('',(0.,0.,1.));
#7837=DIRECTION('',(1.,0.,0.));
#7838=DIRECTION('',(-1.,0.,0.));
#7839=DIRECTION('',(0.,0.,1.));
#7840=DIRECTION('',(1.,0.,0.));
#7841=DIRECTION('',(0.968663866044045,0.248375350267704,0.));
#7842=DIRECTION('',(-0.248375350267704,0.968663866044045,0.));
#7843=DIRECTION('',(0.,0.,-1.));
#7844=DIRECTION('',(0.,0.,-1.));
#7845=DIRECTION('',(0.,0.,-1.));
#7846=DIRECTION('',(-1.,0.,0.));
#7847=DIRECTION('',(0.,0.,-1.));
#7848=DIRECTION('',(-0.964991858193113,0.262279838380692,0.));
#7849=DIRECTION('',(-0.262279838380692,-0.964991858193113,0.));
#7850=DIRECTION('',(0.,0.,-1.));
#7851=DIRECTION('',(0.,0.,-1.));
#7852=DIRECTION('',(-1.,0.,0.));
#7853=DIRECTION('',(0.,0.,-1.));
#7854=DIRECTION('',(8.42098774746023E-17,-1.,0.));
#7855=DIRECTION('',(1.,8.42098774746023E-17,0.));
#7856=DIRECTION('',(0.,0.,-1.));
#7857=DIRECTION('',(0.,0.,-1.));
#7858=DIRECTION('',(-1.,0.,0.));
#7859=DIRECTION('',(-0.968663866044045,-0.248375350267704,0.));
#7860=DIRECTION('',(0.248375350267704,-0.968663866044045,0.));
#7861=DIRECTION('',(0.,0.,1.));
#7862=DIRECTION('',(0.,0.,-1.));
#7863=DIRECTION('',(0.,0.,1.));
#7864=DIRECTION('',(1.,0.,0.));
#7865=DIRECTION('',(0.,0.,1.));
#7866=DIRECTION('',(1.,0.,0.));
#7867=DIRECTION('',(0.,0.,1.));
#7868=DIRECTION('',(0.,0.,1.));
#7869=DIRECTION('',(2.09002828430941E-16,1.,0.));
#7870=DIRECTION('',(-1.,2.09002828430941E-16,0.));
#7871=DIRECTION('',(0.,0.,-1.));
#7872=DIRECTION('',(0.,0.,1.));
#7873=DIRECTION('',(0.964991858193114,-0.262279838380692,0.));
#7874=DIRECTION('',(0.262279838380692,0.964991858193114,0.));
#7875=DIRECTION('',(0.,0.,-1.));
#7876=DIRECTION('',(0.,0.,-1.));
#7877=DIRECTION('',(0.,0.,1.));
#7878=DIRECTION('',(1.,0.,0.));
#7879=DIRECTION('',(0.,0.,1.));
#7880=DIRECTION('',(1.,0.,0.));
#7881=DIRECTION('',(0.,0.,-1.));
#7882=DIRECTION('',(-1.,0.,0.));
#7883=DIRECTION('',(0.,0.,-1.));
#7884=DIRECTION('',(-1.,0.,0.));
#7885=DIRECTION('',(-0.968663866044045,-0.248375350267704,0.));
#7886=DIRECTION('',(0.248375350267704,-0.968663866044045,0.));
#7887=DIRECTION('',(0.,0.,-1.));
#7888=DIRECTION('',(0.,0.,-1.));
#7889=DIRECTION('',(0.,1.,0.));
#7890=DIRECTION('',(0.,0.,1.));
#7891=DIRECTION('',(0.,0.,-1.));
#7892=DIRECTION('',(0.,0.,-1.));
#7893=DIRECTION('',(0.964991858193114,-0.262279838380692,0.));
#7894=DIRECTION('',(0.262279838380692,0.964991858193114,0.));
#7895=DIRECTION('',(0.,0.,-1.));
#7896=DIRECTION('',(0.,0.,-1.));
#7897=DIRECTION('',(0.,0.,-1.));
#7898=DIRECTION('',(-1.,0.,0.));
#7899=DIRECTION('',(0.,0.,-1.));
#7900=DIRECTION('',(-1.,0.,0.));
#7901=DIRECTION('',(0.,0.,-1.));
#7902=DIRECTION('',(-1.,0.,0.));
#7903=DIRECTION('',(2.09002828430941E-16,1.,0.));
#7904=DIRECTION('',(-1.,2.09002828430941E-16,0.));
#7905=DIRECTION('',(0.,0.,1.));
#7906=DIRECTION('',(0.,0.,-1.));
#7907=DIRECTION('',(0.,0.,1.));
#7908=DIRECTION('',(1.,0.,0.));
#7909=DIRECTION('',(0.,0.,-1.));
#7910=DIRECTION('',(0.,0.,1.));
#7911=DIRECTION('',(1.,0.,0.));
#7912=DIRECTION('',(0.,0.,1.));
#7913=DIRECTION('',(0.,0.,1.));
#7914=DIRECTION('',(1.,0.,0.));
#7915=DIRECTION('',(0.,0.,1.));
#7916=DIRECTION('',(0.,0.,1.));
#7917=DIRECTION('',(0.,0.,1.));
#7918=DIRECTION('',(1.,0.,0.));
#7919=DIRECTION('',(0.,0.,1.));
#7920=DIRECTION('',(0.,0.,1.));
#7921=DIRECTION('',(1.,0.,0.));
#7922=DIRECTION('',(0.,0.,-1.));
#7923=DIRECTION('',(0.964991858193114,-0.262279838380692,0.));
#7924=DIRECTION('',(0.262279838380692,0.964991858193114,0.));
#7925=DIRECTION('',(0.,0.,-1.));
#7926=DIRECTION('',(0.,0.,1.));
#7927=DIRECTION('',(-0.968663866044045,-0.248375350267704,0.));
#7928=DIRECTION('',(0.248375350267704,-0.968663866044045,0.));
#7929=DIRECTION('',(0.,0.,-1.));
#7930=DIRECTION('',(0.,0.,-1.));
#7931=DIRECTION('',(0.,0.,1.));
#7932=DIRECTION('',(1.,0.,0.));
#7933=DIRECTION('',(0.,0.,1.));
#7934=DIRECTION('',(1.,0.,0.));
#7935=DIRECTION('',(0.,0.,-1.));
#7936=DIRECTION('',(-1.,0.,0.));
#7937=DIRECTION('',(0.,0.,-1.));
#7938=DIRECTION('',(-1.,0.,0.));
#7939=DIRECTION('',(0.964991858193114,-0.262279838380692,0.));
#7940=DIRECTION('',(0.262279838380692,0.964991858193114,0.));
#7941=DIRECTION('',(0.,0.,-1.));
#7942=DIRECTION('',(0.,0.,1.));
#7943=DIRECTION('',(-0.968663866044045,-0.248375350267704,0.));
#7944=DIRECTION('',(0.248375350267704,-0.968663866044045,0.));
#7945=DIRECTION('',(0.,0.,-1.));
#7946=DIRECTION('',(0.,0.,1.));
#7947=DIRECTION('',(0.,1.,0.));
#7948=DIRECTION('',(0.,0.,1.));
#7949=DIRECTION('',(0.,0.,-1.));
#7950=DIRECTION('',(0.,0.,-1.));
#7951=DIRECTION('',(0.,0.,1.));
#7952=DIRECTION('',(1.,0.,0.));
#7953=DIRECTION('',(0.,0.,-1.));
#7954=DIRECTION('',(-1.,0.,0.));
#7955=DIRECTION('',(0.,0.,-1.));
#7956=DIRECTION('',(-1.,0.,0.));
#7957=DIRECTION('',(0.,0.,1.));
#7958=DIRECTION('',(1.,0.,0.));
#7959=DIRECTION('',(0.,0.,1.));
#7960=DIRECTION('',(0.,0.,-1.));
#7961=DIRECTION('',(-1.,0.,0.));
#7962=DIRECTION('',(0.,0.,1.));
#7963=DIRECTION('',(0.,0.,1.));
#7964=DIRECTION('',(1.,0.,0.));
#7965=DIRECTION('',(0.,0.,1.));
#7966=DIRECTION('',(1.,0.,0.));
#7967=DIRECTION('',(0.,0.,1.));
#7968=DIRECTION('',(0.,0.,1.));
#7969=DIRECTION('',(1.,0.,0.));
#7970=DIRECTION('',(0.,0.,1.));
#7971=DIRECTION('',(0.,0.,-1.));
#7972=DIRECTION('',(-1.,0.,0.));
#7973=DIRECTION('',(-0.968663866044045,-0.248375350267704,0.));
#7974=DIRECTION('',(0.248375350267704,-0.968663866044045,0.));
#7975=DIRECTION('',(0.,0.,-1.));
#7976=DIRECTION('',(0.,0.,-1.));
#7977=DIRECTION('',(-0.968663866044045,-0.248375350267704,0.));
#7978=DIRECTION('',(0.248375350267704,-0.968663866044045,0.));
#7979=DIRECTION('',(0.,0.,1.));
#7980=DIRECTION('',(0.,0.,1.));
#7981=DIRECTION('',(0.,0.,1.));
#7982=DIRECTION('',(1.,0.,0.));
#7983=DIRECTION('',(0.,0.,1.));
#7984=DIRECTION('',(1.,0.,0.));
#7985=DIRECTION('',(0.,0.,1.));
#7986=DIRECTION('',(1.,0.,0.));
#7987=DIRECTION('',(0.,0.,1.));
#7988=DIRECTION('',(1.,0.,0.));
#7989=DIRECTION('',(0.,0.,1.));
#7990=DIRECTION('',(1.,0.,0.));
#7991=DIRECTION('',(0.,0.,1.));
#7992=DIRECTION('',(0.,0.,1.));
#7993=DIRECTION('',(1.,0.,0.));
#7994=DIRECTION('',(0.,0.,1.));
#7995=DIRECTION('',(0.,0.,-1.));
#7996=DIRECTION('',(-1.,0.,0.));
#7997=DIRECTION('',(0.964991858193113,-0.262279838380692,0.));
#7998=DIRECTION('',(0.262279838380692,0.964991858193113,0.));
#7999=DIRECTION('',(0.,0.,1.));
#8000=DIRECTION('',(0.,0.,1.));
#8001=DIRECTION('',(0.,0.,1.));
#8002=DIRECTION('',(1.,0.,0.));
#8003=DIRECTION('',(0.,0.,1.));
#8004=DIRECTION('',(0.,0.,-1.));
#8005=DIRECTION('',(-1.,0.,0.));
#8006=DIRECTION('',(0.,0.,1.));
#8007=DIRECTION('',(0.,0.,1.));
#8008=DIRECTION('',(1.,0.,0.));
#8009=DIRECTION('',(0.964991858193113,-0.262279838380692,0.));
#8010=DIRECTION('',(0.262279838380692,0.964991858193113,0.));
#8011=DIRECTION('',(0.,0.,-1.));
#8012=DIRECTION('',(0.,0.,-1.));
#8013=DIRECTION('',(0.,0.,1.));
#8014=DIRECTION('',(1.,0.,0.));
#8015=DIRECTION('',(0.,0.,1.));
#8016=DIRECTION('',(1.,0.,0.));
#8017=DIRECTION('',(0.,0.,1.));
#8018=DIRECTION('',(1.,0.,0.));
#8019=DIRECTION('',(0.,0.,1.));
#8020=DIRECTION('',(1.,0.,0.));
#8021=DIRECTION('',(0.,0.,1.));
#8022=DIRECTION('',(1.,0.,0.));
#8023=DIRECTION('',(0.,0.,1.));
#8024=DIRECTION('',(0.,0.,1.));
#8025=DIRECTION('',(1.,0.,0.));
#8026=DIRECTION('',(0.,0.,1.));
#8027=DIRECTION('',(0.,0.,-1.));
#8028=DIRECTION('',(-1.,0.,0.));
#8029=DIRECTION('',(0.,0.,1.));
#8030=DIRECTION('',(1.,0.,0.));
#8031=DIRECTION('',(0.,0.,1.));
#8032=DIRECTION('',(0.,0.,-1.));
#8033=DIRECTION('',(-1.,0.,0.));
#8034=DIRECTION('',(0.,0.,1.));
#8035=DIRECTION('',(0.,0.,1.));
#8036=DIRECTION('',(1.,0.,0.));
#8037=DIRECTION('',(2.09002828430941E-16,1.,0.));
#8038=DIRECTION('',(-1.,2.09002828430941E-16,0.));
#8039=DIRECTION('',(0.,0.,-1.));
#8040=DIRECTION('',(0.,0.,-1.));
#8041=DIRECTION('',(-8.42098774746023E-17,1.,0.));
#8042=DIRECTION('',(-1.,-8.42098774746023E-17,0.));
#8043=DIRECTION('',(0.,0.,1.));
#8044=DIRECTION('',(0.,0.,1.));
#8045=DIRECTION('',(0.,0.,1.));
#8046=DIRECTION('',(1.,0.,0.));
#8047=DIRECTION('',(0.,0.,1.));
#8048=DIRECTION('',(1.,0.,0.));
#8049=DIRECTION('',(0.,0.,1.));
#8050=DIRECTION('',(1.,0.,0.));
#8051=DIRECTION('',(0.,0.,1.));
#8052=DIRECTION('',(1.,0.,0.));
#8053=DIRECTION('',(0.,0.,-1.));
#8054=DIRECTION('',(1.,0.,0.));
#8055=DIRECTION('',(0.86602540378444,0.5,0.));
#8056=DIRECTION('',(0.,1.,0.));
#8057=DIRECTION('',(0.,0.,-1.));
#8058=DIRECTION('',(1.,0.,0.));
#8059=DIRECTION('',(-0.866025403784439,0.5,0.));
#8060=DIRECTION('',(0.866025403784439,0.5,0.));
#8061=DIRECTION('',(0.,0.,-1.));
#8062=DIRECTION('',(1.,0.,0.));
#8063=DIRECTION('',(0.,1.,0.));
#8064=DIRECTION('',(0.866025403784438,-0.5,0.));
#8065=DIRECTION('',(0.,0.,-1.));
#8066=DIRECTION('',(-1.,0.,0.));
#8067=DIRECTION('',(0.,0.,1.));
#8068=DIRECTION('',(1.,0.,0.));
#8069=DIRECTION('',(0.,0.,1.));
#8070=DIRECTION('',(0.,0.,1.));
#8071=DIRECTION('',(0.,0.,-1.));
#8072=DIRECTION('',(1.,0.,0.));
#8073=DIRECTION('',(0.866025403784439,-0.5,0.));
#8074=DIRECTION('',(0.866025403784439,0.5,0.));
#8075=DIRECTION('',(0.,0.,-1.));
#8076=DIRECTION('',(-1.,0.,0.));
#8077=DIRECTION('',(0.,0.,1.));
#8078=DIRECTION('',(1.,0.,0.));
#8079=DIRECTION('',(0.,0.,1.));
#8080=DIRECTION('',(-1.,0.,0.));
#8081=DIRECTION('',(0.,0.,1.));
#8082=DIRECTION('',(-1.,0.,0.));
#8083=DIRECTION('',(0.,0.,-1.));
#8084=DIRECTION('',(-1.,0.,0.));
#8085=DIRECTION('',(0.,0.,1.));
#8086=DIRECTION('',(1.,0.,0.));
#8087=DIRECTION('',(0.,0.,1.));
#8088=DIRECTION('',(1.,0.,0.));
#8089=DIRECTION('',(0.,0.,1.));
#8090=DIRECTION('',(1.,0.,0.));
#8091=DIRECTION('',(0.,0.,-1.));
#8092=DIRECTION('',(-1.,0.,0.));
#8093=DIRECTION('',(0.,0.,1.));
#8094=DIRECTION('',(1.,0.,0.));
#8095=DIRECTION('',(0.,0.,1.));
#8096=DIRECTION('',(1.,0.,0.));
#8097=DIRECTION('',(0.,0.,1.));
#8098=DIRECTION('',(1.,0.,0.));
#8099=DIRECTION('',(0.,0.,1.));
#8100=DIRECTION('',(1.,0.,0.));
#8101=DIRECTION('',(0.,0.,1.));
#8102=DIRECTION('',(-1.,0.,0.));
#8103=DIRECTION('',(0.,0.,1.));
#8104=DIRECTION('',(-1.,0.,0.));
#8105=DIRECTION('',(0.,0.,1.));
#8106=DIRECTION('',(-1.,0.,0.));
#8107=DIRECTION('',(0.,0.,1.));
#8108=DIRECTION('',(1.,0.,0.));
#8109=DIRECTION('',(0.,0.,1.));
#8110=DIRECTION('',(1.,0.,0.));
#8111=DIRECTION('',(0.,0.,1.));
#8112=DIRECTION('',(1.,0.,0.));
#8113=DIRECTION('',(0.,0.,1.));
#8114=DIRECTION('',(1.,0.,0.));
#8115=DIRECTION('',(0.,0.,1.));
#8116=DIRECTION('',(1.,0.,0.));
#8117=DIRECTION('',(0.,0.,1.));
#8118=DIRECTION('',(1.,0.,0.));
#8119=DIRECTION('',(0.,0.,1.));
#8120=DIRECTION('',(1.,0.,0.));
#8121=DIRECTION('',(0.,0.,1.));
#8122=DIRECTION('',(1.,0.,0.));
#8123=DIRECTION('',(0.5,-0.86602540378444,0.));
#8124=DIRECTION('',(0.86602540378444,0.5,0.));
#8125=DIRECTION('',(0.86602540378444,0.5,0.));
#8126=DIRECTION('',(1.,0.,0.));
#8127=DIRECTION('',(0.,0.,-1.));
#8128=DIRECTION('',(0.,1.,0.));
#8129=DIRECTION('',(0.,0.,1.));
#8130=DIRECTION('',(1.,0.,0.));
#8131=DIRECTION('',(0.5,0.866025403784439,0.));
#8132=DIRECTION('',(-0.866025403784439,0.5,0.));
#8133=DIRECTION('',(-0.866025403784439,0.5,0.));
#8134=DIRECTION('',(0.5,-0.866025403784439,0.));
#8135=DIRECTION('',(0.866025403784439,0.5,0.));
#8136=DIRECTION('',(0.866025403784439,0.5,0.));
#8137=DIRECTION('',(0.,0.,1.));
#8138=DIRECTION('',(1.,0.,0.));
#8139=DIRECTION('',(-1.,0.,0.));
#8140=DIRECTION('',(0.,0.,1.));
#8141=DIRECTION('',(0.,-1.,0.));
#8142=DIRECTION('',(-0.5,-0.866025403784438,0.));
#8143=DIRECTION('',(0.866025403784438,-0.5,0.));
#8144=DIRECTION('',(0.866025403784438,-0.5,0.));
#8145=DIRECTION('',(0.,0.,1.));
#8146=DIRECTION('',(1.,0.,0.));
#8147=DIRECTION('',(-0.5,-0.866025403784438,0.));
#8148=DIRECTION('',(0.866025403784438,-0.5,0.));
#8149=DIRECTION('',(0.866025403784438,-0.5,0.));
#8150=DIRECTION('',(-0.5,0.866025403784439,0.));
#8151=DIRECTION('',(-0.866025403784439,-0.5,0.));
#8152=DIRECTION('',(-0.866025403784439,-0.5,0.));
#8153=DIRECTION('',(0.,0.,1.));
#8154=DIRECTION('',(1.,0.,0.));
#8155=DIRECTION('',(-0.5,-0.866025403784438,0.));
#8156=DIRECTION('',(0.866025403784438,-0.5,0.));
#8157=DIRECTION('',(0.866025403784438,-0.5,0.));
#8158=DIRECTION('',(-1.,2.16840434497102E-15,0.));
#8159=DIRECTION('',(-2.16840434497102E-15,-1.,0.));
#8160=DIRECTION('',(-2.16840434497102E-15,-1.,0.));
#8161=DIRECTION('',(0.,0.,1.));
#8162=DIRECTION('',(1.,0.,0.));
#8163=DIRECTION('',(0.5,-0.866025403784439,0.));
#8164=DIRECTION('',(0.866025403784439,0.5,0.));
#8165=DIRECTION('',(0.866025403784439,0.5,0.));
#8166=DIRECTION('',(1.,0.,0.));
#8167=DIRECTION('',(0.,0.,-1.));
#8168=DIRECTION('',(0.,1.,0.));
#8169=DIRECTION('',(0.,0.,1.));
#8170=DIRECTION('',(1.,0.,0.));
#8171=DIRECTION('',(1.,-1.4954512723938E-16,0.));
#8172=DIRECTION('',(1.4954512723938E-16,1.,0.));
#8173=DIRECTION('',(1.4954512723938E-16,1.,0.));
#8174=DIRECTION('',(0.5,-0.866025403784439,0.));
#8175=DIRECTION('',(0.866025403784439,0.5,0.));
#8176=DIRECTION('',(0.866025403784439,0.5,0.));
#8177=DIRECTION('',(0.,0.,1.));
#8178=DIRECTION('',(1.,0.,0.));
#8179=DIRECTION('',(-1.,-2.61703972668915E-16,0.));
#8180=DIRECTION('',(2.61703972668915E-16,-1.,0.));
#8181=DIRECTION('',(2.61703972668915E-16,-1.,0.));
#8182=DIRECTION('',(-0.5,-0.866025403784439,0.));
#8183=DIRECTION('',(0.866025403784439,-0.5,0.));
#8184=DIRECTION('',(0.866025403784439,-0.5,0.));
#8185=DIRECTION('',(0.,0.,1.));
#8186=DIRECTION('',(1.,0.,0.));
#8187=DIRECTION('',(0.5,0.866025403784439,0.));
#8188=DIRECTION('',(-0.866025403784439,0.5,0.));
#8189=DIRECTION('',(-0.866025403784439,0.5,0.));
#8190=DIRECTION('',(0.5,-0.866025403784439,0.));
#8191=DIRECTION('',(0.866025403784439,0.5,0.));
#8192=DIRECTION('',(0.866025403784439,0.5,0.));
#8193=DIRECTION('',(0.,0.,1.));
#8194=DIRECTION('',(1.,0.,0.));
#8195=DIRECTION('',(-1.,0.,0.));
#8196=DIRECTION('',(0.,0.,1.));
#8197=DIRECTION('',(0.,1.,0.));
#8198=DIRECTION('',(-0.5,-0.866025403784439,0.));
#8199=DIRECTION('',(0.866025403784439,-0.5,0.));
#8200=DIRECTION('',(-0.866025403784439,0.5,0.));
#8201=DIRECTION('',(0.,0.,1.));
#8202=DIRECTION('',(1.,0.,0.));
#8203=DIRECTION('',(-0.5,0.866025403784439,0.));
#8204=DIRECTION('',(-0.866025403784439,-0.5,0.));
#8205=DIRECTION('',(0.866025403784439,0.5,0.));
#8206=DIRECTION('',(1.,0.,0.));
#8207=DIRECTION('',(0.,0.,-1.));
#8208=DIRECTION('',(0.,-1.,0.));
#8209=DIRECTION('',(0.,0.,1.));
#8210=DIRECTION('',(1.,0.,0.));
#8211=DIRECTION('',(-0.5,0.86602540378444,0.));
#8212=DIRECTION('',(-0.86602540378444,-0.5,0.));
#8213=DIRECTION('',(0.86602540378444,0.5,0.));
#8214=DIRECTION('',(0.5,0.866025403784438,0.));
#8215=DIRECTION('',(-0.866025403784438,0.5,0.));
#8216=DIRECTION('',(0.866025403784438,-0.5,0.));
#8217=DIRECTION('',(0.,0.,1.));
#8218=DIRECTION('',(1.,0.,0.));
#8219=DIRECTION('',(0.5,0.866025403784438,0.));
#8220=DIRECTION('',(-0.866025403784438,0.5,0.));
#8221=DIRECTION('',(0.866025403784438,-0.5,0.));
#8222=DIRECTION('',(-0.5,0.866025403784439,0.));
#8223=DIRECTION('',(-0.866025403784439,-0.5,0.));
#8224=DIRECTION('',(0.866025403784439,0.5,0.));
#8225=DIRECTION('',(0.,0.,1.));
#8226=DIRECTION('',(1.,0.,0.));
#8227=DIRECTION('',(-1.,0.,0.));
#8228=DIRECTION('',(0.,0.,1.));
#8229=DIRECTION('',(0.,1.,0.));
#8230=DIRECTION('',(0.5,0.866025403784438,0.));
#8231=DIRECTION('',(-0.866025403784438,0.5,0.));
#8232=DIRECTION('',(0.866025403784438,-0.5,0.));
#8233=DIRECTION('',(0.,0.,1.));
#8234=DIRECTION('',(1.,0.,0.));
#8235=DIRECTION('',(0.5,-0.866025403784439,0.));
#8236=DIRECTION('',(0.866025403784439,0.5,0.));
#8237=DIRECTION('',(-0.866025403784439,-0.5,0.));
#8238=DIRECTION('',(1.,-2.16840434497102E-15,0.));
#8239=DIRECTION('',(2.16840434497102E-15,1.,0.));
#8240=DIRECTION('',(-2.16840434497102E-15,-1.,0.));
#8241=DIRECTION('',(0.,0.,1.));
#8242=DIRECTION('',(1.,0.,0.));
#8243=DIRECTION('',(-0.5,0.866025403784439,0.));
#8244=DIRECTION('',(-0.866025403784439,-0.5,0.));
#8245=DIRECTION('',(0.866025403784439,0.5,0.));
#8246=DIRECTION('',(1.,2.61703972668915E-16,0.));
#8247=DIRECTION('',(-2.61703972668915E-16,1.,0.));
#8248=DIRECTION('',(2.61703972668915E-16,-1.,0.));
#8249=DIRECTION('',(0.,0.,1.));
#8250=DIRECTION('',(1.,0.,0.));
#8251=DIRECTION('',(-0.5,0.866025403784439,0.));
#8252=DIRECTION('',(-0.866025403784439,-0.5,0.));
#8253=DIRECTION('',(0.866025403784439,0.5,0.));
#8254=DIRECTION('',(0.5,0.866025403784439,0.));
#8255=DIRECTION('',(-0.866025403784439,0.5,0.));
#8256=DIRECTION('',(0.866025403784439,-0.5,0.));
#8257=DIRECTION('',(0.,0.,1.));
#8258=DIRECTION('',(1.,0.,0.));
#8259=DIRECTION('',(-1.,1.4954512723938E-16,0.));
#8260=DIRECTION('',(-1.4954512723938E-16,-1.,0.));
#8261=DIRECTION('',(1.4954512723938E-16,1.,0.));
#8262=DIRECTION('',(-0.5,-0.866025403784439,0.));
#8263=DIRECTION('',(0.866025403784439,-0.5,0.));
#8264=DIRECTION('',(-0.866025403784439,0.5,0.));
#8265=DIRECTION('',(0.,0.,1.));
#8266=DIRECTION('',(1.,0.,0.));
#8267=DIRECTION('',(1.,2.1048261974527E-15,-8.88178419700136E-16));
#8268=DIRECTION('',(-2.1048261974527E-15,1.,1.11022302462455E-16));
#8269=DIRECTION('',(0.,0.,-1.));
#8270=DIRECTION('',(0.,1.,0.));
#8271=DIRECTION('',(0.,0.,1.));
#8272=DIRECTION('',(0.,-1.,0.));
#8273=DIRECTION('',(0.,0.,1.));
#8274=DIRECTION('',(0.,-1.,0.));
#8275=DIRECTION('',(0.,0.,1.));
#8276=DIRECTION('',(0.,-1.,0.));
#8277=DIRECTION('',(0.,0.,1.));
#8278=DIRECTION('',(0.,-1.,0.));
#8279=DIRECTION('',(0.,0.,1.));
#8280=DIRECTION('',(0.,-1.,0.));
#8281=DIRECTION('',(0.,0.,1.));
#8282=DIRECTION('',(0.,-1.,0.));
#8283=DIRECTION('',(0.,0.,1.));
#8284=DIRECTION('',(0.,-1.,0.));
#8285=DIRECTION('',(0.,0.,1.));
#8286=DIRECTION('',(0.,-1.,0.));
#8287=DIRECTION('',(0.,0.,-1.));
#8288=DIRECTION('',(0.,1.,0.));
#8289=DIRECTION('',(0.,0.,1.));
#8290=DIRECTION('',(0.,-1.,0.));
#8291=DIRECTION('',(0.,0.,1.));
#8292=DIRECTION('',(0.,-1.,0.));
#8293=DIRECTION('',(0.,0.,-1.));
#8294=DIRECTION('',(0.,1.,0.));
#8295=DIRECTION('',(0.,0.,1.));
#8296=DIRECTION('',(0.,-1.,0.));
#8297=DIRECTION('',(0.,0.,1.));
#8298=DIRECTION('',(0.,-1.,0.));
#8299=DIRECTION('',(0.,0.,1.));
#8300=DIRECTION('',(1.,0.,0.));
#8301=DIRECTION('',(0.,0.,-1.));
#8302=DIRECTION('',(-1.,0.,0.));
#8303=DIRECTION('',(0.,0.,1.));
#8304=DIRECTION('',(1.,0.,0.));
#8305=DIRECTION('',(0.,0.,1.));
#8306=DIRECTION('',(0.,0.,1.));
#8307=DIRECTION('',(1.,0.,0.));
#8308=DIRECTION('',(0.,0.,1.));
#8309=DIRECTION('',(0.,0.,1.));
#8310=DIRECTION('',(1.,0.,0.));
#8311=DIRECTION('',(0.,0.,-1.));
#8312=DIRECTION('',(-1.,0.,0.));
#8313=DIRECTION('',(0.,0.,-1.));
#8314=DIRECTION('',(0.,0.,1.));
#8315=DIRECTION('',(1.,0.,0.));
#8316=DIRECTION('',(0.,0.,-1.));
#8317=DIRECTION('',(0.,0.,-1.));
#8318=DIRECTION('',(0.,0.,1.));
#8319=DIRECTION('',(1.,0.,0.));
#8320=DIRECTION('',(0.,0.,1.));
#8321=DIRECTION('',(1.,0.,0.));
#8322=DIRECTION('',(0.,0.,-1.));
#8323=DIRECTION('',(0.,0.,1.));
#8324=DIRECTION('',(1.,0.,0.));
#8325=DIRECTION('',(0.,0.,1.));
#8326=DIRECTION('',(1.,0.,0.));
#8327=DIRECTION('',(0.,-1.,0.));
#8328=DIRECTION('',(1.,0.,0.));
#8329=DIRECTION('',(0.,1.,0.));
#8330=DIRECTION('',(0.,0.,1.));
#8331=DIRECTION('',(1.,0.,0.));
#8332=DIRECTION('',(0.,-1.,0.));
#8333=DIRECTION('',(0.,0.,1.));
#8334=DIRECTION('',(1.,0.,0.));
#8335=DIRECTION('',(0.,1.,0.));
#8336=DIRECTION('',(0.,0.,1.));
#8337=DIRECTION('',(1.,0.,0.));
#8338=DIRECTION('',(0.,0.,-1.));
#8339=DIRECTION('',(0.,0.,-1.));
#8340=DIRECTION('',(-1.,0.,0.));
#8341=DIRECTION('',(0.,-0.707106781186548,0.707106781186548));
#8342=DIRECTION('',(0.,-0.707106781186548,-0.707106781186548));
#8343=DIRECTION('',(0.,0.,-1.));
#8344=DIRECTION('',(0.,0.,-1.));
#8345=DIRECTION('',(0.,-0.707106781186548,0.707106781186548));
#8346=DIRECTION('',(0.,-0.707106781186548,-0.707106781186548));
#8347=DIRECTION('',(0.,0.,1.));
#8348=DIRECTION('',(1.,0.,0.));
#8349=DIRECTION('',(0.,0.,-1.));
#8350=DIRECTION('',(0.,0.,1.));
#8351=DIRECTION('',(1.,0.,0.));
#8352=DIRECTION('',(0.,0.,1.));
#8353=DIRECTION('',(1.,0.,0.));
#8354=DIRECTION('',(0.,0.,-1.));
#8355=DIRECTION('',(0.,0.,1.));
#8356=DIRECTION('',(1.,0.,0.));
#8357=DIRECTION('',(0.,0.,1.));
#8358=DIRECTION('',(1.,0.,0.));
#8359=DIRECTION('',(0.,0.,1.));
#8360=DIRECTION('',(1.,0.,0.));
#8361=DIRECTION('',(0.,0.,1.));
#8362=DIRECTION('',(1.,0.,0.));
#8363=DIRECTION('',(0.,0.,1.));
#8364=DIRECTION('',(1.,0.,0.));
#8365=DIRECTION('',(0.,0.,1.));
#8366=DIRECTION('',(1.,0.,0.));
#8367=DIRECTION('',(0.,1.,0.));
#8368=DIRECTION('',(0.,0.,1.));
#8369=DIRECTION('',(1.,0.,0.));
#8370=DIRECTION('',(0.,-1.,0.));
#8371=DIRECTION('',(0.,0.,1.));
#8372=DIRECTION('',(1.,0.,0.));
#8373=DIRECTION('',(0.,0.,1.));
#8374=DIRECTION('',(1.,0.,0.));
#8375=DIRECTION('',(0.,0.,1.));
#8376=DIRECTION('',(1.,0.,0.));
#8377=DIRECTION('',(0.,0.,1.));
#8378=DIRECTION('',(1.,0.,0.));
#8379=DIRECTION('',(-1.,0.,0.));
#8380=DIRECTION('',(0.,0.,1.));
#8381=DIRECTION('',(0.,1.,0.));
#8382=DIRECTION('',(-1.,0.,0.));
#8383=DIRECTION('',(0.,0.,1.));
#8384=DIRECTION('',(0.,-1.,0.));
#8385=DIRECTION('',(0.,-1.,0.));
#8386=DIRECTION('',(0.,-1.,0.));
#8387=DIRECTION('',(-1.,0.,0.));
#8388=DIRECTION('',(0.,0.,1.));
#8389=DIRECTION('',(0.,1.,0.));
#8390=DIRECTION('',(0.,0.,1.));
#8391=DIRECTION('',(0.,-1.,0.));
#8392=DIRECTION('',(0.,0.,-1.));
#8393=DIRECTION('',(-1.,0.,0.));
#8394=DIRECTION('',(-1.,0.,0.));
#8395=DIRECTION('',(-1.,0.,0.));
#8396=DIRECTION('',(0.,0.,1.));
#8397=DIRECTION('',(1.,0.,0.));
#8398=DIRECTION('',(-1.,0.,0.));
#8399=DIRECTION('',(0.,0.,1.));
#8400=DIRECTION('',(1.,0.,0.));
#8401=DIRECTION('',(0.,0.,-1.));
#8402=DIRECTION('',(0.,-1.,0.));
#8403=DIRECTION('',(0.,-1.,0.));
#8404=DIRECTION('',(0.,1.,0.));
#8405=DIRECTION('',(0.,-1.,0.));
#8406=DIRECTION('',(1.,0.,0.));
#8407=DIRECTION('',(0.,0.,-1.));
#8408=DIRECTION('',(0.,0.,1.));
#8409=DIRECTION('',(1.,0.,0.));
#8410=DIRECTION('',(0.,1.,0.));
#8411=DIRECTION('',(0.,0.,1.));
#8412=DIRECTION('',(-1.,0.,0.));
#8413=DIRECTION('',(-1.,0.,0.));
#8414=DIRECTION('',(-1.,0.,0.));
#8415=DIRECTION('',(0.,0.,1.));
#8416=DIRECTION('',(1.,0.,0.));
#8417=DIRECTION('',(0.,0.,1.));
#8418=DIRECTION('',(1.,0.,0.));
#8419=DIRECTION('',(0.,0.,1.));
#8420=DIRECTION('',(0.,0.,1.));
#8421=DIRECTION('',(1.,0.,0.));
#8422=DIRECTION('',(0.,0.,1.));
#8423=DIRECTION('',(1.,0.,0.));
#8424=DIRECTION('',(0.,0.,-1.));
#8425=DIRECTION('',(-1.,0.,0.));
#8426=DIRECTION('',(0.,0.,1.));
#8427=DIRECTION('',(1.,0.,0.));
#8428=DIRECTION('',(0.,0.,1.));
#8429=DIRECTION('',(1.,0.,0.));
#8430=DIRECTION('',(0.,0.,-1.));
#8431=DIRECTION('',(0.,0.,-1.));
#8432=DIRECTION('',(0.,0.,-1.));
#8433=DIRECTION('',(-1.,0.,0.));
#8434=DIRECTION('',(0.,0.,1.));
#8435=DIRECTION('',(1.,0.,0.));
#8436=DIRECTION('',(0.,-0.707106781186548,0.707106781186548));
#8437=DIRECTION('',(0.,-0.707106781186548,-0.707106781186548));
#8438=DIRECTION('',(0.,-0.707106781186548,0.707106781186548));
#8439=DIRECTION('',(0.,-0.707106781186548,-0.707106781186548));
#8440=DIRECTION('',(0.,-0.707106781186548,0.707106781186548));
#8441=DIRECTION('',(0.,0.707106781186548,0.707106781186548));
#8442=DIRECTION('',(0.,-0.707106781186548,0.707106781186548));
#8443=DIRECTION('',(0.,0.707106781186548,0.707106781186548));
#8444=DIRECTION('',(-1.,0.,0.));
#8445=DIRECTION('',(0.,0.,1.));
#8446=DIRECTION('',(1.,0.,0.));
#8447=DIRECTION('',(0.,0.,-1.));
#8448=DIRECTION('',(1.,0.,0.));
#8449=DIRECTION('',(0.,0.,-1.));
#8450=DIRECTION('',(1.,0.,0.));
#8451=DIRECTION('',(0.,0.,-1.));
#8452=DIRECTION('',(-1.,0.,0.));
#8453=DIRECTION('',(0.,0.,1.));
#8454=DIRECTION('',(-1.,0.,0.));
#8455=DIRECTION('',(0.,0.,1.));
#8456=DIRECTION('',(1.,0.,0.));
#8457=DIRECTION('',(0.,0.,-1.));
#8458=DIRECTION('',(0.,0.,1.));
#8459=DIRECTION('',(0.,-1.,0.));
#8460=DIRECTION('',(0.,1.,0.));
#8461=DIRECTION('',(1.,0.,0.));
#8462=DIRECTION('',(0.,0.,-1.));
#8463=DIRECTION('',(0.,1.,0.));
#8464=DIRECTION('',(0.,0.,1.));
#8465=DIRECTION('',(0.,1.,0.));
#8466=DIRECTION('',(0.,0.,1.));
#8467=DIRECTION('',(1.,0.,0.));
#8468=DIRECTION('',(0.,0.,1.));
#8469=DIRECTION('',(1.,0.,0.));
#8470=DIRECTION('',(0.,0.,1.));
#8471=DIRECTION('',(1.,0.,0.));
#8472=DIRECTION('',(0.,0.,-1.));
#8473=DIRECTION('',(-1.,0.,0.));
#8474=DIRECTION('',(0.,0.,1.));
#8475=DIRECTION('',(1.,0.,0.));
#8476=DIRECTION('',(0.,0.,1.));
#8477=DIRECTION('',(1.,0.,0.));
#8478=DIRECTION('',(0.,0.,1.));
#8479=DIRECTION('',(1.,0.,0.));
#8480=DIRECTION('',(0.,-1.,0.));
#8481=DIRECTION('',(0.,0.,-1.));
#8482=DIRECTION('',(1.,0.,0.));
#8483=DIRECTION('',(0.,0.,-1.));
#8484=DIRECTION('',(1.,0.,0.));
#8485=DIRECTION('',(0.,0.,-1.));
#8486=DIRECTION('',(0.,0.,-1.));
#8487=DIRECTION('',(-1.,0.,0.));
#8488=DIRECTION('',(0.,0.,1.));
#8489=DIRECTION('',(1.,0.,0.));
#8490=DIRECTION('',(-0.707106781186546,0.,-0.707106781186549));
#8491=DIRECTION('',(-0.707106781186548,0.,0.707106781186548));
#8492=DIRECTION('',(0.,1.,0.));
#8493=DIRECTION('',(-0.707106781186548,0.,-0.707106781186548));
#8494=DIRECTION('',(0.,0.,1.));
#8495=DIRECTION('',(1.,0.,0.));
#8496=DIRECTION('',(0.707106781186548,0.,-0.707106781186548));
#8497=DIRECTION('',(0.,0.,1.));
#8498=DIRECTION('',(1.,0.,0.));
#8499=DIRECTION('',(-0.707106781186548,0.,-0.707106781186548));
#8500=DIRECTION('',(0.,-1.,0.));
#8501=DIRECTION('',(0.707106781186548,0.,-0.707106781186548));
#8502=DIRECTION('',(0.,0.,1.));
#8503=DIRECTION('',(1.,0.,0.));
#8504=DIRECTION('',(0.,0.,-1.));
#8505=DIRECTION('',(-1.,0.,0.));
#8506=DIRECTION('',(0.,0.,-1.));
#8507=DIRECTION('',(-1.,0.,0.));
#8508=DIRECTION('',(-0.707106781186551,0.,-0.707106781186545));
#8509=DIRECTION('',(0.707106781186545,0.,0.707106781186551));
#8510=DIRECTION('',(0.,1.,0.));
#8511=DIRECTION('',(-0.707106781186545,0.,0.707106781186551));
#8512=DIRECTION('',(0.,-1.,0.));
#8513=DIRECTION('',(-0.707106781186551,0.,-0.707106781186545));
#8514=DIRECTION('',(0.,0.,1.));
#8515=DIRECTION('',(1.,0.,0.));
#8516=DIRECTION('',(0.707106781186551,0.,-0.707106781186545));
#8517=DIRECTION('',(0.,-0.707106781186545,0.707106781186551));
#8518=DIRECTION('',(1.,0.,0.));
#8519=DIRECTION('',(-0.707106781186545,0.,-0.707106781186551));
#8520=DIRECTION('',(0.,1.,0.));
#8521=DIRECTION('',(0.707106781186551,0.,-0.707106781186545));
#8522=DIRECTION('',(0.,0.,-1.));
#8523=DIRECTION('',(-1.,0.,0.));
#8524=DIRECTION('',(0.707106781186545,0.,-0.707106781186551));
#8525=DIRECTION('',(0.,-1.,0.));
#8526=DIRECTION('',(0.,0.,-1.));
#8527=DIRECTION('',(-1.,0.,0.));
#8528=DIRECTION('',(0.,0.,1.));
#8529=DIRECTION('',(1.,0.,0.));
#8530=DIRECTION('',(0.,0.,1.));
#8531=DIRECTION('',(1.,0.,0.));
#8532=DIRECTION('',(0.,0.,1.));
#8533=DIRECTION('',(1.,0.,0.));
#8534=DIRECTION('',(0.,0.,-1.));
#8535=DIRECTION('',(-1.,0.,0.));
#8536=DIRECTION('',(0.,0.,1.));
#8537=DIRECTION('',(1.,0.,0.));
#8538=DIRECTION('',(0.,0.,-1.));
#8539=DIRECTION('',(-1.,0.,0.));
#8540=DIRECTION('',(0.,0.,1.));
#8541=DIRECTION('',(1.,0.,0.));
#8542=DIRECTION('',(0.,0.,1.));
#8543=DIRECTION('',(1.,0.,0.));
#8544=DIRECTION('',(0.,0.,-1.));
#8545=DIRECTION('',(-1.,0.,0.));
#8546=DIRECTION('',(0.,0.,1.));
#8547=DIRECTION('',(1.,0.,0.));
#8548=DIRECTION('',(0.,0.,1.));
#8549=DIRECTION('',(1.,0.,0.));
#8550=DIRECTION('',(0.,0.,1.));
#8551=DIRECTION('',(1.,0.,0.));
#8552=DIRECTION('',(0.,0.,1.));
#8553=DIRECTION('',(1.,0.,0.));
#8554=DIRECTION('',(0.,0.,1.));
#8555=DIRECTION('',(1.,0.,0.));
#8556=DIRECTION('',(0.,0.,-1.));
#8557=DIRECTION('',(-1.,0.,0.));
#8558=DIRECTION('',(0.,0.,-1.));
#8559=DIRECTION('',(-1.,0.,0.));
#8560=DIRECTION('',(0.,0.,1.));
#8561=DIRECTION('',(1.,0.,0.));
#8562=DIRECTION('',(0.,0.,1.));
#8563=DIRECTION('',(1.,0.,0.));
#8564=DIRECTION('',(0.,0.,1.));
#8565=DIRECTION('',(1.,0.,0.));
#8566=DIRECTION('',(0.,0.,1.));
#8567=DIRECTION('',(1.,0.,0.));
#8568=DIRECTION('',(0.,0.,1.));
#8569=DIRECTION('',(1.,0.,0.));
#8570=DIRECTION('',(0.,0.,1.));
#8571=DIRECTION('',(1.,0.,0.));
#8572=DIRECTION('',(0.,0.,1.));
#8573=DIRECTION('',(1.,0.,0.));
#8574=DIRECTION('',(0.,0.,1.));
#8575=DIRECTION('',(1.,0.,0.));
#8576=DIRECTION('',(0.,0.,-1.));
#8577=DIRECTION('',(-1.,0.,0.));
#8578=DIRECTION('',(0.,0.,1.));
#8579=DIRECTION('',(1.,0.,0.));
#8580=DIRECTION('',(0.,0.,-1.));
#8581=DIRECTION('',(-1.,0.,0.));
#8582=DIRECTION('',(0.,0.,1.));
#8583=DIRECTION('',(1.,0.,0.));
#8584=DIRECTION('',(0.,0.,1.));
#8585=DIRECTION('',(1.,0.,0.));
#8586=DIRECTION('',(0.,0.,1.));
#8587=DIRECTION('',(1.,0.,0.));
#8588=DIRECTION('',(0.,0.,1.));
#8589=DIRECTION('',(1.,0.,0.));
#8590=DIRECTION('',(0.,0.,1.));
#8591=DIRECTION('',(1.,0.,0.));
#8592=DIRECTION('',(0.,0.,1.));
#8593=DIRECTION('',(1.,0.,0.));
#8594=DIRECTION('',(0.,0.,1.));
#8595=DIRECTION('',(1.,0.,0.));
#8596=DIRECTION('',(0.,0.,-1.));
#8597=DIRECTION('',(-1.,0.,0.));
#8598=DIRECTION('',(0.,0.,1.));
#8599=DIRECTION('',(1.,0.,0.));
#8600=DIRECTION('',(0.,0.,1.));
#8601=DIRECTION('',(1.,0.,0.));
#8602=DIRECTION('',(0.,0.,1.));
#8603=DIRECTION('',(1.,0.,0.));
#8604=DIRECTION('',(0.,0.,-1.));
#8605=DIRECTION('',(-1.,0.,0.));
#8606=DIRECTION('',(0.,0.,-1.));
#8607=DIRECTION('',(-1.,0.,0.));
#8608=DIRECTION('',(0.,0.,1.));
#8609=DIRECTION('',(1.,0.,0.));
#8610=DIRECTION('',(0.,0.,1.));
#8611=DIRECTION('',(1.,0.,0.));
#8612=DIRECTION('',(0.,0.,-1.));
#8613=DIRECTION('',(-1.,0.,0.));
#8614=DIRECTION('',(0.,0.,1.));
#8615=DIRECTION('',(1.,0.,0.));
#8616=DIRECTION('',(-1.86142973891239E-105,-1.06504569514955E-45,-1.));
#8617=DIRECTION('',(1.,-1.7477463618601E-60,0.));
#8618=DIRECTION('',(0.,0.,1.));
#8619=DIRECTION('',(1.,0.,0.));
#8620=DIRECTION('',(0.,0.,-1.));
#8621=DIRECTION('',(0.,0.,1.));
#8622=DIRECTION('',(-1.,0.,0.));
#8623=DIRECTION('',(0.,0.,1.));
#8624=DIRECTION('',(0.,0.,-1.));
#8625=DIRECTION('',(1.,-1.06581410364015E-14,0.));
#8626=DIRECTION('',(0.,0.,1.));
#8627=DIRECTION('',(1.,0.,0.));
#8628=DIRECTION('',(0.,0.,-1.));
#8629=DIRECTION('',(0.,0.,1.));
#8630=DIRECTION('',(-1.,-1.06581410364015E-14,0.));
#8631=DIRECTION('',(0.,0.,1.));
#8632=DIRECTION('',(0.,0.,-1.));
#8633=DIRECTION('',(1.,0.,0.));
#8634=DIRECTION('',(0.,0.,1.));
#8635=DIRECTION('',(1.,0.,0.));
#8636=DIRECTION('',(0.,0.,-1.));
#8637=DIRECTION('',(0.,0.,1.));
#8638=DIRECTION('',(-1.,-2.22044604925031E-14,0.));
#8639=DIRECTION('',(0.,0.,1.));
#8640=DIRECTION('',(0.,0.,-1.));
#8641=DIRECTION('',(1.,-2.8421709430404E-14,0.));
#8642=DIRECTION('',(0.,0.,1.));
#8643=DIRECTION('',(1.,0.,0.));
#8644=DIRECTION('',(0.,0.,-1.));
#8645=DIRECTION('',(0.,0.,1.));
#8646=DIRECTION('',(-1.,-1.4210854715202E-14,0.));
#8647=DIRECTION('',(0.,0.,1.));
#8648=DIRECTION('',(0.,0.,-1.));
#8649=DIRECTION('',(1.,-4.44089209850063E-14,0.));
#8650=DIRECTION('',(0.,0.,1.));
#8651=DIRECTION('',(1.,0.,0.));
#8652=DIRECTION('',(0.,0.,-1.));
#8653=DIRECTION('',(0.,0.,1.));
#8654=DIRECTION('',(-1.,-6.12843109593086E-14,0.));
#8655=DIRECTION('',(0.,0.,1.));
#8656=DIRECTION('',(0.,0.,-1.));
#8657=DIRECTION('',(1.,0.,0.));
#8658=DIRECTION('',(0.,1.,0.));
#8659=DIRECTION('',(0.,0.,1.));
#8660=DIRECTION('',(0.,0.,-1.));
#8661=DIRECTION('',(-0.86602540378444,0.,-0.5));
#8662=DIRECTION('',(0.,0.,1.));
#8663=DIRECTION('',(0.86602540378444,0.,-0.5));
#8664=DIRECTION('',(0.,0.,-1.));
#8665=DIRECTION('',(-1.,0.,0.));
#8666=DIRECTION('',(0.,0.,-1.));
#8667=DIRECTION('',(1.,0.,0.));
#8668=DIRECTION('',(0.,0.,1.));
#8669=DIRECTION('',(1.,0.,0.));
#8670=DIRECTION('',(0.,0.,-1.));
#8671=DIRECTION('',(1.,0.,0.));
#8672=DIRECTION('',(0.,0.,-1.));
#8673=DIRECTION('',(-1.,0.,0.));
#8674=DIRECTION('',(0.,0.,1.));
#8675=DIRECTION('',(1.,0.,0.));
#8676=DIRECTION('',(0.,0.,-1.));
#8677=DIRECTION('',(-1.,0.,0.));
#8678=DIRECTION('',(0.,0.,1.));
#8679=DIRECTION('',(1.,0.,0.));
#8680=DIRECTION('',(0.,0.,-1.));
#8681=DIRECTION('',(-1.,0.,0.));
#8682=DIRECTION('',(0.,0.,1.));
#8683=DIRECTION('',(-1.,0.,0.));
#8684=DIRECTION('',(0.,0.,-1.));
#8685=DIRECTION('',(-1.,0.,0.));
#8686=DIRECTION('',(-1.04992394192353E-14,-9.19312622731515E-15,-1.));
#8687=DIRECTION('',(-0.923879529311503,-0.382683440090052,1.34304056436343E-14));
#8688=DIRECTION('',(0.,0.,1.));
#8689=DIRECTION('',(1.,0.,0.));
#8690=DIRECTION('',(0.,0.,-1.));
#8691=DIRECTION('',(-1.,0.,0.));
#8692=DIRECTION('',(0.,0.,-1.));
#8693=DIRECTION('',(1.,8.88178419700125E-16,0.));
#8694=DIRECTION('',(0.,0.,-1.));
#8695=DIRECTION('',(-1.,0.,0.));
#8696=DIRECTION('',(0.,0.,-1.));
#8697=DIRECTION('',(-1.,0.,0.));
#8698=DIRECTION('',(0.,0.,1.));
#8699=DIRECTION('',(1.,0.,0.));
#8700=DIRECTION('',(0.866025403784439,-0.5,0.));
#8701=DIRECTION('',(0.5,0.866025403784439,0.));
#8702=DIRECTION('',(0.,0.,1.));
#8703=DIRECTION('',(0.,-1.,0.));
#8704=DIRECTION('',(1.,0.,0.));
#8705=DIRECTION('',(0.,-1.,0.));
#8706=DIRECTION('',(0.,0.,-1.));
#8707=DIRECTION('',(-0.866025403784439,-0.5,0.));
#8708=DIRECTION('',(0.5,-0.866025403784439,0.));
#8709=DIRECTION('',(-0.866025403784439,0.5,0.));
#8710=DIRECTION('',(-0.5,-0.866025403784439,0.));
#8711=DIRECTION('',(0.,1.,0.));
#8712=DIRECTION('',(0.,0.,1.));
#8713=DIRECTION('',(0.866025403784439,0.5,0.));
#8714=DIRECTION('',(-0.5,0.866025403784439,0.));
#8715=DIRECTION('',(0.,0.,-1.));
#8716=DIRECTION('',(0.,0.,1.));
#8717=DIRECTION('',(1.,0.,0.));
#8718=DIRECTION('',(0.,0.,-1.));
#8719=DIRECTION('',(1.,0.,0.));
#8720=DIRECTION('',(0.,0.,-1.));
#8721=DIRECTION('',(-1.,0.,0.));
#8722=DIRECTION('',(0.,0.,1.));
#8723=DIRECTION('',(-1.,3.37507799486048E-14,0.));
#8724=DIRECTION('',(0.,0.,1.));
#8725=DIRECTION('',(1.,0.,0.));
#8726=DIRECTION('',(0.,0.,-1.));
#8727=DIRECTION('',(-1.,0.,0.));
#8728=DIRECTION('',(0.,0.,-1.));
#8729=DIRECTION('',(-1.,0.,0.));
#8730=DIRECTION('',(0.,0.,-1.));
#8731=DIRECTION('',(0.,1.,0.));
#8732=DIRECTION('',(0.,0.,-1.));
#8733=DIRECTION('',(-1.,0.,0.));
#8734=DIRECTION('',(0.,0.,-1.));
#8735=DIRECTION('',(-1.,0.,0.));
#8736=DIRECTION('',(0.,0.,-1.));
#8737=DIRECTION('',(-1.,0.,0.));
#8738=DIRECTION('',(0.,0.,-1.));
#8739=DIRECTION('',(-1.,0.,0.));
#8740=DIRECTION('',(0.,0.,-1.));
#8741=DIRECTION('',(-1.,0.,0.));
#8742=DIRECTION('',(0.,0.,-1.));
#8743=DIRECTION('',(-1.,0.,0.));
#8744=DIRECTION('',(0.,0.,-1.));
#8745=DIRECTION('',(-1.,0.,0.));
#8746=DIRECTION('',(0.,0.,-1.));
#8747=DIRECTION('',(-1.,0.,0.));
#8748=DIRECTION('',(0.,-1.,0.));
#8749=DIRECTION('',(0.,0.,-1.));
#8750=DIRECTION('',(0.,-1.,0.));
#8751=DIRECTION('',(0.,0.,-1.));
#8752=DIRECTION('',(0.,-1.,0.));
#8753=DIRECTION('',(0.,0.,-1.));
#8754=DIRECTION('',(0.,0.,-1.));
#8755=DIRECTION('',(-1.,0.,0.));
#8756=DIRECTION('',(0.,0.,1.));
#8757=DIRECTION('',(1.,0.,0.));
#8758=DIRECTION('',(0.,0.,-1.));
#8759=DIRECTION('',(-1.,0.,0.));
#8760=DIRECTION('',(0.,0.,1.));
#8761=DIRECTION('',(1.,-4.04058205002221E-16,0.));
#8762=DIRECTION('',(1.73948340816168E-105,1.03442333515639E-45,-1.));
#8763=DIRECTION('',(1.,-1.68159722334444E-60,0.));
#8764=DIRECTION('',(1.,-1.89197669119786E-15,1.77635683940024E-15));
#8765=DIRECTION('',(1.89197669119786E-15,1.,6.57522029077522E-17));
#8766=DIRECTION('',(1.,-1.88278159252779E-15,4.11092394267919E-16));
#8767=DIRECTION('',(-4.11092394267918E-16,6.00792328364153E-16,1.));
#8768=DIRECTION('',(-1.,2.78015511089787E-15,-4.9960036108132E-16));
#8769=DIRECTION('',(4.9960036108132E-16,-6.57522029077466E-17,-1.));
#8770=CARTESIAN_POINT('',(0.,0.,0.));
#8771=CARTESIAN_POINT('',(0.,1.14810637420064E-19,0.002));
#8772=CARTESIAN_POINT('',(0.,1.14810637420064E-19,0.0018));
#8773=CARTESIAN_POINT('',(0.001875,1.14810637420064E-19,0.0018));
#8774=CARTESIAN_POINT('',(0.,1.14810637420064E-19,0.0002));
#8775=CARTESIAN_POINT('',(0.001875,1.14810637420064E-19,0.0002));
#8776=CARTESIAN_POINT('',(0.,0.,0.002));
#8777=CARTESIAN_POINT('',(0.,1.14810637420064E-19,0.002));
#8778=CARTESIAN_POINT('',(0.001675,1.14810637420064E-19,0.002));
#8779=CARTESIAN_POINT('',(0.,1.76042977377432E-19,0.002));
#8780=CARTESIAN_POINT('',(0.001,1.76042977377432E-19,0.002));
#8781=CARTESIAN_POINT('',(0.,0.,0.));
#8782=CARTESIAN_POINT('',(0.,1.14810637420064E-19,0.));
#8783=CARTESIAN_POINT('',(0.001675,1.14810637420064E-19,0.));
#8784=CARTESIAN_POINT('',(0.000501563683953203,-0.000865120726222237,0.));
#8785=CARTESIAN_POINT('',(0.00100104136811914,-0.000575542798276115,0.));
#8786=CARTESIAN_POINT('',(2.08599978726966E-6,-0.00115469865416836,0.));
#8787=CARTESIAN_POINT('',(0.000999998368225501,1.80652880806421E-6,0.));
#8788=CARTESIAN_POINT('',(0.000998955368331866,0.000579155855892244,0.));
#8789=CARTESIAN_POINT('',(0.000498434684272298,0.000866927255030302,0.));
#8790=CARTESIAN_POINT('',(-2.08599978727053E-6,0.00115469865416836,0.));
#8791=CARTESIAN_POINT('',(-0.000501563683953203,0.000865120726222237,0.));
#8792=CARTESIAN_POINT('',(-0.00100104136811914,0.000575542798276115,0.));
#8793=CARTESIAN_POINT('',(-0.000999998368225501,-1.80652880806464E-6,0.));
#8794=CARTESIAN_POINT('',(-0.000998955368331866,-0.000579155855892244,0.));
#8795=CARTESIAN_POINT('',(-0.000498434684272298,-0.000866927255030302,0.));
#8796=CARTESIAN_POINT('',(0.,1.76042977377432E-19,0.005));
#8797=CARTESIAN_POINT('',(0.,1.76042977377432E-19,0.0048));
#8798=CARTESIAN_POINT('',(0.001,1.76042977377432E-19,0.0048));
#8799=CARTESIAN_POINT('',(0.,0.,0.005));
#8800=CARTESIAN_POINT('',(0.,1.76042977377432E-19,0.005));
#8801=CARTESIAN_POINT('',(0.0008,1.76042977377432E-19,0.005));
#8802=CARTESIAN_POINT('',(0.000999998368225501,1.80652880806421E-6,0.001));
#8803=CARTESIAN_POINT('',(0.00100104136811914,-0.000575542798276115,0.001));
#8804=CARTESIAN_POINT('',(0.00100104136811914,-0.000575542798276115,0.001));
#8805=CARTESIAN_POINT('',(0.000999998368225501,1.80652880806421E-6,0.001));
#8806=CARTESIAN_POINT('',(0.000998955368331866,0.000579155855892244,0.001));
#8807=CARTESIAN_POINT('',(0.000998955368331866,0.000579155855892244,0.001));
#8808=CARTESIAN_POINT('',(0.000501563683953203,-0.000865120726222237,0.001));
#8809=CARTESIAN_POINT('',(2.08599978726966E-6,-0.00115469865416836,0.001));
#8810=CARTESIAN_POINT('',(2.08599978726966E-6,-0.00115469865416836,0.001));
#8811=CARTESIAN_POINT('',(0.000501563683953203,-0.000865120726222237,0.001));
#8812=CARTESIAN_POINT('',(-0.000498434684272298,-0.000866927255030302,0.001));
#8813=CARTESIAN_POINT('',(-0.000998955368331866,-0.000579155855892244,0.001));
#8814=CARTESIAN_POINT('',(-0.000998955368331866,-0.000579155855892244,0.001));
#8815=CARTESIAN_POINT('',(-0.000498434684272298,-0.000866927255030302,0.001));
#8816=CARTESIAN_POINT('',(-0.000999998368225501,-1.80652880806464E-6,0.001));
#8817=CARTESIAN_POINT('',(-0.00100104136811914,0.000575542798276115,0.001));
#8818=CARTESIAN_POINT('',(-0.00100104136811914,0.000575542798276115,0.001));
#8819=CARTESIAN_POINT('',(-0.000999998368225501,-1.80652880806464E-6,0.001));
#8820=CARTESIAN_POINT('',(-0.000501563683953203,0.000865120726222237,0.001));
#8821=CARTESIAN_POINT('',(-2.08599978727053E-6,0.00115469865416836,0.001));
#8822=CARTESIAN_POINT('',(-2.08599978727053E-6,0.00115469865416836,0.001));
#8823=CARTESIAN_POINT('',(-0.000501563683953203,0.000865120726222237,0.001));
#8824=CARTESIAN_POINT('',(0.000498434684272298,0.000866927255030302,0.001));
#8825=CARTESIAN_POINT('',(0.000498434684272298,0.000866927255030302,0.001));
#8826=CARTESIAN_POINT('',(0.,0.,0.001));
#8827=CARTESIAN_POINT('',(0.,1.76042977377432E-19,0.005));
#8828=CARTESIAN_POINT('',(0.,1.14810637420064E-19,0.002));
#8829=CARTESIAN_POINT('',(0.,1.14810637420064E-19,0.0002));
#8830=CARTESIAN_POINT('',(0.00506358004504834,0.00650292328594966,0.0625278706195059));
#8831=CARTESIAN_POINT('',(-0.0117364199549518,0.00650292328594965,0.0625278706195059));
#8832=CARTESIAN_POINT('',(-0.00375,1.4041684040661E-19,0.));
#8833=CARTESIAN_POINT('',(-0.00375,1.4041684040661E-19,0.0002));
#8834=CARTESIAN_POINT('',(-0.00025,1.4041684040661E-19,0.0002));
#8835=CARTESIAN_POINT('',(-0.00688416984250158,0.00156748256250854,0.00163321537473037));
#8836=CARTESIAN_POINT('',(-0.00698288069248277,0.0013429493658739,0.00200011145758161));
#8837=CARTESIAN_POINT('',(-0.00688430738756734,0.00156718810125052,0.00236633879494318));
#8838=CARTESIAN_POINT('',(-0.00672569250451923,0.00185375539507188,0.00257266939387829));
#8839=CARTESIAN_POINT('',(-0.00651839532405339,0.00215175371304852,0.00272569784852309));
#8840=CARTESIAN_POINT('',(-0.00618875927087717,0.0025355950965475,0.0028324987273184));
#8841=CARTESIAN_POINT('',(-0.00564756329572675,0.00296997287257513,0.00275965331503704));
#8842=CARTESIAN_POINT('',(-0.00520275901553771,0.00318343204734199,0.00200584304455268));
#8843=CARTESIAN_POINT('',(-0.00564147006027535,0.00297352215690411,0.00124278941425194));
#8844=CARTESIAN_POINT('',(-0.00618476219371377,0.00253974457216577,0.00116697439015095));
#8845=CARTESIAN_POINT('',(-0.00651699858606867,0.00215367715284582,0.00127338851162953));
#8846=CARTESIAN_POINT('',(-0.00672530685175116,0.00185443068678772,0.00142689677864698));
#8847=CARTESIAN_POINT('',(-0.00688416984250158,0.00156748256250854,0.00163321537473037));
#8848=CARTESIAN_POINT('',(-0.00698288069248277,0.0013429493658739,0.00200011145758161));
#8849=CARTESIAN_POINT('',(-0.00688430738756734,0.00156718810125052,0.00236633879494318));
#8850=CARTESIAN_POINT('',(-0.00695,0.00141774468787578,0.002));
#8851=CARTESIAN_POINT('',(-0.00375,1.4041684040661E-19,0.0135));
#8852=CARTESIAN_POINT('',(-0.00025,1.4041684040661E-19,0.0135));
#8853=CARTESIAN_POINT('',(-0.00688416984250158,-0.00156748256250855,0.00236678462526963));
#8854=CARTESIAN_POINT('',(-0.00698288069248277,-0.00134294936587391,0.00199988854241839));
#8855=CARTESIAN_POINT('',(-0.00688430738756734,-0.00156718810125051,0.00163366120505682));
#8856=CARTESIAN_POINT('',(-0.00672569250451923,-0.00185375539507187,0.00142733060612171));
#8857=CARTESIAN_POINT('',(-0.00651839532405339,-0.00215175371304852,0.00127430215147691));
#8858=CARTESIAN_POINT('',(-0.00618875927087717,-0.0025355950965475,0.0011675012726816));
#8859=CARTESIAN_POINT('',(-0.00564756329572675,-0.00296997287257513,0.00124034668496296));
#8860=CARTESIAN_POINT('',(-0.00520275901553771,-0.00318343204734199,0.00199415695544732));
#8861=CARTESIAN_POINT('',(-0.00564147006027535,-0.00297352215690411,0.00275721058574806));
#8862=CARTESIAN_POINT('',(-0.00618476219371376,-0.00253974457216577,0.00283302560984904));
#8863=CARTESIAN_POINT('',(-0.00651699858606867,-0.00215367715284582,0.00272661148837047));
#8864=CARTESIAN_POINT('',(-0.00672530685175116,-0.00185443068678771,0.00257310322135302));
#8865=CARTESIAN_POINT('',(-0.00688416984250158,-0.00156748256250855,0.00236678462526963));
#8866=CARTESIAN_POINT('',(-0.00698288069248277,-0.00134294936587391,0.00199988854241839));
#8867=CARTESIAN_POINT('',(-0.00688430738756734,-0.00156718810125051,0.00163366120505682));
#8868=CARTESIAN_POINT('',(-0.00695,-0.00141774468787578,0.002));
#8869=CARTESIAN_POINT('',(0.,-0.0044,0.0135));
#8870=CARTESIAN_POINT('',(-0.00615,-0.0044,0.002));
#8871=CARTESIAN_POINT('',(-0.00695,-0.0044,0.002));
#8872=CARTESIAN_POINT('',(0.00415,-0.0044,0.002));
#8873=CARTESIAN_POINT('',(0.00335,-0.0044,0.002));
#8874=CARTESIAN_POINT('',(-0.00715,-0.0044,0.0055));
#8875=CARTESIAN_POINT('',(-0.00715,-0.0044,0.00373333333333333));
#8876=CARTESIAN_POINT('',(-0.00715,-0.0044,0.00196666666666667));
#8877=CARTESIAN_POINT('',(-0.00715,-0.0044,0.000199999999999999));
#8878=CARTESIAN_POINT('',(-0.00715,-0.0044,0.0055));
#8879=CARTESIAN_POINT('',(-0.00715,-0.0044,0.0002));
#8880=CARTESIAN_POINT('',(0.00715,-0.0044,0.0002));
#8881=CARTESIAN_POINT('',(0.00715,-0.0044,0.0002));
#8882=CARTESIAN_POINT('',(0.00715,-0.0044,0.000199999999999999));
#8883=CARTESIAN_POINT('',(0.00715,-0.0044,0.00196666666666667));
#8884=CARTESIAN_POINT('',(0.00715,-0.0044,0.00373333333333333));
#8885=CARTESIAN_POINT('',(0.00715,-0.0044,0.0055));
#8886=CARTESIAN_POINT('',(0.00715,-0.0044,0.0055));
#8887=CARTESIAN_POINT('',(0.,-0.0044,0.0055));
#8888=CARTESIAN_POINT('',(-0.00525,-0.0044,0.0055));
#8889=CARTESIAN_POINT('',(-0.00525,-0.0044,0.0055));
#8890=CARTESIAN_POINT('',(-0.00525,-0.0044,0.00710944059763208));
#8891=CARTESIAN_POINT('',(-0.00525000000000001,-0.0044,0.00710944059763205));
#8892=CARTESIAN_POINT('',(-0.00527028845351914,-0.0044,0.00710944059763205));
#8893=CARTESIAN_POINT('',(-0.00529048813030202,-0.0044,0.00711006034468768));
#8894=CARTESIAN_POINT('',(-0.00531060260234184,-0.0044,0.00711127490284883));
#8895=CARTESIAN_POINT('',(-0.00531060260234184,-0.0044,0.00711127490284882));
#8896=CARTESIAN_POINT('',(-0.00531060260234184,-0.0044,0.0055));
#8897=CARTESIAN_POINT('',(-0.00531060260234184,-0.0044,0.0055));
#8898=CARTESIAN_POINT('',(0.,-0.0044,0.0055));
#8899=CARTESIAN_POINT('',(0.,0.0044,0.0135));
#8900=CARTESIAN_POINT('',(-0.00615,0.0044,0.002));
#8901=CARTESIAN_POINT('',(-0.00535,0.0044,0.002));
#8902=CARTESIAN_POINT('',(0.00415,0.0044,0.002));
#8903=CARTESIAN_POINT('',(0.00495,0.0044,0.002));
#8904=CARTESIAN_POINT('',(0.00715,0.0044,0.0055));
#8905=CARTESIAN_POINT('',(0.00715,0.0044,0.00373333333333333));
#8906=CARTESIAN_POINT('',(0.00715,0.0044,0.00196666666666667));
#8907=CARTESIAN_POINT('',(0.00715,0.0044,0.000199999999999999));
#8908=CARTESIAN_POINT('',(0.00715,0.0044,0.0055));
#8909=CARTESIAN_POINT('',(0.00715,0.0044,0.0002));
#8910=CARTESIAN_POINT('',(0.,0.0044,0.0002));
#8911=CARTESIAN_POINT('',(-0.00715,0.0044,0.0002));
#8912=CARTESIAN_POINT('',(-0.00715,0.0044,0.000199999999999999));
#8913=CARTESIAN_POINT('',(-0.00715,0.0044,0.00196666666666667));
#8914=CARTESIAN_POINT('',(-0.00715,0.0044,0.00373333333333333));
#8915=CARTESIAN_POINT('',(-0.00715,0.0044,0.0055));
#8916=CARTESIAN_POINT('',(-0.00715,0.0044,0.0055));
#8917=CARTESIAN_POINT('',(0.,0.0044,0.0055));
#8918=CARTESIAN_POINT('',(-0.00531060260234184,0.0044,0.0055));
#8919=CARTESIAN_POINT('',(-0.00531060260234184,0.0044,0.0055));
#8920=CARTESIAN_POINT('',(-0.00531060260234184,0.0044,0.00711127490284883));
#8921=CARTESIAN_POINT('',(-0.00525000000000001,0.0044,0.00710944059763205));
#8922=CARTESIAN_POINT('',(-0.00527028845351914,0.0044,0.00710944059763205));
#8923=CARTESIAN_POINT('',(-0.00529048813030202,0.0044,0.00711006034468768));
#8924=CARTESIAN_POINT('',(-0.00531060260234184,0.0044,0.00711127490284883));
#8925=CARTESIAN_POINT('',(-0.00525,0.0044,0.00710944059763208));
#8926=CARTESIAN_POINT('',(-0.00525,0.0044,0.0055));
#8927=CARTESIAN_POINT('',(-0.00525,0.0044,0.0055));
#8928=CARTESIAN_POINT('',(0.,0.0044,0.0055));
#8929=CARTESIAN_POINT('',(-1.7347234759768E-18,-8.67361737988404E-19,0.0055));
#8930=CARTESIAN_POINT('',(-0.00531060260234289,0.00439999999999916,0.00711127490284608));
#8931=CARTESIAN_POINT('',(-0.00529071602759074,0.00442400220355154,0.00709572513424733));
#8932=CARTESIAN_POINT('',(-0.00527054218407413,0.00444802075200162,0.00708058681885822));
#8933=CARTESIAN_POINT('',(-0.00524999999999999,0.00447213595499957,0.0070660969430569));
#8934=CARTESIAN_POINT('',(-0.00525,0.00447213595499958,0.0070660969430569));
#8935=CARTESIAN_POINT('',(-1.7347234759768E-18,-8.67361737988404E-19,0.0055));
#8936=CARTESIAN_POINT('',(-0.00525,0.00447213595499958,0.0055));
#8937=CARTESIAN_POINT('',(-0.00525,0.00447213595499958,0.0055));
#8938=CARTESIAN_POINT('',(-0.00525,8.67361737988404E-19,0.0055));
#8939=CARTESIAN_POINT('',(-0.00525,0.005,0.00674892422621555));
#8940=CARTESIAN_POINT('',(-0.00525,8.67361737988404E-19,0.0055));
#8941=CARTESIAN_POINT('',(-1.7347234759768E-18,-8.67361737988404E-19,0.0055));
#8942=CARTESIAN_POINT('',(-0.00525,-0.00447213595499957,0.0070660969430569));
#8943=CARTESIAN_POINT('',(-0.00527054218407413,-0.00444802075200162,0.00708058681885822));
#8944=CARTESIAN_POINT('',(-0.00529071602759074,-0.00442400220355155,0.00709572513424732));
#8945=CARTESIAN_POINT('',(-0.00531060260234289,-0.00439999999999916,0.00711127490284608));
#8946=CARTESIAN_POINT('',(-0.00525,-0.00447213595499957,0.0070660969430569));
#8947=CARTESIAN_POINT('',(-0.00525,-0.00447213595499957,0.0055));
#8948=CARTESIAN_POINT('',(-0.00525,-0.00447213595499957,0.0055));
#8949=CARTESIAN_POINT('',(-1.7347234759768E-18,-8.67361737988404E-19,0.0055));
#8950=CARTESIAN_POINT('',(-0.00525,8.67361737988404E-19,0.0055));
#8951=CARTESIAN_POINT('',(-0.00525,-0.005,0.00674892422621555));
#8952=CARTESIAN_POINT('',(-0.00525,8.67361737988404E-19,0.0055));
#8953=CARTESIAN_POINT('',(-0.00815,-8.67361737988404E-19,0.0135));
#8954=CARTESIAN_POINT('',(-0.00815,0.0034,0.0055));
#8955=CARTESIAN_POINT('',(-0.00815,0.0034,0.00373333333333333));
#8956=CARTESIAN_POINT('',(-0.00815,0.0034,0.00196666666666667));
#8957=CARTESIAN_POINT('',(-0.00815,0.0034,0.000199999999999999));
#8958=CARTESIAN_POINT('',(-0.00815,0.0034,0.0055));
#8959=CARTESIAN_POINT('',(-0.00815,0.0034,0.0002));
#8960=CARTESIAN_POINT('',(-0.00815,-0.0034,0.0002));
#8961=CARTESIAN_POINT('',(-0.00815,-0.0034,0.0002));
#8962=CARTESIAN_POINT('',(-0.00815,-0.0034,0.000199999999999999));
#8963=CARTESIAN_POINT('',(-0.00815,-0.0034,0.00196666666666667));
#8964=CARTESIAN_POINT('',(-0.00815,-0.0034,0.00373333333333333));
#8965=CARTESIAN_POINT('',(-0.00815,-0.0034,0.0055));
#8966=CARTESIAN_POINT('',(-0.00815,-0.0034,0.0055));
#8967=CARTESIAN_POINT('',(-0.00815,-8.67361737988404E-19,0.0055));
#8968=CARTESIAN_POINT('',(0.00815,8.67361737988404E-19,0.0135));
#8969=CARTESIAN_POINT('',(0.00815,-0.0034,0.0055));
#8970=CARTESIAN_POINT('',(0.00815,-0.0034,0.00373333333333333));
#8971=CARTESIAN_POINT('',(0.00815,-0.0034,0.00196666666666667));
#8972=CARTESIAN_POINT('',(0.00815,-0.0034,0.000199999999999999));
#8973=CARTESIAN_POINT('',(0.00815,-0.0034,0.0055));
#8974=CARTESIAN_POINT('',(0.00815,-0.0034,0.0002));
#8975=CARTESIAN_POINT('',(0.00815,8.67361737988404E-19,0.0002));
#8976=CARTESIAN_POINT('',(0.00815,0.0034,0.0002));
#8977=CARTESIAN_POINT('',(0.00815,0.0034,0.000199999999999999));
#8978=CARTESIAN_POINT('',(0.00815,0.0034,0.00196666666666667));
#8979=CARTESIAN_POINT('',(0.00815,0.0034,0.00373333333333333));
#8980=CARTESIAN_POINT('',(0.00815,0.0034,0.0055));
#8981=CARTESIAN_POINT('',(0.00815,0.0034,0.0055));
#8982=CARTESIAN_POINT('',(0.00815,8.67361737988404E-19,0.0055));
#8983=CARTESIAN_POINT('',(0.,0.,0.0135));
#8984=CARTESIAN_POINT('',(0.,5.67126845503259E-19,0.0135));
#8985=CARTESIAN_POINT('',(0.00906188425753637,5.67126845503259E-19,0.0135));
#8986=CARTESIAN_POINT('',(-0.00525,-0.005,0.0135));
#8987=CARTESIAN_POINT('',(-0.0065,-0.005,0.0135));
#8988=CARTESIAN_POINT('',(0.00475,-0.005,0.0135));
#8989=CARTESIAN_POINT('',(0.0035,-0.005,0.0135));
#8990=CARTESIAN_POINT('',(0.00475,0.005,0.0135));
#8991=CARTESIAN_POINT('',(0.0035,0.005,0.0135));
#8992=CARTESIAN_POINT('',(-0.00525,0.005,0.0135));
#8993=CARTESIAN_POINT('',(-0.0065,0.005,0.0135));
#8994=CARTESIAN_POINT('',(0.,0.,0.));
#8995=CARTESIAN_POINT('',(-0.00375,1.4041684040661E-19,0.));
#8996=CARTESIAN_POINT('',(-4.99999999999997E-5,1.4041684040661E-19,0.));
#8997=CARTESIAN_POINT('',(-0.00715,-0.0042,0.));
#8998=CARTESIAN_POINT('',(-0.00768510343475365,-0.00421781181681153,0.));
#8999=CARTESIAN_POINT('',(-0.00796802972440056,-0.00394143120243914,0.));
#9000=CARTESIAN_POINT('',(-0.00795,-0.0034,0.));
#9001=CARTESIAN_POINT('',(-0.00715,-0.0042,0.));
#9002=CARTESIAN_POINT('',(-0.00795,-0.0034,0.));
#9003=CARTESIAN_POINT('',(-0.00795,0.0034,0.));
#9004=CARTESIAN_POINT('',(-0.00795,0.0034,0.));
#9005=CARTESIAN_POINT('',(-0.00795,0.0034,0.));
#9006=CARTESIAN_POINT('',(-0.00796781181681152,0.00393510343475361,0.));
#9007=CARTESIAN_POINT('',(-0.00769143120243919,0.00421802972440057,0.));
#9008=CARTESIAN_POINT('',(-0.00715,0.0042,0.));
#9009=CARTESIAN_POINT('',(-0.00715,0.0042,0.));
#9010=CARTESIAN_POINT('',(-4.46983963135129E-19,0.0042,0.));
#9011=CARTESIAN_POINT('',(0.00715,0.0042,0.));
#9012=CARTESIAN_POINT('',(0.00715,0.0042,0.));
#9013=CARTESIAN_POINT('',(0.00768510343475365,0.00421781181681153,0.));
#9014=CARTESIAN_POINT('',(0.00796802972440056,0.00394143120243914,0.));
#9015=CARTESIAN_POINT('',(0.00795,0.0034,0.));
#9016=CARTESIAN_POINT('',(0.00795,0.0034,0.));
#9017=CARTESIAN_POINT('',(0.00795,0.,0.));
#9018=CARTESIAN_POINT('',(0.00795,-0.0034,0.));
#9019=CARTESIAN_POINT('',(0.00795,-0.0034,0.));
#9020=CARTESIAN_POINT('',(0.00796781181681152,-0.00393510343475361,0.));
#9021=CARTESIAN_POINT('',(0.00769143120243919,-0.00421802972440057,0.));
#9022=CARTESIAN_POINT('',(0.00715,-0.0042,0.));
#9023=CARTESIAN_POINT('',(0.00715,-0.0042,0.));
#9024=CARTESIAN_POINT('',(-0.00715,-0.0042,0.));
#9025=CARTESIAN_POINT('',(0.,5.67126845503259E-19,0.0055));
#9026=CARTESIAN_POINT('',(0.,5.67126845503259E-19,0.0133));
#9027=CARTESIAN_POINT('',(0.00926188425753637,5.67126845503259E-19,0.0133));
#9028=CARTESIAN_POINT('',(0.,5.67126845503259E-19,0.0057));
#9029=CARTESIAN_POINT('',(-0.00815,0.0044,0.0057));
#9030=CARTESIAN_POINT('',(-0.00815,-0.0044,0.0057));
#9031=CARTESIAN_POINT('',(0.,5.67126845503259E-19,0.0057));
#9032=CARTESIAN_POINT('',(0.00815,-0.0044,0.0057));
#9033=CARTESIAN_POINT('',(0.,5.67126845503259E-19,0.0057));
#9034=CARTESIAN_POINT('',(0.00815,0.0044,0.0057));
#9035=CARTESIAN_POINT('',(0.,5.67126845503259E-19,0.0057));
#9036=CARTESIAN_POINT('',(0.,0.,0.0055));
#9037=CARTESIAN_POINT('',(0.,5.67126845503259E-19,0.0055));
#9038=CARTESIAN_POINT('',(0.00797400989316254,0.00430498693618591,0.0055));
#9039=CARTESIAN_POINT('',(0.00797400989316254,-0.00430498693618591,0.0055));
#9040=CARTESIAN_POINT('',(0.,5.67126845503259E-19,0.0055));
#9041=CARTESIAN_POINT('',(-0.00797400989316254,-0.00430498693618591,0.0055));
#9042=CARTESIAN_POINT('',(0.,5.67126845503259E-19,0.0055));
#9043=CARTESIAN_POINT('',(-0.00797400989316254,0.00430498693618591,0.0055));
#9044=CARTESIAN_POINT('',(0.,5.67126845503259E-19,0.0055));
#9045=CARTESIAN_POINT('',(0.00715,-0.0044,0.0055));
#9046=CARTESIAN_POINT('',(0.00728560278264006,-0.0044,0.0055));
#9047=CARTESIAN_POINT('',(0.00755820054113614,-0.00438196816425357,0.00549999999999999));
#9048=CARTESIAN_POINT('',(0.00792692484257896,-0.00417800406124138,0.0055));
#9049=CARTESIAN_POINT('',(0.00813221777416012,-0.00380789674894641,0.0055));
#9050=CARTESIAN_POINT('',(0.00815,-0.0035360418532481,0.0055));
#9051=CARTESIAN_POINT('',(0.00815,-0.0034,0.0055));
#9052=CARTESIAN_POINT('',(0.00815,0.0034,0.0055));
#9053=CARTESIAN_POINT('',(0.00815,0.00353560278264006,0.0055));
#9054=CARTESIAN_POINT('',(0.00813196816425358,0.00380820054113616,0.00550000000000001));
#9055=CARTESIAN_POINT('',(0.00792800406124138,0.00417692484257896,0.0055));
#9056=CARTESIAN_POINT('',(0.00755789674894642,0.00438221777416012,0.0055));
#9057=CARTESIAN_POINT('',(0.0072860418532481,0.0044,0.0055));
#9058=CARTESIAN_POINT('',(0.00715,0.0044,0.0055));
#9059=CARTESIAN_POINT('',(-0.00715,0.0044,0.0055));
#9060=CARTESIAN_POINT('',(-0.00728560278264006,0.0044,0.0055));
#9061=CARTESIAN_POINT('',(-0.00755820054113614,0.00438196816425357,0.00549999999999999));
#9062=CARTESIAN_POINT('',(-0.00792692484257896,0.00417800406124138,0.0055));
#9063=CARTESIAN_POINT('',(-0.00813221777416012,0.00380789674894641,0.0055));
#9064=CARTESIAN_POINT('',(-0.00815,0.0035360418532481,0.0055));
#9065=CARTESIAN_POINT('',(-0.00815,0.0034,0.0055));
#9066=CARTESIAN_POINT('',(-0.00815,-0.0034,0.0055));
#9067=CARTESIAN_POINT('',(-0.00815,-0.00353560278264006,0.0055));
#9068=CARTESIAN_POINT('',(-0.00813196816425358,-0.00380820054113616,0.00550000000000001));
#9069=CARTESIAN_POINT('',(-0.00792800406124138,-0.00417692484257896,0.0055));
#9070=CARTESIAN_POINT('',(-0.00755789674894642,-0.00438221777416012,0.0055));
#9071=CARTESIAN_POINT('',(-0.0072860418532481,-0.0044,0.0055));
#9072=CARTESIAN_POINT('',(-0.00715,-0.0044,0.0055));
#9073=CARTESIAN_POINT('',(-0.00715,0.0044,0.000199999999999999));
#9074=CARTESIAN_POINT('',(-0.00715,0.0044,0.0055));
#9075=CARTESIAN_POINT('',(-0.0073,0.0044,0.000199999999999999));
#9076=CARTESIAN_POINT('',(-0.0073,0.0044,0.0055));
#9077=CARTESIAN_POINT('',(-0.00745,0.0044,0.000199999999999999));
#9078=CARTESIAN_POINT('',(-0.00745,0.0044,0.0055));
#9079=CARTESIAN_POINT('',(-0.00781666666666667,0.0043,0.000199999999999999));
#9080=CARTESIAN_POINT('',(-0.00781666666666667,0.0043,0.0055));
#9081=CARTESIAN_POINT('',(-0.00805,0.00406666666666666,0.000199999999999999));
#9082=CARTESIAN_POINT('',(-0.00805,0.00406666666666666,0.0055));
#9083=CARTESIAN_POINT('',(-0.00815,0.00369999999999999,0.000199999999999999));
#9084=CARTESIAN_POINT('',(-0.00815,0.00369999999999999,0.0055));
#9085=CARTESIAN_POINT('',(-0.00815,0.00355,0.000199999999999999));
#9086=CARTESIAN_POINT('',(-0.00815,0.00355,0.0055));
#9087=CARTESIAN_POINT('',(-0.00815,0.0034,0.000199999999999999));
#9088=CARTESIAN_POINT('',(-0.00815,0.0034,0.0055));
#9089=CARTESIAN_POINT('',(-0.00715,0.0044,0.0002));
#9090=CARTESIAN_POINT('',(-0.007275,0.0044,0.0002));
#9091=CARTESIAN_POINT('',(-0.00754322916666666,0.00438697916666666,0.000199999999999999));
#9092=CARTESIAN_POINT('',(-0.00792994791666667,0.00417994791666667,0.0002));
#9093=CARTESIAN_POINT('',(-0.00813697916666666,0.00379322916666667,0.000200000000000001));
#9094=CARTESIAN_POINT('',(-0.00815,0.003525,0.0002));
#9095=CARTESIAN_POINT('',(-0.00815,0.0034,0.0002));
#9096=CARTESIAN_POINT('',(0.00715,0.0044,0.0055));
#9097=CARTESIAN_POINT('',(0.00715,0.0044,0.000199999999999999));
#9098=CARTESIAN_POINT('',(0.0073,0.0044,0.0055));
#9099=CARTESIAN_POINT('',(0.0073,0.0044,0.000199999999999999));
#9100=CARTESIAN_POINT('',(0.00745,0.0044,0.0055));
#9101=CARTESIAN_POINT('',(0.00745,0.0044,0.000199999999999999));
#9102=CARTESIAN_POINT('',(0.00781666666666667,0.0043,0.0055));
#9103=CARTESIAN_POINT('',(0.00781666666666667,0.0043,0.000199999999999999));
#9104=CARTESIAN_POINT('',(0.00805,0.00406666666666667,0.0055));
#9105=CARTESIAN_POINT('',(0.00805,0.00406666666666667,0.000199999999999999));
#9106=CARTESIAN_POINT('',(0.00815,0.0037,0.0055));
#9107=CARTESIAN_POINT('',(0.00815,0.0037,0.000199999999999999));
#9108=CARTESIAN_POINT('',(0.00815,0.00355,0.0055));
#9109=CARTESIAN_POINT('',(0.00815,0.00355,0.000199999999999999));
#9110=CARTESIAN_POINT('',(0.00815,0.0034,0.0055));
#9111=CARTESIAN_POINT('',(0.00815,0.0034,0.000199999999999999));
#9112=CARTESIAN_POINT('',(0.00815,0.0034,0.0002));
#9113=CARTESIAN_POINT('',(0.00815,0.003525,0.0002));
#9114=CARTESIAN_POINT('',(0.00813697916666667,0.00379322916666667,0.0002));
#9115=CARTESIAN_POINT('',(0.00792994791666667,0.00417994791666667,0.0002));
#9116=CARTESIAN_POINT('',(0.00754322916666667,0.00438697916666667,0.000199999999999999));
#9117=CARTESIAN_POINT('',(0.007275,0.0044,0.0002));
#9118=CARTESIAN_POINT('',(0.00715,0.0044,0.0002));
#9119=CARTESIAN_POINT('',(-0.00715,-0.0044,0.0055));
#9120=CARTESIAN_POINT('',(-0.00715,-0.0044,0.000199999999999999));
#9121=CARTESIAN_POINT('',(-0.0073,-0.0044,0.0055));
#9122=CARTESIAN_POINT('',(-0.0073,-0.0044,0.000199999999999999));
#9123=CARTESIAN_POINT('',(-0.00745,-0.0044,0.0055));
#9124=CARTESIAN_POINT('',(-0.00745,-0.0044,0.000199999999999999));
#9125=CARTESIAN_POINT('',(-0.00781666666666667,-0.0043,0.0055));
#9126=CARTESIAN_POINT('',(-0.00781666666666667,-0.0043,0.000199999999999999));
#9127=CARTESIAN_POINT('',(-0.00805,-0.00406666666666667,0.0055));
#9128=CARTESIAN_POINT('',(-0.00805,-0.00406666666666667,0.000199999999999999));
#9129=CARTESIAN_POINT('',(-0.00815,-0.0037,0.0055));
#9130=CARTESIAN_POINT('',(-0.00815,-0.0037,0.000199999999999999));
#9131=CARTESIAN_POINT('',(-0.00815,-0.00355,0.0055));
#9132=CARTESIAN_POINT('',(-0.00815,-0.00355,0.000199999999999999));
#9133=CARTESIAN_POINT('',(-0.00815,-0.0034,0.0055));
#9134=CARTESIAN_POINT('',(-0.00815,-0.0034,0.000199999999999999));
#9135=CARTESIAN_POINT('',(-0.00815,-0.0034,0.0002));
#9136=CARTESIAN_POINT('',(-0.00815,-0.003525,0.0002));
#9137=CARTESIAN_POINT('',(-0.00813697916666667,-0.00379322916666667,0.0002));
#9138=CARTESIAN_POINT('',(-0.00792994791666667,-0.00417994791666667,0.0002));
#9139=CARTESIAN_POINT('',(-0.00754322916666667,-0.00438697916666667,0.000199999999999999));
#9140=CARTESIAN_POINT('',(-0.007275,-0.0044,0.0002));
#9141=CARTESIAN_POINT('',(-0.00715,-0.0044,0.0002));
#9142=CARTESIAN_POINT('',(0.00715,-0.0044,0.000199999999999999));
#9143=CARTESIAN_POINT('',(0.00715,-0.0044,0.0055));
#9144=CARTESIAN_POINT('',(0.0073,-0.0044,0.000199999999999999));
#9145=CARTESIAN_POINT('',(0.0073,-0.0044,0.0055));
#9146=CARTESIAN_POINT('',(0.00745,-0.0044,0.000199999999999999));
#9147=CARTESIAN_POINT('',(0.00745,-0.0044,0.0055));
#9148=CARTESIAN_POINT('',(0.00781666666666667,-0.0043,0.000199999999999999));
#9149=CARTESIAN_POINT('',(0.00781666666666667,-0.0043,0.0055));
#9150=CARTESIAN_POINT('',(0.00805,-0.00406666666666666,0.000199999999999999));
#9151=CARTESIAN_POINT('',(0.00805,-0.00406666666666666,0.0055));
#9152=CARTESIAN_POINT('',(0.00815,-0.00369999999999999,0.000199999999999999));
#9153=CARTESIAN_POINT('',(0.00815,-0.00369999999999999,0.0055));
#9154=CARTESIAN_POINT('',(0.00815,-0.00355,0.000199999999999999));
#9155=CARTESIAN_POINT('',(0.00815,-0.00355,0.0055));
#9156=CARTESIAN_POINT('',(0.00815,-0.0034,0.000199999999999999));
#9157=CARTESIAN_POINT('',(0.00815,-0.0034,0.0055));
#9158=CARTESIAN_POINT('',(0.00715,-0.0044,0.0002));
#9159=CARTESIAN_POINT('',(0.007275,-0.0044,0.0002));
#9160=CARTESIAN_POINT('',(0.00754322916666666,-0.00438697916666666,0.000199999999999999));
#9161=CARTESIAN_POINT('',(0.00792994791666667,-0.00417994791666667,0.0002));
#9162=CARTESIAN_POINT('',(0.00813697916666666,-0.00379322916666667,0.000200000000000001));
#9163=CARTESIAN_POINT('',(0.00815,-0.003525,0.0002));
#9164=CARTESIAN_POINT('',(0.00815,-0.0034,0.0002));
#9165=CARTESIAN_POINT('',(-0.00525,-0.005,0.0075));
#9166=CARTESIAN_POINT('',(-0.00525,-0.005,0.00674892422621555));
#9167=CARTESIAN_POINT('',(-0.00525,-0.005,0.0075));
#9168=CARTESIAN_POINT('',(-0.0065,-0.005,0.0075));
#9169=CARTESIAN_POINT('',(-0.00525,-0.005,0.0135));
#9170=CARTESIAN_POINT('',(-0.00525,0.005,0.0075));
#9171=CARTESIAN_POINT('',(-0.00525,0.005,0.0075));
#9172=CARTESIAN_POINT('',(-0.0065,0.005,0.0075));
#9173=CARTESIAN_POINT('',(-0.00525,0.005,0.00674892422621555));
#9174=CARTESIAN_POINT('',(-0.00525,0.005,0.0135));
#9175=CARTESIAN_POINT('',(0.00475,0.005,0.0075));
#9176=CARTESIAN_POINT('',(0.00475,0.005,0.00674892422621555));
#9177=CARTESIAN_POINT('',(0.00475,0.005,0.0075));
#9178=CARTESIAN_POINT('',(0.0035,0.005,0.0075));
#9179=CARTESIAN_POINT('',(0.00475,0.005,0.0135));
#9180=CARTESIAN_POINT('',(0.00475,-0.005,0.0075));
#9181=CARTESIAN_POINT('',(0.00475,-0.005,0.00674892422621555));
#9182=CARTESIAN_POINT('',(0.00475,-0.005,0.0075));
#9183=CARTESIAN_POINT('',(0.0035,-0.005,0.0075));
#9184=CARTESIAN_POINT('',(0.00475,-0.005,0.0135));
#9185=CARTESIAN_POINT('',(-0.00615,-0.0044,0.002));
#9186=CARTESIAN_POINT('',(-0.00615,-0.0044,0.002));
#9187=CARTESIAN_POINT('',(0.00415,-0.0044,0.002));
#9188=CARTESIAN_POINT('',(-0.00375,1.4041684040661E-19,0.));
#9189=CARTESIAN_POINT('',(0.00815,8.67361737988404E-19,0.0002));
#9190=CARTESIAN_POINT('',(0.00795,0.0034,-2.43945488809238E-19));
#9191=CARTESIAN_POINT('',(0.00801666666666667,0.0034,6.66666666666665E-5));
#9192=CARTESIAN_POINT('',(0.00808333333333333,0.0034,0.000133333333333333));
#9193=CARTESIAN_POINT('',(0.00815,0.0034,0.0002));
#9194=CARTESIAN_POINT('',(0.00815,-0.0034,0.0002));
#9195=CARTESIAN_POINT('',(0.00808333333333333,-0.0034,0.000133333333333333));
#9196=CARTESIAN_POINT('',(0.00801666666666667,-0.0034,6.66666666666667E-5));
#9197=CARTESIAN_POINT('',(0.00795,-0.0034,8.13151629364128E-20));
#9198=CARTESIAN_POINT('',(0.00795,-0.0034,1.19262238973405E-18));
#9199=CARTESIAN_POINT('',(0.00795714961597142,-0.00361478909781971,5.06017131951438E-19));
#9200=CARTESIAN_POINT('',(0.00791686040766928,-0.00385062841835267,9.62455326031844E-19));
#9201=CARTESIAN_POINT('',(0.00759989829173977,-0.00416692724212818,8.26478258569238E-19));
#9202=CARTESIAN_POINT('',(0.00736382181884473,-0.00420712029237921,8.71244440730467E-19));
#9203=CARTESIAN_POINT('',(0.00715,-0.0042,8.94466792300541E-19));
#9204=CARTESIAN_POINT('',(0.00815,-0.0034,0.0002));
#9205=CARTESIAN_POINT('',(0.00815683584567287,-0.00362405928951452,0.0002));
#9206=CARTESIAN_POINT('',(0.00811697407747284,-0.00393347625991327,0.0002));
#9207=CARTESIAN_POINT('',(0.0076824745713648,-0.00436707479362558,0.0002));
#9208=CARTESIAN_POINT('',(0.00737294230809671,-0.00440678591053442,0.0002));
#9209=CARTESIAN_POINT('',(0.00715,-0.0044,0.0002));
#9210=CARTESIAN_POINT('',(0.00715,-0.0042,-3.96598494076369E-20));
#9211=CARTESIAN_POINT('',(0.00715,-0.00426666666666667,6.66666666666668E-5));
#9212=CARTESIAN_POINT('',(0.00715,-0.00433333333333333,0.000133333333333334));
#9213=CARTESIAN_POINT('',(0.00715,-0.0044,0.0002));
#9214=CARTESIAN_POINT('',(0.00715,0.0042,1.13841228110978E-18));
#9215=CARTESIAN_POINT('',(0.00736478909781971,0.00420714961597142,5.18266231720038E-19));
#9216=CARTESIAN_POINT('',(0.00760062841835267,0.00416686040766927,9.13103065832625E-19));
#9217=CARTESIAN_POINT('',(0.00791692724212817,0.00384989829173977,7.67410301519907E-19));
#9218=CARTESIAN_POINT('',(0.00795712029237922,0.00361382181884473,8.40256683676266E-19));
#9219=CARTESIAN_POINT('',(0.00795,0.0034,8.40256683676266E-19));
#9220=CARTESIAN_POINT('',(0.00715,0.0044,0.0002));
#9221=CARTESIAN_POINT('',(0.00737405928951451,0.00440683584567288,0.0002));
#9222=CARTESIAN_POINT('',(0.00768347625991327,0.00436697407747284,0.0002));
#9223=CARTESIAN_POINT('',(0.00811707479362558,0.0039324745713648,0.0002));
#9224=CARTESIAN_POINT('',(0.00815678591053442,0.00362294230809671,0.0002));
#9225=CARTESIAN_POINT('',(0.00815,0.0034,0.0002));
#9226=CARTESIAN_POINT('',(0.00715,0.0044,0.0002));
#9227=CARTESIAN_POINT('',(0.00715,0.00433333333333333,0.000133333333333333));
#9228=CARTESIAN_POINT('',(0.00715,0.00426666666666667,6.66666666666664E-5));
#9229=CARTESIAN_POINT('',(0.00715,0.0042,-3.79470760369927E-19));
#9230=CARTESIAN_POINT('',(4.46983963135129E-19,-0.0042,0.));
#9231=CARTESIAN_POINT('',(-0.00715,-0.0044,0.000200000000000001));
#9232=CARTESIAN_POINT('',(-0.00715,-0.00433333333333333,0.000133333333333334));
#9233=CARTESIAN_POINT('',(-0.00715,-0.00426666666666667,6.66666666666673E-5));
#9234=CARTESIAN_POINT('',(-0.00715,-0.0042,6.22418517118598E-19));
#9235=CARTESIAN_POINT('',(0.,0.0044,0.0002));
#9236=CARTESIAN_POINT('',(-0.00715,0.0042,-2.71050543121376E-20));
#9237=CARTESIAN_POINT('',(-0.00715,0.00426666666666667,6.66666666666667E-5));
#9238=CARTESIAN_POINT('',(-0.00715,0.00433333333333333,0.000133333333333333));
#9239=CARTESIAN_POINT('',(-0.00715,0.0044,0.0002));
#9240=CARTESIAN_POINT('',(-0.00715,-0.0042,1.13841228110978E-18));
#9241=CARTESIAN_POINT('',(-0.00736478909781971,-0.00420714961597142,5.18266231720038E-19));
#9242=CARTESIAN_POINT('',(-0.00760062841835267,-0.00416686040766927,9.13103065832625E-19));
#9243=CARTESIAN_POINT('',(-0.00791692724212817,-0.00384989829173977,7.67410301519907E-19));
#9244=CARTESIAN_POINT('',(-0.00795712029237922,-0.00361382181884473,8.40256683676266E-19));
#9245=CARTESIAN_POINT('',(-0.00795,-0.0034,8.40256683676266E-19));
#9246=CARTESIAN_POINT('',(-0.00715,-0.0044,0.0002));
#9247=CARTESIAN_POINT('',(-0.00737405928951451,-0.00440683584567288,0.0002));
#9248=CARTESIAN_POINT('',(-0.00768347625991327,-0.00436697407747284,0.0002));
#9249=CARTESIAN_POINT('',(-0.00811707479362558,-0.0039324745713648,0.0002));
#9250=CARTESIAN_POINT('',(-0.00815678591053442,-0.00362294230809671,0.0002));
#9251=CARTESIAN_POINT('',(-0.00815,-0.0034,0.0002));
#9252=CARTESIAN_POINT('',(-0.00795,-0.0034,0.));
#9253=CARTESIAN_POINT('',(-0.00801666666666667,-0.0034,6.66666666666669E-5));
#9254=CARTESIAN_POINT('',(-0.00808333333333333,-0.0034,0.000133333333333334));
#9255=CARTESIAN_POINT('',(-0.00815,-0.0034,0.000200000000000001));
#9256=CARTESIAN_POINT('',(-0.00795,0.0034,1.19262238973405E-18));
#9257=CARTESIAN_POINT('',(-0.00795714961597142,0.00361478909781971,5.06017131951438E-19));
#9258=CARTESIAN_POINT('',(-0.00791686040766928,0.00385062841835267,9.62455326031844E-19));
#9259=CARTESIAN_POINT('',(-0.00759989829173977,0.00416692724212818,8.26478258569238E-19));
#9260=CARTESIAN_POINT('',(-0.00736382181884473,0.00420712029237921,8.71244440730467E-19));
#9261=CARTESIAN_POINT('',(-0.00715,0.0042,8.94466792300541E-19));
#9262=CARTESIAN_POINT('',(-0.00815,0.0034,0.0002));
#9263=CARTESIAN_POINT('',(-0.00815683584567287,0.00362405928951452,0.0002));
#9264=CARTESIAN_POINT('',(-0.00811697407747284,0.00393347625991327,0.0002));
#9265=CARTESIAN_POINT('',(-0.0076824745713648,0.00436707479362558,0.0002));
#9266=CARTESIAN_POINT('',(-0.00737294230809671,0.00440678591053442,0.0002));
#9267=CARTESIAN_POINT('',(-0.00715,0.0044,0.0002));
#9268=CARTESIAN_POINT('',(-0.00815,0.0034,0.000200000000000001));
#9269=CARTESIAN_POINT('',(-0.00808333333333333,0.0034,0.000133333333333334));
#9270=CARTESIAN_POINT('',(-0.00801666666666667,0.0034,6.66666666666669E-5));
#9271=CARTESIAN_POINT('',(-0.00795,0.0034,0.));
#9272=CARTESIAN_POINT('',(-0.00795,0.,0.));
#9273=CARTESIAN_POINT('',(0.,5.67126845503259E-19,0.0135));
#9274=CARTESIAN_POINT('',(0.,5.67126845503259E-19,0.0057));
#9275=CARTESIAN_POINT('',(0.00797400989316254,0.00430498693618591,0.0055));
#9276=CARTESIAN_POINT('',(-0.00815,0.0044,0.0057));
#9277=CARTESIAN_POINT('',(0.,5.67126845503259E-19,0.0057));
#9278=CARTESIAN_POINT('',(-0.00815,-0.0044,0.0057));
#9279=CARTESIAN_POINT('',(0.,5.67126845503259E-19,0.0057));
#9280=CARTESIAN_POINT('',(0.00797400989316254,-0.00430498693618591,0.0055));
#9281=CARTESIAN_POINT('',(0.,5.67126845503259E-19,0.0057));
#9282=CARTESIAN_POINT('',(-0.00333641995495171,0.00235292328594973,0.0605278706195059));
#9283=CARTESIAN_POINT('',(0.00506358004504832,-0.00379707671405028,0.0625278706195059));
#9284=CARTESIAN_POINT('',(0.,9.18485099360515E-20,0.015));
#9285=CARTESIAN_POINT('',(0.,9.18485099360515E-20,0.0148));
#9286=CARTESIAN_POINT('',(0.0015,9.18485099360515E-20,0.0148));
#9287=CARTESIAN_POINT('',(0.,9.18485099360515E-20,0.0002));
#9288=CARTESIAN_POINT('',(0.0015,9.18485099360515E-20,0.0002));
#9289=CARTESIAN_POINT('',(0.,0.,0.015));
#9290=CARTESIAN_POINT('',(0.,9.18485099360515E-20,0.015));
#9291=CARTESIAN_POINT('',(0.0013,9.18485099360515E-20,0.015));
#9292=CARTESIAN_POINT('',(0.00075,1.22464679914735E-19,0.015));
#9293=CARTESIAN_POINT('',(0.00125,1.22464679914735E-19,0.015));
#9294=CARTESIAN_POINT('',(-0.00075,1.19149148458665E-19,0.015));
#9295=CARTESIAN_POINT('',(-0.00025,1.19149148458665E-19,0.015));
#9296=CARTESIAN_POINT('',(0.,0.,0.));
#9297=CARTESIAN_POINT('',(0.,9.18485099360515E-20,0.));
#9298=CARTESIAN_POINT('',(0.0013,9.18485099360515E-20,0.));
#9299=CARTESIAN_POINT('',(-0.00075,1.19149148458665E-19,0.021));
#9300=CARTESIAN_POINT('',(-0.00075,1.19149148458665E-19,0.021));
#9301=CARTESIAN_POINT('',(-0.00025,1.19149148458665E-19,0.021));
#9302=CARTESIAN_POINT('',(0.,0.,0.021));
#9303=CARTESIAN_POINT('',(0.00075,1.22464679914735E-19,0.021));
#9304=CARTESIAN_POINT('',(0.00075,1.22464679914735E-19,0.021));
#9305=CARTESIAN_POINT('',(0.00125,1.22464679914735E-19,0.021));
#9306=CARTESIAN_POINT('',(0.,0.,0.021));
#9307=CARTESIAN_POINT('',(0.,9.18485099360515E-20,0.015));
#9308=CARTESIAN_POINT('',(0.,9.18485099360515E-20,0.0002));
#9309=CARTESIAN_POINT('',(-0.00333641995495171,-0.00674707671405027,0.00802787061950592));
#9310=CARTESIAN_POINT('',(0.,5.51091059616309E-20,0.0385));
#9311=CARTESIAN_POINT('',(0.,5.51091059616309E-20,0.0382));
#9312=CARTESIAN_POINT('',(0.0009,5.51091059616309E-20,0.0382));
#9313=CARTESIAN_POINT('',(0.,5.51091059616309E-20,0.0003));
#9314=CARTESIAN_POINT('',(0.0009,5.51091059616309E-20,0.0003));
#9315=CARTESIAN_POINT('',(0.,1.83697019872103E-19,0.0385));
#9316=CARTESIAN_POINT('',(0.,1.83697019872103E-19,0.0382));
#9317=CARTESIAN_POINT('',(0.003,1.83697019872103E-19,0.0382));
#9318=CARTESIAN_POINT('',(0.,1.83697019872103E-19,0.0003));
#9319=CARTESIAN_POINT('',(0.003,1.83697019872103E-19,0.0003));
#9320=CARTESIAN_POINT('',(0.,0.,0.0385));
#9321=CARTESIAN_POINT('',(0.,5.51091059616309E-20,0.0385));
#9322=CARTESIAN_POINT('',(0.0012,5.51091059616309E-20,0.0385));
#9323=CARTESIAN_POINT('',(0.,1.83697019872103E-19,0.0385));
#9324=CARTESIAN_POINT('',(0.0027,1.83697019872103E-19,0.0385));
#9325=CARTESIAN_POINT('',(0.,0.,0.));
#9326=CARTESIAN_POINT('',(0.,5.51091059616309E-20,0.));
#9327=CARTESIAN_POINT('',(0.0012,5.51091059616309E-20,0.));
#9328=CARTESIAN_POINT('',(0.,1.83697019872103E-19,0.));
#9329=CARTESIAN_POINT('',(0.0027,1.83697019872103E-19,0.));
#9330=CARTESIAN_POINT('',(0.,5.51091059616309E-20,0.0382));
#9331=CARTESIAN_POINT('',(0.,5.51091059616309E-20,0.));
#9332=CARTESIAN_POINT('',(0.,1.83697019872103E-19,0.0385));
#9333=CARTESIAN_POINT('',(0.,1.83697019872103E-19,0.0003));
#9334=CARTESIAN_POINT('',(-0.00333641995495171,-0.00139707671405027,0.015027870619506));
#9335=CARTESIAN_POINT('',(-0.0117364199549518,0.00120292328594969,0.0430278706195061));
#9336=CARTESIAN_POINT('',(0.,-0.00975,-0.0005));
#9337=CARTESIAN_POINT('',(-0.00515,0.,-0.0005));
#9338=CARTESIAN_POINT('',(-0.00515,-0.00105,-0.0005));
#9339=CARTESIAN_POINT('',(-0.00424067332602634,-0.000525,-0.0005));
#9340=CARTESIAN_POINT('',(-0.00406746824526945,-0.000625,-0.0005));
#9341=CARTESIAN_POINT('',(-0.00389426316451256,-0.000725,-0.0005));
#9342=CARTESIAN_POINT('',(-0.00515,0.,-0.0005));
#9343=CARTESIAN_POINT('',(-0.00515,-0.00145,-0.0005));
#9344=CARTESIAN_POINT('',(-0.00515,-0.00125,-0.0005));
#9345=CARTESIAN_POINT('',(0.,-0.00975,-0.0005));
#9346=CARTESIAN_POINT('',(-0.00623253175473055,-0.000625,-0.0005));
#9347=CARTESIAN_POINT('',(-0.00640573683548744,-0.000725,-0.0005));
#9348=CARTESIAN_POINT('',(-0.00605932667397366,-0.000525,-0.0005));
#9349=CARTESIAN_POINT('',(-0.00515,0.,-0.0005));
#9350=CARTESIAN_POINT('',(-0.00640573683548743,0.000725,-0.0005));
#9351=CARTESIAN_POINT('',(-0.00623253175473055,0.000625,-0.0005));
#9352=CARTESIAN_POINT('',(-0.00605932667397366,0.000525,-0.0005));
#9353=CARTESIAN_POINT('',(-0.00515,0.,-0.0005));
#9354=CARTESIAN_POINT('',(0.,-0.00975,-0.0005));
#9355=CARTESIAN_POINT('',(0.00515,0.,-0.0005));
#9356=CARTESIAN_POINT('',(0.00424067332602634,0.000525,-0.0005));
#9357=CARTESIAN_POINT('',(0.00424067332602634,-0.000525,-0.0005));
#9358=CARTESIAN_POINT('',(0.00406746824526945,-0.000625,-0.0005));
#9359=CARTESIAN_POINT('',(0.00389426316451256,-0.000725,-0.0005));
#9360=CARTESIAN_POINT('',(0.00515,0.,-0.0005));
#9361=CARTESIAN_POINT('',(0.00389426316451256,0.000725,-0.0005));
#9362=CARTESIAN_POINT('',(0.00406746824526945,0.000625,-0.0005));
#9363=CARTESIAN_POINT('',(0.,-0.00975,-0.0005));
#9364=CARTESIAN_POINT('',(0.00515,-0.00125,-0.0005));
#9365=CARTESIAN_POINT('',(0.00515,-0.00105,-0.0005));
#9366=CARTESIAN_POINT('',(0.00515,-0.00145,-0.0005));
#9367=CARTESIAN_POINT('',(0.00515,0.,-0.0005));
#9368=CARTESIAN_POINT('',(0.00605932667397366,-0.000525,-0.0005));
#9369=CARTESIAN_POINT('',(0.00623253175473055,-0.000625,-0.0005));
#9370=CARTESIAN_POINT('',(0.00640573683548743,-0.000725,-0.0005));
#9371=CARTESIAN_POINT('',(0.00515,0.,-0.0005));
#9372=CARTESIAN_POINT('',(0.,-0.00975,-0.0005));
#9373=CARTESIAN_POINT('',(0.00515,0.,-0.0005));
#9374=CARTESIAN_POINT('',(0.00605932667397366,0.000525,-0.0005));
#9375=CARTESIAN_POINT('',(0.00515,0.00105,-0.0005));
#9376=CARTESIAN_POINT('',(0.00515,0.00125,-0.0005));
#9377=CARTESIAN_POINT('',(0.00515,0.00145,-0.0005));
#9378=CARTESIAN_POINT('',(0.00515,0.,-0.0005));
#9379=CARTESIAN_POINT('',(0.00640573683548744,0.000725,-0.0005));
#9380=CARTESIAN_POINT('',(0.00623253175473055,0.000625,-0.0005));
#9381=CARTESIAN_POINT('',(0.,-0.00975,-0.0005));
#9382=CARTESIAN_POINT('',(-0.00015,-0.0195,-0.0005));
#9383=CARTESIAN_POINT('',(0.000759326673973661,-0.018975,-0.0005));
#9384=CARTESIAN_POINT('',(-0.00015,-0.01845,-0.0005));
#9385=CARTESIAN_POINT('',(-0.00015,-0.018775,-0.0005));
#9386=CARTESIAN_POINT('',(-0.00015,-0.01805,-0.0005));
#9387=CARTESIAN_POINT('',(-0.00015,-0.0195,-0.0005));
#9388=CARTESIAN_POINT('',(0.00110573683548744,-0.018775,-0.0005));
#9389=CARTESIAN_POINT('',(0.000477868417743718,-0.0191375,-0.0005));
#9390=CARTESIAN_POINT('',(0.,-0.00975,-0.0005));
#9391=CARTESIAN_POINT('',(-0.00015,-0.0195,-0.0005));
#9392=CARTESIAN_POINT('',(-0.00015,-0.02055,-0.0005));
#9393=CARTESIAN_POINT('',(0.00075932667397366,-0.020025,-0.0005));
#9394=CARTESIAN_POINT('',(0.000477868417743717,-0.0198625,-0.0005));
#9395=CARTESIAN_POINT('',(0.00110573683548744,-0.020225,-0.0005));
#9396=CARTESIAN_POINT('',(-0.00015,-0.0195,-0.0005));
#9397=CARTESIAN_POINT('',(-0.00015,-0.02095,-0.0005));
#9398=CARTESIAN_POINT('',(-0.00015,-0.020225,-0.0005));
#9399=CARTESIAN_POINT('',(-0.00015,-0.0195,0.));
#9400=CARTESIAN_POINT('',(-0.00015,-0.0195,0.0012));
#9401=CARTESIAN_POINT('',(-0.00105932667397366,-0.018975,0.0012));
#9402=CARTESIAN_POINT('',(-0.00105932667397366,-0.020025,0.0012));
#9403=CARTESIAN_POINT('',(-0.00105932667397366,-0.020025,0.0012));
#9404=CARTESIAN_POINT('',(-0.00105932667397366,-0.020025,0.0015));
#9405=CARTESIAN_POINT('',(-0.00015,-0.0195,0.0015));
#9406=CARTESIAN_POINT('',(-0.00015,-0.02055,0.0015));
#9407=CARTESIAN_POINT('',(-0.00015,-0.02055,0.0012));
#9408=CARTESIAN_POINT('',(-0.00015,-0.02055,0.0012));
#9409=CARTESIAN_POINT('',(-0.00015,-0.0195,0.0012));
#9410=CARTESIAN_POINT('',(0.000759326673973659,-0.020025,0.0012));
#9411=CARTESIAN_POINT('',(0.00075932667397366,-0.020025,0.0012));
#9412=CARTESIAN_POINT('',(0.00075932667397366,-0.020025,0.0015));
#9413=CARTESIAN_POINT('',(-0.00015,-0.0195,0.0015));
#9414=CARTESIAN_POINT('',(0.000759326673973661,-0.018975,0.0015));
#9415=CARTESIAN_POINT('',(0.000759326673973661,-0.018975,0.0012));
#9416=CARTESIAN_POINT('',(0.000759326673973661,-0.018975,0.0012));
#9417=CARTESIAN_POINT('',(-0.00015,-0.0195,0.0012));
#9418=CARTESIAN_POINT('',(-0.00015,-0.01845,0.0012));
#9419=CARTESIAN_POINT('',(-0.00015,-0.01845,0.0012));
#9420=CARTESIAN_POINT('',(-0.00015,-0.01845,0.0015));
#9421=CARTESIAN_POINT('',(-0.00015,-0.0195,0.0015));
#9422=CARTESIAN_POINT('',(-0.00105932667397366,-0.018975,0.0015));
#9423=CARTESIAN_POINT('',(-0.00105932667397366,-0.018975,0.0012));
#9424=CARTESIAN_POINT('',(-0.00015,-0.0195,-0.0002));
#9425=CARTESIAN_POINT('',(-0.00015,-0.01845,-0.0002));
#9426=CARTESIAN_POINT('',(-0.00105932667397366,-0.018975,-0.0002));
#9427=CARTESIAN_POINT('',(-0.00015,-0.01845,-0.0002));
#9428=CARTESIAN_POINT('',(0.000759326673973661,-0.018975,-0.0002));
#9429=CARTESIAN_POINT('',(0.000759326673973661,-0.018975,-0.0002));
#9430=CARTESIAN_POINT('',(-0.00015,-0.0195,-0.0002));
#9431=CARTESIAN_POINT('',(0.000759326673973659,-0.020025,-0.0002));
#9432=CARTESIAN_POINT('',(0.00075932667397366,-0.020025,-0.0002));
#9433=CARTESIAN_POINT('',(-0.00015,-0.02055,-0.0002));
#9434=CARTESIAN_POINT('',(-0.00015,-0.02055,-0.0002));
#9435=CARTESIAN_POINT('',(-0.00015,-0.0195,-0.0002));
#9436=CARTESIAN_POINT('',(-0.00105932667397366,-0.020025,-0.0002));
#9437=CARTESIAN_POINT('',(-0.00105932667397366,-0.020025,-0.0002));
#9438=CARTESIAN_POINT('',(-0.00105932667397366,-0.020025,-0.0005));
#9439=CARTESIAN_POINT('',(-0.00015,-0.0195,-0.0005));
#9440=CARTESIAN_POINT('',(-0.00105932667397366,-0.018975,-0.0005));
#9441=CARTESIAN_POINT('',(-0.00105932667397366,-0.018975,-0.0002));
#9442=CARTESIAN_POINT('',(0.00515,0.,0.));
#9443=CARTESIAN_POINT('',(0.00515,-7.04731412115578E-19,0.0012));
#9444=CARTESIAN_POINT('',(0.00605932667397366,0.000525,0.0012));
#9445=CARTESIAN_POINT('',(0.00515,0.00105,0.0012));
#9446=CARTESIAN_POINT('',(0.00515,0.00105,0.0012));
#9447=CARTESIAN_POINT('',(0.00515,0.00105,0.0015));
#9448=CARTESIAN_POINT('',(0.00515,0.,0.0015));
#9449=CARTESIAN_POINT('',(0.00424067332602634,0.000525,0.0015));
#9450=CARTESIAN_POINT('',(0.00424067332602634,0.000525,0.0012));
#9451=CARTESIAN_POINT('',(0.00424067332602634,0.000525,0.0012));
#9452=CARTESIAN_POINT('',(0.00515,-1.40946282423116E-18,0.0012));
#9453=CARTESIAN_POINT('',(0.00424067332602634,-0.000525,0.0012));
#9454=CARTESIAN_POINT('',(0.00424067332602634,-0.000525,0.0012));
#9455=CARTESIAN_POINT('',(0.00424067332602634,-0.000525,0.0015));
#9456=CARTESIAN_POINT('',(0.00515,0.,0.0015));
#9457=CARTESIAN_POINT('',(0.00515,-0.00105,0.0015));
#9458=CARTESIAN_POINT('',(0.00515,-0.00105,0.0012));
#9459=CARTESIAN_POINT('',(0.00515,-0.00105,0.0012));
#9460=CARTESIAN_POINT('',(0.00515,-7.04731412115578E-19,0.0012));
#9461=CARTESIAN_POINT('',(0.00605932667397366,-0.000525,0.0012));
#9462=CARTESIAN_POINT('',(0.00605932667397366,-0.000525,0.0012));
#9463=CARTESIAN_POINT('',(0.00605932667397366,-0.000525,0.0015));
#9464=CARTESIAN_POINT('',(0.00515,0.,0.0015));
#9465=CARTESIAN_POINT('',(0.00605932667397366,0.000525,0.0015));
#9466=CARTESIAN_POINT('',(0.00605932667397366,0.000525,0.0012));
#9467=CARTESIAN_POINT('',(0.00515,-4.33680868994202E-19,-0.0002));
#9468=CARTESIAN_POINT('',(0.00424067332602634,-0.000525,-0.0002));
#9469=CARTESIAN_POINT('',(0.00515,-0.00105,-0.0002));
#9470=CARTESIAN_POINT('',(0.00424067332602634,-0.000525,-0.0002));
#9471=CARTESIAN_POINT('',(0.00424067332602634,0.000525,-0.0002));
#9472=CARTESIAN_POINT('',(0.00424067332602634,0.000525,-0.0002));
#9473=CARTESIAN_POINT('',(0.00515,1.40946282423116E-18,-0.0002));
#9474=CARTESIAN_POINT('',(0.00515,0.00105,-0.0002));
#9475=CARTESIAN_POINT('',(0.00515,0.00105,-0.0002));
#9476=CARTESIAN_POINT('',(0.00605932667397366,0.000525,-0.0002));
#9477=CARTESIAN_POINT('',(0.00605932667397366,0.000525,-0.0002));
#9478=CARTESIAN_POINT('',(0.00515,-2.71050543121376E-19,-0.0002));
#9479=CARTESIAN_POINT('',(0.00605932667397366,-0.000525,-0.0002));
#9480=CARTESIAN_POINT('',(0.00605932667397366,-0.000525,-0.0002));
#9481=CARTESIAN_POINT('',(0.00515,-0.00105,-0.0002));
#9482=CARTESIAN_POINT('',(-0.00515,0.,0.));
#9483=CARTESIAN_POINT('',(-0.00515,9.75781955236954E-19,0.0012));
#9484=CARTESIAN_POINT('',(-0.00515,-0.00105,0.0012));
#9485=CARTESIAN_POINT('',(-0.00424067332602634,-0.000525,0.0012));
#9486=CARTESIAN_POINT('',(-0.00424067332602634,-0.000525,0.0012));
#9487=CARTESIAN_POINT('',(-0.00424067332602634,-0.000525,0.0015));
#9488=CARTESIAN_POINT('',(-0.00515,0.,0.0015));
#9489=CARTESIAN_POINT('',(-0.00424067332602634,0.000525,0.0015));
#9490=CARTESIAN_POINT('',(-0.00424067332602634,0.000525,0.0012));
#9491=CARTESIAN_POINT('',(-0.00424067332602634,0.000525,0.0012));
#9492=CARTESIAN_POINT('',(-0.00515,5.42101086242752E-20,0.0012));
#9493=CARTESIAN_POINT('',(-0.00515,0.00105,0.0012));
#9494=CARTESIAN_POINT('',(-0.00515,0.00105,0.0012));
#9495=CARTESIAN_POINT('',(-0.00515,0.00105,0.0015));
#9496=CARTESIAN_POINT('',(-0.00515,0.,0.0015));
#9497=CARTESIAN_POINT('',(-0.00605932667397366,0.000525,0.0015));
#9498=CARTESIAN_POINT('',(-0.00605932667397366,0.000525,0.0012));
#9499=CARTESIAN_POINT('',(-0.00605932667397366,0.000525,0.0012));
#9500=CARTESIAN_POINT('',(-0.00515,5.42101086242752E-19,0.0012));
#9501=CARTESIAN_POINT('',(-0.00605932667397366,-0.000525,0.0012));
#9502=CARTESIAN_POINT('',(-0.00605932667397366,-0.000525,0.0012));
#9503=CARTESIAN_POINT('',(-0.00605932667397366,-0.000525,0.0015));
#9504=CARTESIAN_POINT('',(-0.00515,0.,0.0015));
#9505=CARTESIAN_POINT('',(-0.00515,-0.00105,0.0015));
#9506=CARTESIAN_POINT('',(-0.00515,-0.00105,0.0012));
#9507=CARTESIAN_POINT('',(-0.00515,1.62630325872826E-19,-0.0002));
#9508=CARTESIAN_POINT('',(-0.00424067332602634,-0.000525,-0.0002));
#9509=CARTESIAN_POINT('',(-0.00424067332602634,0.000525,-0.0002));
#9510=CARTESIAN_POINT('',(-0.00424067332602634,-0.000525,-0.0002));
#9511=CARTESIAN_POINT('',(-0.00515,-0.00105,-0.0002));
#9512=CARTESIAN_POINT('',(-0.00515,-0.00105,-0.0002));
#9513=CARTESIAN_POINT('',(-0.00515,-3.25260651745651E-18,-0.0002));
#9514=CARTESIAN_POINT('',(-0.00605932667397366,-0.000525,-0.0002));
#9515=CARTESIAN_POINT('',(-0.00605932667397366,-0.000525,-0.0002));
#9516=CARTESIAN_POINT('',(-0.00605932667397366,0.000525,-0.0002));
#9517=CARTESIAN_POINT('',(-0.00605932667397366,0.000525,-0.0002));
#9518=CARTESIAN_POINT('',(-0.00515,-3.25260651745652E-19,-0.0002));
#9519=CARTESIAN_POINT('',(-0.00515,0.00105,-0.0002));
#9520=CARTESIAN_POINT('',(-0.00515,0.00105,-0.0002));
#9521=CARTESIAN_POINT('',(-0.00515,0.00105,-0.0005));
#9522=CARTESIAN_POINT('',(-0.00515,0.,-0.0005));
#9523=CARTESIAN_POINT('',(-0.00424067332602634,0.000525,-0.0005));
#9524=CARTESIAN_POINT('',(-0.00424067332602634,0.000525,-0.0002));
#9525=CARTESIAN_POINT('',(-0.00515,0.,-0.0006));
#9526=CARTESIAN_POINT('',(-0.00515,0.,-0.0002));
#9527=CARTESIAN_POINT('',(-0.00515,0.00145,-0.0002));
#9528=CARTESIAN_POINT('',(-0.00389426316451256,0.000725,-0.0002));
#9529=CARTESIAN_POINT('',(-0.00389426316451256,0.000725,-0.0002));
#9530=CARTESIAN_POINT('',(-0.00389426316451256,0.000725,-0.0005));
#9531=CARTESIAN_POINT('',(-0.00515,0.,-0.0005));
#9532=CARTESIAN_POINT('',(-0.00515,0.00145,-0.0005));
#9533=CARTESIAN_POINT('',(-0.00515,0.00145,-0.0002));
#9534=CARTESIAN_POINT('',(-0.00515,0.,-0.0006));
#9535=CARTESIAN_POINT('',(-0.00640573683548744,-0.000725,-0.0002));
#9536=CARTESIAN_POINT('',(-0.00640573683548744,-0.000725,-0.0002));
#9537=CARTESIAN_POINT('',(-0.00515,0.,-0.0002));
#9538=CARTESIAN_POINT('',(-0.00640573683548743,0.000725,-0.0002));
#9539=CARTESIAN_POINT('',(-0.00640573683548743,0.000725,-0.0002));
#9540=CARTESIAN_POINT('',(0.00515,0.,-0.0006));
#9541=CARTESIAN_POINT('',(0.00515,0.,-0.0002));
#9542=CARTESIAN_POINT('',(0.00640573683548743,-0.000725,-0.0002));
#9543=CARTESIAN_POINT('',(0.00515,-0.00145,-0.0002));
#9544=CARTESIAN_POINT('',(0.00515,-0.00145,-0.0002));
#9545=CARTESIAN_POINT('',(0.00640573683548743,-0.000725,-0.0002));
#9546=CARTESIAN_POINT('',(0.00515,0.,-0.0006));
#9547=CARTESIAN_POINT('',(0.00515,0.00145,-0.0002));
#9548=CARTESIAN_POINT('',(0.00515,0.00145,-0.0002));
#9549=CARTESIAN_POINT('',(0.00515,0.,-0.0002));
#9550=CARTESIAN_POINT('',(0.00640573683548744,0.000725,-0.0002));
#9551=CARTESIAN_POINT('',(0.00640573683548744,0.000725,-0.0002));
#9552=CARTESIAN_POINT('',(-0.00015,-0.0195,-0.0005));
#9553=CARTESIAN_POINT('',(-0.00015,-0.0195,-0.0002));
#9554=CARTESIAN_POINT('',(-0.00140573683548744,-0.020225,-0.0002));
#9555=CARTESIAN_POINT('',(-0.00140573683548744,-0.018775,-0.0002));
#9556=CARTESIAN_POINT('',(-0.00140573683548744,-0.018775,-0.0002));
#9557=CARTESIAN_POINT('',(-0.00140573683548744,-0.018775,-0.0005));
#9558=CARTESIAN_POINT('',(-0.00015,-0.0195,-0.0005));
#9559=CARTESIAN_POINT('',(-0.00140573683548744,-0.020225,-0.0005));
#9560=CARTESIAN_POINT('',(-0.00140573683548744,-0.020225,-0.0002));
#9561=CARTESIAN_POINT('',(-0.00015,-0.0195,-0.0005));
#9562=CARTESIAN_POINT('',(-0.00015,-0.01805,-0.0002));
#9563=CARTESIAN_POINT('',(-0.00015,-0.01805,-0.0002));
#9564=CARTESIAN_POINT('',(-0.00015,-0.0195,-0.0002));
#9565=CARTESIAN_POINT('',(0.00110573683548744,-0.018775,-0.0002));
#9566=CARTESIAN_POINT('',(0.00110573683548744,-0.018775,-0.0002));
#9567=CARTESIAN_POINT('',(-0.00015,-0.0195,-0.0005));
#9568=CARTESIAN_POINT('',(0.00110573683548744,-0.020225,-0.0002));
#9569=CARTESIAN_POINT('',(0.00110573683548744,-0.020225,-0.0002));
#9570=CARTESIAN_POINT('',(-0.00015,-0.0195,-0.0002));
#9571=CARTESIAN_POINT('',(-0.00015,-0.02095,-0.0002));
#9572=CARTESIAN_POINT('',(-0.00015,-0.02095,-0.0002));
#9573=CARTESIAN_POINT('',(0.,-0.00975,0.0015));
#9574=CARTESIAN_POINT('',(-0.00515,-0.00125,0.0015));
#9575=CARTESIAN_POINT('',(-0.00515,-0.00145,0.0015));
#9576=CARTESIAN_POINT('',(-0.00623253175473055,-0.000625,0.0015));
#9577=CARTESIAN_POINT('',(-0.00640573683548744,-0.000725,0.0015));
#9578=CARTESIAN_POINT('',(-0.00515,0.,0.0015));
#9579=CARTESIAN_POINT('',(0.,-0.00975,0.0015));
#9580=CARTESIAN_POINT('',(-0.00623253175473055,0.000625,0.0015));
#9581=CARTESIAN_POINT('',(-0.00640573683548743,0.000725,0.0015));
#9582=CARTESIAN_POINT('',(-0.00515,0.00125,0.0015));
#9583=CARTESIAN_POINT('',(-0.00515,0.00145,0.0015));
#9584=CARTESIAN_POINT('',(-0.00515,0.,0.0015));
#9585=CARTESIAN_POINT('',(0.,-0.00975,0.0015));
#9586=CARTESIAN_POINT('',(-0.00406746824526945,-0.000625,0.0015));
#9587=CARTESIAN_POINT('',(-0.00389426316451256,-0.000725,0.0015));
#9588=CARTESIAN_POINT('',(-0.00515,0.,0.0015));
#9589=CARTESIAN_POINT('',(-0.00389426316451256,0.000725,0.0015));
#9590=CARTESIAN_POINT('',(-0.00406746824526945,0.000625,0.0015));
#9591=CARTESIAN_POINT('',(0.,-0.00975,0.0015));
#9592=CARTESIAN_POINT('',(0.00623253175473055,0.000625,0.0015));
#9593=CARTESIAN_POINT('',(0.00640573683548744,0.000725,0.0015));
#9594=CARTESIAN_POINT('',(0.00623253175473055,-0.000625,0.0015));
#9595=CARTESIAN_POINT('',(0.00640573683548743,-0.000725,0.0015));
#9596=CARTESIAN_POINT('',(0.00515,0.,0.0015));
#9597=CARTESIAN_POINT('',(0.,-0.00975,0.0015));
#9598=CARTESIAN_POINT('',(0.00515,-0.00125,0.0015));
#9599=CARTESIAN_POINT('',(0.00515,-0.00145,0.0015));
#9600=CARTESIAN_POINT('',(0.00406746824526945,-0.000625,0.0015));
#9601=CARTESIAN_POINT('',(0.00389426316451256,-0.000725,0.0015));
#9602=CARTESIAN_POINT('',(0.00515,0.,0.0015));
#9603=CARTESIAN_POINT('',(0.,-0.00975,0.0015));
#9604=CARTESIAN_POINT('',(-0.000777868417743719,-0.0191375,0.0015));
#9605=CARTESIAN_POINT('',(-0.00140573683548744,-0.018775,0.0015));
#9606=CARTESIAN_POINT('',(-0.00015,-0.018775,0.0015));
#9607=CARTESIAN_POINT('',(-0.00015,-0.01805,0.0015));
#9608=CARTESIAN_POINT('',(-0.00015,-0.0195,0.0015));
#9609=CARTESIAN_POINT('',(0.,-0.00975,0.0015));
#9610=CARTESIAN_POINT('',(-0.000777868417743718,-0.0198625,0.0015));
#9611=CARTESIAN_POINT('',(-0.00140573683548744,-0.020225,0.0015));
#9612=CARTESIAN_POINT('',(-0.00015,-0.0195,0.0015));
#9613=CARTESIAN_POINT('',(-0.00015,-0.02095,0.0015));
#9614=CARTESIAN_POINT('',(-0.00015,-0.020225,0.0015));
#9615=CARTESIAN_POINT('',(-0.00515,0.,-0.0006));
#9616=CARTESIAN_POINT('',(-0.00389426316451256,-0.000725,-0.0002));
#9617=CARTESIAN_POINT('',(-0.00389426316451256,-0.000725,-0.0002));
#9618=CARTESIAN_POINT('',(-0.00515,2.16840434497101E-19,-0.0002));
#9619=CARTESIAN_POINT('',(-0.00379926558085078,-0.000527272727272726,-0.0002));
#9620=CARTESIAN_POINT('',(-0.00379926558085078,-0.000527272727272726,0.001));
#9621=CARTESIAN_POINT('',(-0.00379926558085078,-0.000527272727272726,0.0012));
#9622=CARTESIAN_POINT('',(-0.00515,0.,0.0012));
#9623=CARTESIAN_POINT('',(-0.00389426316451256,0.000725,0.0012));
#9624=CARTESIAN_POINT('',(-0.00389426316451256,0.000725,0.0012));
#9625=CARTESIAN_POINT('',(-0.00389426316451256,-0.000725,0.0012));
#9626=CARTESIAN_POINT('',(-0.00389426316451256,-0.000725,0.0012));
#9627=CARTESIAN_POINT('',(-0.00515,9.75781955236954E-19,0.0012));
#9628=CARTESIAN_POINT('',(-0.00430376082706558,-0.00117744607612887,0.0012));
#9629=CARTESIAN_POINT('',(-0.00430376082706558,-0.00117744607612887,0.));
#9630=CARTESIAN_POINT('',(-0.00430376082706558,-0.00117744607612887,-0.0002));
#9631=CARTESIAN_POINT('',(-0.00515,0.,-0.0002));
#9632=CARTESIAN_POINT('',(-0.00515,-0.00145,-0.0002));
#9633=CARTESIAN_POINT('',(-0.00515,-0.00145,-0.0002));
#9634=CARTESIAN_POINT('',(-0.00515,0.,-0.0006));
#9635=CARTESIAN_POINT('',(-0.00515,0.,0.0012));
#9636=CARTESIAN_POINT('',(-0.00640573683548744,-0.000725,0.0012));
#9637=CARTESIAN_POINT('',(-0.00515,-0.00145,0.0012));
#9638=CARTESIAN_POINT('',(-0.00515,-0.00145,0.0012));
#9639=CARTESIAN_POINT('',(-0.00640573683548744,-0.000725,0.0012));
#9640=CARTESIAN_POINT('',(0.00515,0.,-0.0006));
#9641=CARTESIAN_POINT('',(0.00515,0.00145,0.0012));
#9642=CARTESIAN_POINT('',(0.00515,0.00145,0.0012));
#9643=CARTESIAN_POINT('',(0.00515,0.00145,0.0015));
#9644=CARTESIAN_POINT('',(0.00515,0.,0.0012));
#9645=CARTESIAN_POINT('',(0.00389426316451256,0.000725,0.0012));
#9646=CARTESIAN_POINT('',(0.00389426316451256,0.000725,0.0012));
#9647=CARTESIAN_POINT('',(0.00389426316451256,0.000725,0.0015));
#9648=CARTESIAN_POINT('',(0.00515,0.,0.0015));
#9649=CARTESIAN_POINT('',(0.00515,0.,-0.0006));
#9650=CARTESIAN_POINT('',(0.00515,0.,0.0012));
#9651=CARTESIAN_POINT('',(0.00640573683548743,-0.000725,0.0012));
#9652=CARTESIAN_POINT('',(0.00640573683548744,0.000725,0.0012));
#9653=CARTESIAN_POINT('',(0.00640573683548744,0.000725,0.0012));
#9654=CARTESIAN_POINT('',(0.00640573683548743,-0.000725,0.0012));
#9655=CARTESIAN_POINT('',(-0.00015,-0.0195,0.0015));
#9656=CARTESIAN_POINT('',(-0.00140573683548744,-0.020225,0.0012));
#9657=CARTESIAN_POINT('',(-0.00140573683548744,-0.020225,0.0012));
#9658=CARTESIAN_POINT('',(-0.00015,-0.0195,0.0012));
#9659=CARTESIAN_POINT('',(-0.00015,-0.02095,0.0012));
#9660=CARTESIAN_POINT('',(-0.00015,-0.02095,0.0012));
#9661=CARTESIAN_POINT('',(-0.00015,-0.0195,0.0015));
#9662=CARTESIAN_POINT('',(0.00110573683548744,-0.020225,0.0012));
#9663=CARTESIAN_POINT('',(0.00110573683548744,-0.020225,0.0012));
#9664=CARTESIAN_POINT('',(0.00110573683548744,-0.020225,0.0015));
#9665=CARTESIAN_POINT('',(-0.00015,-0.0195,0.0012));
#9666=CARTESIAN_POINT('',(0.00110573683548744,-0.018775,0.0012));
#9667=CARTESIAN_POINT('',(0.00110573683548744,-0.018775,0.0012));
#9668=CARTESIAN_POINT('',(0.00110573683548744,-0.018775,0.0015));
#9669=CARTESIAN_POINT('',(-0.00015,-0.0195,0.0015));
#9670=CARTESIAN_POINT('',(1.93129353326139E-5,-0.0126663346133379,0.));
#9671=CARTESIAN_POINT('',(-0.00458732773208809,-0.0102467507005354,0.));
#9672=CARTESIAN_POINT('',(-0.00708732773208809,-0.000496750700535405,0.));
#9673=CARTESIAN_POINT('',(-0.00208732773208809,-0.0199967507005354,0.));
#9674=CARTESIAN_POINT('',(-0.00515,-1.13841228110978E-18,0.));
#9675=CARTESIAN_POINT('',(-0.00515,0.002,0.));
#9676=CARTESIAN_POINT('',(0.,0.002,0.));
#9677=CARTESIAN_POINT('',(0.00515,0.002,0.));
#9678=CARTESIAN_POINT('',(0.00515,3.79470760369927E-19,0.));
#9679=CARTESIAN_POINT('',(0.00707998371638623,-0.000524559676761385,0.));
#9680=CARTESIAN_POINT('',(0.00442998371638622,-0.0102745596767614,0.));
#9681=CARTESIAN_POINT('',(0.00177998371638622,-0.0200245596767614,0.));
#9682=CARTESIAN_POINT('',(-0.00015,-0.0195,0.));
#9683=CARTESIAN_POINT('',(-0.00170024405069699,-0.018688061958473,-1.0842021724855E-19));
#9684=CARTESIAN_POINT('',(-0.001681995462585,-0.0188872276910475,-1.0169373846415E-19));
#9685=CARTESIAN_POINT('',(-0.0018939768239058,-0.0187377370285266,-1.0842021724855E-19));
#9686=CARTESIAN_POINT('',(-0.00015,-0.0195,0.));
#9687=CARTESIAN_POINT('',(0.00139064920317083,-0.0189093223952366,-1.01693738464151E-19));
#9688=CARTESIAN_POINT('',(0.00141176006905749,-0.0187104396877391,-1.0842021724855E-19));
#9689=CARTESIAN_POINT('',(0.00160475844069611,-0.0187628956554153,-1.0842021724855E-19));
#9690=CARTESIAN_POINT('',(0.00377551100323716,-0.010776164529085,-1.0842021724855E-19));
#9691=CARTESIAN_POINT('',(0.00629021713388322,-0.00152394385972684,-1.0842021724855E-19));
#9692=CARTESIAN_POINT('',(0.0060972187622446,-0.0014714878920507,-1.0842021724855E-19));
#9693=CARTESIAN_POINT('',(0.00617968595406777,-0.00128928151929497,-1.01693738464151E-19));
#9694=CARTESIAN_POINT('',(0.00515,0.,0.));
#9695=CARTESIAN_POINT('',(0.00417591969657727,0.00133179111067911,-1.01693738464151E-19));
#9696=CARTESIAN_POINT('',(0.003978462548614,0.0013,-1.0842021724855E-19));
#9697=CARTESIAN_POINT('',(0.003978462548614,0.0015,-1.0842021724855E-19));
#9698=CARTESIAN_POINT('',(-9.47361121589275E-19,0.0015,-1.0842021724855E-19));
#9699=CARTESIAN_POINT('',(-0.003978462548614,0.0015,-1.0842021724855E-19));
#9700=CARTESIAN_POINT('',(-0.003978462548614,0.0013,-1.0842021724855E-19));
#9701=CARTESIAN_POINT('',(-0.00417591969657727,0.00133179111067911,-1.01693738464151E-19));
#9702=CARTESIAN_POINT('',(-0.00515,0.,0.));
#9703=CARTESIAN_POINT('',(-0.00619812038948202,-0.00127434047614915,-1.01693738464151E-19));
#9704=CARTESIAN_POINT('',(-0.00611828200101753,-0.00145771395222296,-1.0842021724855E-19));
#9705=CARTESIAN_POINT('',(-0.00631201477422634,-0.0015073890222765,-1.0842021724855E-19));
#9706=CARTESIAN_POINT('',(-0.00393951646532146,-0.0107601324270055,-1.0842021724855E-19));
#9707=CARTESIAN_POINT('',(1.93129353326139E-5,-0.0126663346133379,0.001));
#9708=CARTESIAN_POINT('',(-0.00458732773208809,-0.0102467507005354,0.001));
#9709=CARTESIAN_POINT('',(-0.00708732773208809,-0.000496750700535405,0.001));
#9710=CARTESIAN_POINT('',(-0.00208732773208809,-0.0199967507005354,0.001));
#9711=CARTESIAN_POINT('',(-0.00015,-0.0195,0.001));
#9712=CARTESIAN_POINT('',(0.00177998371638622,-0.0200245596767614,0.001));
#9713=CARTESIAN_POINT('',(0.00442998371638622,-0.0102745596767614,0.001));
#9714=CARTESIAN_POINT('',(0.00707998371638623,-0.000524559676761385,0.001));
#9715=CARTESIAN_POINT('',(0.00515,3.79470760369927E-19,0.001));
#9716=CARTESIAN_POINT('',(0.00515,0.002,0.001));
#9717=CARTESIAN_POINT('',(0.,0.002,0.001));
#9718=CARTESIAN_POINT('',(-0.00515,0.002,0.001));
#9719=CARTESIAN_POINT('',(-0.00515,-1.13841228110978E-18,0.001));
#9720=CARTESIAN_POINT('',(0.00141176006905749,-0.0187104396877391,0.001));
#9721=CARTESIAN_POINT('',(0.00139064920317083,-0.0189093223952366,0.001));
#9722=CARTESIAN_POINT('',(0.00160475844069611,-0.0187628956554153,0.001));
#9723=CARTESIAN_POINT('',(-0.00015,-0.0195,0.001));
#9724=CARTESIAN_POINT('',(-0.001681995462585,-0.0188872276910475,0.001));
#9725=CARTESIAN_POINT('',(-0.00170024405069699,-0.018688061958473,0.001));
#9726=CARTESIAN_POINT('',(-0.0018939768239058,-0.0187377370285266,0.001));
#9727=CARTESIAN_POINT('',(-0.00393951646532146,-0.0107601324270055,0.001));
#9728=CARTESIAN_POINT('',(-0.00631201477422634,-0.0015073890222765,0.001));
#9729=CARTESIAN_POINT('',(-0.00611828200101753,-0.00145771395222296,0.001));
#9730=CARTESIAN_POINT('',(-0.00619812038948202,-0.00127434047614915,0.001));
#9731=CARTESIAN_POINT('',(-0.00515,0.,0.001));
#9732=CARTESIAN_POINT('',(-0.00417591969657727,0.00133179111067911,0.001));
#9733=CARTESIAN_POINT('',(-0.003978462548614,0.0013,0.001));
#9734=CARTESIAN_POINT('',(-0.003978462548614,0.0015,0.001));
#9735=CARTESIAN_POINT('',(-9.47361121589275E-19,0.0015,0.001));
#9736=CARTESIAN_POINT('',(0.003978462548614,0.0015,0.001));
#9737=CARTESIAN_POINT('',(0.003978462548614,0.0013,0.001));
#9738=CARTESIAN_POINT('',(0.00417591969657727,0.00133179111067911,0.001));
#9739=CARTESIAN_POINT('',(0.00515,0.,0.001));
#9740=CARTESIAN_POINT('',(0.00617968595406777,-0.00128928151929497,0.001));
#9741=CARTESIAN_POINT('',(0.0060972187622446,-0.0014714878920507,0.001));
#9742=CARTESIAN_POINT('',(0.00629021713388322,-0.00152394385972684,0.001));
#9743=CARTESIAN_POINT('',(0.00377551100323716,-0.010776164529085,0.001));
#9744=CARTESIAN_POINT('',(1.93129353326139E-5,-0.0126663346133379,0.001));
#9745=CARTESIAN_POINT('',(-1.68968945386987E-5,-0.00234980076800277,0.001));
#9746=CARTESIAN_POINT('',(0.000176835878670111,-0.00230012569794922,0.001));
#9747=CARTESIAN_POINT('',(-0.000209895266177322,-0.00229734480032663,0.001));
#9748=CARTESIAN_POINT('',(0.00195830866703087,-0.00924786957255619,0.001));
#9749=CARTESIAN_POINT('',(0.00192047670738735,-0.00910032492994646,0.001));
#9750=CARTESIAN_POINT('',(0.00172674393417854,-0.00915,0.001));
#9751=CARTESIAN_POINT('',(0.00172674393417854,-0.00935,0.001));
#9752=CARTESIAN_POINT('',(0.,-0.00935,0.001));
#9753=CARTESIAN_POINT('',(-0.00186515617297897,-0.00935,0.001));
#9754=CARTESIAN_POINT('',(-0.00186515617297897,-0.00915,0.001));
#9755=CARTESIAN_POINT('',(-0.00205815454461759,-0.00909754403232386,0.001));
#9756=CARTESIAN_POINT('',(-0.0020817078656271,-0.0091842024775475,0.001));
#9757=CARTESIAN_POINT('',(0.00194202647267025,-0.0102778328361617,0.001));
#9758=CARTESIAN_POINT('',(5.98952661773201E-5,-0.0172026551996733,0.001));
#9759=CARTESIAN_POINT('',(0.00190815454461759,-0.0104024559676761,0.001));
#9760=CARTESIAN_POINT('',(-0.000133103105461303,-0.0171501992319972,0.001));
#9761=CARTESIAN_POINT('',(-0.000326835878670111,-0.0171998743020508,0.001));
#9762=CARTESIAN_POINT('',(-0.00209905511983778,-0.0102882192614969,0.001));
#9763=CARTESIAN_POINT('',(-0.00207047670738735,-0.0103996750700535,0.001));
#9764=CARTESIAN_POINT('',(-0.00187674393417854,-0.01035,0.001));
#9765=CARTESIAN_POINT('',(-0.00187674393417854,-0.01015,0.001));
#9766=CARTESIAN_POINT('',(0.,-0.01015,0.001));
#9767=CARTESIAN_POINT('',(0.00171515617297897,-0.01015,0.001));
#9768=CARTESIAN_POINT('',(0.00171515617297897,-0.01035,0.001));
#9769=CARTESIAN_POINT('',(-0.00122643430140785,-0.018120221323997,0.001));
#9770=CARTESIAN_POINT('',(-0.00102722027268324,-0.0181025077484317,0.001));
#9771=CARTESIAN_POINT('',(-0.00103270152819905,-0.0180705462539434,0.001));
#9772=CARTESIAN_POINT('',(-0.00015,-0.0195,0.001));
#9773=CARTESIAN_POINT('',(0.000747226632591391,-0.0181152674013483,0.001));
#9774=CARTESIAN_POINT('',(0.000946165325159285,-0.0181358440045514,0.001));
#9775=CARTESIAN_POINT('',(0.000753166953520663,-0.0180833880368753,0.001));
#9776=CARTESIAN_POINT('',(0.00281051914504405,-0.0105138846907043,0.001));
#9777=CARTESIAN_POINT('',(0.00521182490467245,-0.00167889180150546,0.001));
#9778=CARTESIAN_POINT('',(0.00540482327631107,-0.00173134776918159,0.001));
#9779=CARTESIAN_POINT('',(0.00522283906252651,-0.00164839147988888,0.001));
#9780=CARTESIAN_POINT('',(0.00515,0.,0.001));
#9781=CARTESIAN_POINT('',(0.00434415065919141,-0.00143982875367814,0.001));
#9782=CARTESIAN_POINT('',(0.00194202647267025,-0.0102778328361617,0.001));
#9783=CARTESIAN_POINT('',(0.00270989526617732,-0.00745265519967337,0.001));
#9784=CARTESIAN_POINT('',(0.0025168968945387,-0.00740019923199724,0.001));
#9785=CARTESIAN_POINT('',(0.00232316412132989,-0.00744987430205078,0.001));
#9786=CARTESIAN_POINT('',(0.00273323975986611,-0.00904916929234202,0.001));
#9787=CARTESIAN_POINT('',(0.000579523292612649,-0.00064967507005354,0.001));
#9788=CARTESIAN_POINT('',(0.000773256065821458,-0.0006,0.001));
#9789=CARTESIAN_POINT('',(0.000773256065821459,-0.0004,0.001));
#9790=CARTESIAN_POINT('',(1.9541764458293E-18,-0.0004,0.001));
#9791=CARTESIAN_POINT('',(0.00354921894064179,-0.0004,0.001));
#9792=CARTESIAN_POINT('',(0.00515,0.,0.001));
#9793=CARTESIAN_POINT('',(0.00357841986033958,0.000502628953229871,0.001));
#9794=CARTESIAN_POINT('',(0.00354609850676545,0.0007,0.001));
#9795=CARTESIAN_POINT('',(0.00354609850676545,0.0005,0.001));
#9796=CARTESIAN_POINT('',(2.14227899141714E-18,0.0005,0.001));
#9797=CARTESIAN_POINT('',(-0.00354609850676545,0.0005,0.001));
#9798=CARTESIAN_POINT('',(-0.00354609850676545,0.0007,0.001));
#9799=CARTESIAN_POINT('',(-0.00357841986033958,0.000502628953229873,0.001));
#9800=CARTESIAN_POINT('',(-0.00515,0.,0.001));
#9801=CARTESIAN_POINT('',(-0.00354921894064178,-0.0004,0.001));
#9802=CARTESIAN_POINT('',(1.9541764458293E-18,-0.0004,0.001));
#9803=CARTESIAN_POINT('',(-0.000784843827021027,-0.0004,0.001));
#9804=CARTESIAN_POINT('',(-0.000784843827021027,-0.0006,0.001));
#9805=CARTESIAN_POINT('',(-0.000591845455382404,-0.000652455967676137,0.001));
#9806=CARTESIAN_POINT('',(-0.00285370135218159,-0.00897437860684295,0.001));
#9807=CARTESIAN_POINT('',(-0.00244010473382268,-0.00745265519967337,0.001));
#9808=CARTESIAN_POINT('',(-0.0026331031054613,-0.00740019923199724,0.001));
#9809=CARTESIAN_POINT('',(-0.00282683587867011,-0.00744987430205078,0.001));
#9810=CARTESIAN_POINT('',(-0.00209905511983778,-0.0102882192614969,0.001));
#9811=CARTESIAN_POINT('',(-0.00436493989726238,-0.00145126862954092,0.001));
#9812=CARTESIAN_POINT('',(-0.00515,0.,0.001));
#9813=CARTESIAN_POINT('',(-0.0052465367373594,-0.00164717353619466,0.001));
#9814=CARTESIAN_POINT('',(-0.00542969511105381,-0.00172750416637778,0.001));
#9815=CARTESIAN_POINT('',(-0.005235962337845,-0.00167782909632424,0.001));
#9816=CARTESIAN_POINT('',(-0.00297085259927742,-0.0105117570767378,0.001));
#9817=CARTESIAN_POINT('',(1.93129353326139E-5,-0.0126663346133379,0.));
#9818=CARTESIAN_POINT('',(0.000946165325159285,-0.0181358440045514,-1.0842021724855E-19));
#9819=CARTESIAN_POINT('',(0.000747226632591391,-0.0181152674013483,-1.0169373846415E-19));
#9820=CARTESIAN_POINT('',(0.000753166953520663,-0.0180833880368753,-1.0842021724855E-19));
#9821=CARTESIAN_POINT('',(-0.00015,-0.0195,0.));
#9822=CARTESIAN_POINT('',(-0.00102722027268324,-0.0181025077484317,-1.0169373846415E-19));
#9823=CARTESIAN_POINT('',(-0.00122643430140785,-0.018120221323997,-1.0842021724855E-19));
#9824=CARTESIAN_POINT('',(-0.00103270152819905,-0.0180705462539434,-1.0842021724855E-19));
#9825=CARTESIAN_POINT('',(-0.00297085259927742,-0.0105117570767378,-1.0842021724855E-19));
#9826=CARTESIAN_POINT('',(-0.005235962337845,-0.00167782909632424,-1.0842021724855E-19));
#9827=CARTESIAN_POINT('',(-0.00542969511105381,-0.00172750416637778,-1.0842021724855E-19));
#9828=CARTESIAN_POINT('',(-0.0052465367373594,-0.00164717353619466,-1.01693738464151E-19));
#9829=CARTESIAN_POINT('',(-0.00515,0.,0.));
#9830=CARTESIAN_POINT('',(-0.00436493989726238,-0.00145126862954092,0.));
#9831=CARTESIAN_POINT('',(-0.00209905511983778,-0.0102882192614969,0.));
#9832=CARTESIAN_POINT('',(-0.00282683587867011,-0.00744987430205078,0.));
#9833=CARTESIAN_POINT('',(-0.0026331031054613,-0.00740019923199724,0.));
#9834=CARTESIAN_POINT('',(-0.00244010473382268,-0.00745265519967337,0.));
#9835=CARTESIAN_POINT('',(-0.00285370135218159,-0.00897437860684295,0.));
#9836=CARTESIAN_POINT('',(-0.000591845455382404,-0.000652455967676137,0.));
#9837=CARTESIAN_POINT('',(-0.000784843827021027,-0.0006,0.));
#9838=CARTESIAN_POINT('',(-0.000784843827021027,-0.0004,0.));
#9839=CARTESIAN_POINT('',(1.9541764458293E-18,-0.0004,0.));
#9840=CARTESIAN_POINT('',(-0.00354921894064178,-0.0004,0.));
#9841=CARTESIAN_POINT('',(-0.00515,0.,0.));
#9842=CARTESIAN_POINT('',(-0.00357841986033958,0.000502628953229873,-1.01693738464151E-19));
#9843=CARTESIAN_POINT('',(-0.00354609850676545,0.0007,-1.0842021724855E-19));
#9844=CARTESIAN_POINT('',(-0.00354609850676545,0.0005,-1.0842021724855E-19));
#9845=CARTESIAN_POINT('',(2.14227899141714E-18,0.0005,-1.0842021724855E-19));
#9846=CARTESIAN_POINT('',(0.00354609850676545,0.0005,-1.0842021724855E-19));
#9847=CARTESIAN_POINT('',(0.00354609850676545,0.0007,-1.0842021724855E-19));
#9848=CARTESIAN_POINT('',(0.00357841986033958,0.000502628953229871,-1.01693738464151E-19));
#9849=CARTESIAN_POINT('',(0.00515,0.,0.));
#9850=CARTESIAN_POINT('',(0.00354921894064179,-0.0004,0.));
#9851=CARTESIAN_POINT('',(1.9541764458293E-18,-0.0004,0.));
#9852=CARTESIAN_POINT('',(0.000773256065821459,-0.0004,0.));
#9853=CARTESIAN_POINT('',(0.000773256065821458,-0.0006,0.));
#9854=CARTESIAN_POINT('',(0.000579523292612649,-0.00064967507005354,0.));
#9855=CARTESIAN_POINT('',(0.00273323975986611,-0.00904916929234202,0.));
#9856=CARTESIAN_POINT('',(0.00232316412132989,-0.00744987430205078,0.));
#9857=CARTESIAN_POINT('',(0.0025168968945387,-0.00740019923199724,0.));
#9858=CARTESIAN_POINT('',(0.00270989526617732,-0.00745265519967337,0.));
#9859=CARTESIAN_POINT('',(0.00194202647267025,-0.0102778328361617,0.));
#9860=CARTESIAN_POINT('',(0.00434415065919141,-0.00143982875367814,0.));
#9861=CARTESIAN_POINT('',(0.00515,0.,0.));
#9862=CARTESIAN_POINT('',(0.00522283906252651,-0.00164839147988888,-1.01693738464151E-19));
#9863=CARTESIAN_POINT('',(0.00540482327631107,-0.00173134776918159,-1.0842021724855E-19));
#9864=CARTESIAN_POINT('',(0.00521182490467245,-0.00167889180150546,-1.0842021724855E-19));
#9865=CARTESIAN_POINT('',(0.00281051914504405,-0.0105138846907043,-1.0842021724855E-19));
#9866=CARTESIAN_POINT('',(0.,-0.00935,0.));
#9867=CARTESIAN_POINT('',(0.00172674393417854,-0.00935,0.));
#9868=CARTESIAN_POINT('',(-0.00186515617297897,-0.00935,0.));
#9869=CARTESIAN_POINT('',(0.00172674393417854,-0.00915,0.));
#9870=CARTESIAN_POINT('',(0.00192047670738735,-0.00910032492994646,0.));
#9871=CARTESIAN_POINT('',(0.00195830866703087,-0.00924786957255619,0.));
#9872=CARTESIAN_POINT('',(0.000176835878670111,-0.00230012569794922,0.));
#9873=CARTESIAN_POINT('',(-1.68968945386987E-5,-0.00234980076800277,0.));
#9874=CARTESIAN_POINT('',(-0.000209895266177322,-0.00229734480032663,0.));
#9875=CARTESIAN_POINT('',(-0.0020817078656271,-0.0091842024775475,0.));
#9876=CARTESIAN_POINT('',(-0.00205815454461759,-0.00909754403232386,0.));
#9877=CARTESIAN_POINT('',(-0.00186515617297897,-0.00915,0.));
#9878=CARTESIAN_POINT('',(-0.00209905511983778,-0.0102882192614969,0.));
#9879=CARTESIAN_POINT('',(-0.00207047670738735,-0.0103996750700535,0.));
#9880=CARTESIAN_POINT('',(-0.000326835878670111,-0.0171998743020508,0.));
#9881=CARTESIAN_POINT('',(-0.000133103105461303,-0.0171501992319972,0.));
#9882=CARTESIAN_POINT('',(5.98952661773201E-5,-0.0172026551996733,0.));
#9883=CARTESIAN_POINT('',(0.00194202647267025,-0.0102778328361617,0.));
#9884=CARTESIAN_POINT('',(0.00190815454461759,-0.0104024559676761,0.));
#9885=CARTESIAN_POINT('',(0.00171515617297897,-0.01035,0.));
#9886=CARTESIAN_POINT('',(0.00171515617297897,-0.01015,0.));
#9887=CARTESIAN_POINT('',(0.,-0.01015,0.));
#9888=CARTESIAN_POINT('',(-0.00187674393417854,-0.01015,0.));
#9889=CARTESIAN_POINT('',(-0.00187674393417854,-0.01035,0.));
#9890=CARTESIAN_POINT('',(-0.00458732773208809,-0.0102467507005354,0.001));
#9891=CARTESIAN_POINT('',(-0.00208732773208809,-0.0199967507005354,0.001));
#9892=CARTESIAN_POINT('',(-0.00708732773208809,-0.000496750700535405,0.001));
#9893=CARTESIAN_POINT('',(-0.00015,-0.0195,0.001));
#9894=CARTESIAN_POINT('',(0.00177998371638622,-0.0200245596767614,0.001));
#9895=CARTESIAN_POINT('',(0.00442998371638622,-0.0102745596767614,0.001));
#9896=CARTESIAN_POINT('',(0.00707998371638623,-0.000524559676761385,0.001));
#9897=CARTESIAN_POINT('',(0.00515,3.79470760369927E-19,0.001));
#9898=CARTESIAN_POINT('',(0.00515,0.002,0.001));
#9899=CARTESIAN_POINT('',(0.,0.002,0.001));
#9900=CARTESIAN_POINT('',(-0.00515,0.002,0.001));
#9901=CARTESIAN_POINT('',(-0.00515,-1.13841228110978E-18,0.001));
#9902=CARTESIAN_POINT('',(-0.00351253445358238,-0.00477564985989292,-0.0006));
#9903=CARTESIAN_POINT('',(-0.00438077095573171,-0.00138952750151053,-0.0006));
#9904=CARTESIAN_POINT('',(-0.00438077095573171,-0.00138952750151053,0.00106176198257314));
#9905=CARTESIAN_POINT('',(-0.00438077095573171,-0.00138952750151053,-6.17619825731408E-5));
#9906=CARTESIAN_POINT('',(-0.00438077095573171,-0.00138952750151053,0.00106176198257314));
#9907=CARTESIAN_POINT('',(-0.00437549070331517,-0.00141012048593503,0.00104118808788145));
#9908=CARTESIAN_POINT('',(-0.00437021380857583,-0.00143070037541845,0.00102060024201815));
#9909=CARTESIAN_POINT('',(-0.00436493989726238,-0.00145126862954093,0.001));
#9910=CARTESIAN_POINT('',(-0.00282683587867011,-0.00744987430205078,-0.0006));
#9911=CARTESIAN_POINT('',(-0.00436493989726238,-0.00145126862954093,0.));
#9912=CARTESIAN_POINT('',(-0.00437021380857583,-0.00143070037541845,-2.06002420181465E-5));
#9913=CARTESIAN_POINT('',(-0.00437549070331517,-0.00141012048593503,-4.11880878814461E-5));
#9914=CARTESIAN_POINT('',(-0.00438077095573171,-0.00138952750151053,-6.17619825731409E-5));
#9915=CARTESIAN_POINT('',(-0.00515,0.,-0.0006));
#9916=CARTESIAN_POINT('',(-0.00515,0.,0.0012));
#9917=CARTESIAN_POINT('',(-0.00515,0.00145,0.0012));
#9918=CARTESIAN_POINT('',(-0.00640573683548743,0.000725,0.0012));
#9919=CARTESIAN_POINT('',(-0.00640573683548743,0.000725,0.0012));
#9920=CARTESIAN_POINT('',(-0.00515,0.00145,0.0012));
#9921=CARTESIAN_POINT('',(-0.002575,-0.0004,-0.0006));
#9922=CARTESIAN_POINT('',(-0.000784843827021027,-0.0004,-0.0006));
#9923=CARTESIAN_POINT('',(-0.00354921894064178,-0.0004,0.001));
#9924=CARTESIAN_POINT('',(-0.0035704525747676,-0.0004,0.00102060024201815));
#9925=CARTESIAN_POINT('',(-0.00359169822065658,-0.0004,0.00104118808788144));
#9926=CARTESIAN_POINT('',(-0.00361295738510606,-0.0004,0.00106176198257314));
#9927=CARTESIAN_POINT('',(-0.00361295738510606,-0.0004,0.00106176198257314));
#9928=CARTESIAN_POINT('',(-0.00361295738510606,-0.0004,-0.0006));
#9929=CARTESIAN_POINT('',(-0.00361295738510606,-0.0004,-6.17619825731409E-5));
#9930=CARTESIAN_POINT('',(-0.00361295738510606,-0.0004,-6.17619825731409E-5));
#9931=CARTESIAN_POINT('',(-0.00359169822065658,-0.0004,-4.11880878814453E-5));
#9932=CARTESIAN_POINT('',(-0.0035704525747676,-0.0004,-2.06002420181475E-5));
#9933=CARTESIAN_POINT('',(-0.00354921894064178,-0.0004,-6.5926522630884E-20));
#9934=CARTESIAN_POINT('',(-0.00171099674327725,-0.00477008806464772,-0.0006));
#9935=CARTESIAN_POINT('',(-0.00244010473382268,-0.00745265519967337,-0.0006));
#9936=CARTESIAN_POINT('',(-0.000591845455382405,-0.000652455967676139,-0.0006));
#9937=CARTESIAN_POINT('',(-0.00361295738510606,-0.0006,-0.0006));
#9938=CARTESIAN_POINT('',(-0.00379926558085078,-0.000527272727272726,-0.0002));
#9939=CARTESIAN_POINT('',(-0.00376441094757198,-0.000437984299479374,-0.000199999999999999));
#9940=CARTESIAN_POINT('',(-0.00368120343551646,-0.0004,-0.000127808183852798));
#9941=CARTESIAN_POINT('',(-0.00361295738510606,-0.0004,-6.17619825731409E-5));
#9942=CARTESIAN_POINT('',(-0.00361295738510606,-0.0004,0.00106176198257314));
#9943=CARTESIAN_POINT('',(-0.00368121207603053,-0.0004,0.00112781654584779));
#9944=CARTESIAN_POINT('',(-0.00376441123874931,-0.000437985045399298,0.0012));
#9945=CARTESIAN_POINT('',(-0.00379926558085078,-0.000527272727272727,0.0012));
#9946=CARTESIAN_POINT('',(-0.0041870381825229,-0.00133985243145699,-0.0006));
#9947=CARTESIAN_POINT('',(-0.00438077095573171,-0.00138952750151053,-6.17619825731409E-5));
#9948=CARTESIAN_POINT('',(-0.00439772373849749,-0.00132341164872399,-0.000127816545847789));
#9949=CARTESIAN_POINT('',(-0.0043815936187514,-0.00123338507715721,-0.000200000000000001));
#9950=CARTESIAN_POINT('',(-0.00430376082706558,-0.00117744607612887,-0.0002));
#9951=CARTESIAN_POINT('',(-0.00430376082706558,-0.00117744607612887,0.0012));
#9952=CARTESIAN_POINT('',(-0.00438159426897581,-0.00123338554447828,0.0012));
#9953=CARTESIAN_POINT('',(-0.00439772159240678,-0.00132342001847776,0.0011278081838528));
#9954=CARTESIAN_POINT('',(-0.00438077095573171,-0.00138952750151053,0.00106176198257314));
#9955=CARTESIAN_POINT('',(-0.000784843827021027,-0.0006,-0.0006));
#9956=CARTESIAN_POINT('',(-0.0026331031054613,-0.00740019923199724,-0.0006));
#9957=CARTESIAN_POINT('',(0.000862534453582382,-0.00497435014010708,-0.0006));
#9958=CARTESIAN_POINT('',(0.00017683587867011,-0.00230012569794922,-0.0006));
#9959=CARTESIAN_POINT('',(0.00192047670738735,-0.00910032492994646,-0.0006));
#9960=CARTESIAN_POINT('',(-7.50000000000009E-5,-0.00935,-0.0006));
#9961=CARTESIAN_POINT('',(-0.00186515617297897,-0.00935,-0.0006));
#9962=CARTESIAN_POINT('',(0.00172674393417854,-0.00935,-0.0006));
#9963=CARTESIAN_POINT('',(-0.000939003256722755,-0.00497991193535228,-0.0006));
#9964=CARTESIAN_POINT('',(-0.00205815454461759,-0.00909754403232386,-0.0006));
#9965=CARTESIAN_POINT('',(-0.000209895266177322,-0.00229734480032663,-0.0006));
#9966=CARTESIAN_POINT('',(0.00172674393417854,-0.00915,-0.0006));
#9967=CARTESIAN_POINT('',(-1.68968945386987E-5,-0.00234980076800277,-0.0006));
#9968=CARTESIAN_POINT('',(-0.00186515617297897,-0.00915,-0.0006));
#9969=CARTESIAN_POINT('',(0.002575,-0.0004,-0.0006));
#9970=CARTESIAN_POINT('',(0.00361295738510606,-0.0004,-0.0006));
#9971=CARTESIAN_POINT('',(0.00361295738510606,-0.0004,0.00106176198257314));
#9972=CARTESIAN_POINT('',(0.00361295738510606,-0.0004,-6.17619825731413E-5));
#9973=CARTESIAN_POINT('',(0.00361295738510606,-0.0004,0.00106176198257314));
#9974=CARTESIAN_POINT('',(0.00359169822065658,-0.0004,0.00104118808788145));
#9975=CARTESIAN_POINT('',(0.0035704525747676,-0.0004,0.00102060024201815));
#9976=CARTESIAN_POINT('',(0.00354921894064179,-0.0004,0.001));
#9977=CARTESIAN_POINT('',(0.000773256065821458,-0.0004,-0.0006));
#9978=CARTESIAN_POINT('',(0.00354921894064179,-0.0004,0.));
#9979=CARTESIAN_POINT('',(0.0035704525747676,-0.0004,-2.06002420181466E-5));
#9980=CARTESIAN_POINT('',(0.00359169822065658,-0.0004,-4.11880878814462E-5));
#9981=CARTESIAN_POINT('',(0.00361295738510606,-0.0004,-6.1761982573141E-5));
#9982=CARTESIAN_POINT('',(0.00515,0.,-0.0006));
#9983=CARTESIAN_POINT('',(0.00389426316451256,-0.000725,-0.0002));
#9984=CARTESIAN_POINT('',(0.00389426316451256,-0.000725,-0.0002));
#9985=CARTESIAN_POINT('',(0.00515,-5.96311194867027E-19,-0.0002));
#9986=CARTESIAN_POINT('',(0.00428691570598485,-0.00116515471136856,-0.0002));
#9987=CARTESIAN_POINT('',(0.00428691570598485,-0.00116515471136856,0.001));
#9988=CARTESIAN_POINT('',(0.00428691570598485,-0.00116515471136856,0.0012));
#9989=CARTESIAN_POINT('',(0.00515,0.,0.0012));
#9990=CARTESIAN_POINT('',(0.00515,-0.00145,0.0012));
#9991=CARTESIAN_POINT('',(0.00515,-0.00145,0.0012));
#9992=CARTESIAN_POINT('',(0.00389426316451256,-0.000725,0.0012));
#9993=CARTESIAN_POINT('',(0.00389426316451256,-0.000725,0.0012));
#9994=CARTESIAN_POINT('',(0.00515,0.,0.0012));
#9995=CARTESIAN_POINT('',(0.00379926558085078,-0.000527272727272728,0.0012));
#9996=CARTESIAN_POINT('',(0.00379926558085078,-0.000527272727272728,0.));
#9997=CARTESIAN_POINT('',(0.00379926558085078,-0.000527272727272728,-0.0002));
#9998=CARTESIAN_POINT('',(0.00515,0.,-0.0002));
#9999=CARTESIAN_POINT('',(0.00389426316451256,0.000725,-0.0002));
#10000=CARTESIAN_POINT('',(0.00389426316451256,0.000725,-0.0002));
#10001=CARTESIAN_POINT('',(0.00343900325672275,-0.00477008806464772,-0.0006));
#10002=CARTESIAN_POINT('',(0.00270989526617732,-0.00745265519967337,-0.0006));
#10003=CARTESIAN_POINT('',(0.00434415065919141,-0.00143982875367814,0.001));
#10004=CARTESIAN_POINT('',(0.00434971981331816,-0.00141933846962688,0.00102060024201815));
#10005=CARTESIAN_POINT('',(0.00435529211788822,-0.00139883659432196,0.00104118808788145));
#10006=CARTESIAN_POINT('',(0.00436086796810414,-0.00137832167371623,0.00106176198257314));
#10007=CARTESIAN_POINT('',(0.00436086796810414,-0.00137832167371623,0.00106176198257314));
#10008=CARTESIAN_POINT('',(0.00436086796810414,-0.00137832167371623,-0.0006));
#10009=CARTESIAN_POINT('',(0.00436086796810414,-0.00137832167371623,-6.17619825731414E-5));
#10010=CARTESIAN_POINT('',(0.00436086796810414,-0.00137832167371623,-6.17619825731414E-5));
#10011=CARTESIAN_POINT('',(0.00435529211788822,-0.00139883659432196,-4.11880878814467E-5));
#10012=CARTESIAN_POINT('',(0.00434971981331816,-0.00141933846962688,-2.06002420181465E-5));
#10013=CARTESIAN_POINT('',(0.00434415065919141,-0.00143982875367814,-4.85776283061856E-21));
#10014=CARTESIAN_POINT('',(0.00163746554641762,-0.00477564985989292,-0.0006));
#10015=CARTESIAN_POINT('',(0.000579523292612649,-0.000649675070053541,-0.0006));
#10016=CARTESIAN_POINT('',(0.00232316412132989,-0.00744987430205078,-0.0006));
#10017=CARTESIAN_POINT('',(0.00361295738510606,-0.0006,-0.0006));
#10018=CARTESIAN_POINT('',(0.00361295738510606,-0.0004,-6.17619825731412E-5));
#10019=CARTESIAN_POINT('',(0.00368121207603053,-0.0004,-0.00012781654584779));
#10020=CARTESIAN_POINT('',(0.00376441123874931,-0.000437985045399299,-0.0002));
#10021=CARTESIAN_POINT('',(0.00379926558085078,-0.000527272727272728,-0.0002));
#10022=CARTESIAN_POINT('',(0.00379926558085078,-0.000527272727272728,0.0012));
#10023=CARTESIAN_POINT('',(0.00376441094757198,-0.000437984299479375,0.0012));
#10024=CARTESIAN_POINT('',(0.00368120343551646,-0.0004,0.0011278081838528));
#10025=CARTESIAN_POINT('',(0.00361295738510606,-0.0004,0.00106176198257314));
#10026=CARTESIAN_POINT('',(0.00416786959646551,-0.00132586570604009,-0.0006));
#10027=CARTESIAN_POINT('',(0.00428691570598485,-0.00116515471136856,-0.0002));
#10028=CARTESIAN_POINT('',(0.00436393664425311,-0.00122220770311382,-0.0002));
#10029=CARTESIAN_POINT('',(0.00437876753117589,-0.00131246479071636,-0.000127808183852799));
#10030=CARTESIAN_POINT('',(0.00436086796810414,-0.00137832167371623,-6.17619825731416E-5));
#10031=CARTESIAN_POINT('',(0.00436086796810414,-0.00137832167371623,0.00106176198257314));
#10032=CARTESIAN_POINT('',(0.00437876979740853,-0.00131245645269063,0.00112781654584779));
#10033=CARTESIAN_POINT('',(0.0043639360008164,-0.00122220722649031,0.0012));
#10034=CARTESIAN_POINT('',(0.00428691570598485,-0.00116515471136856,0.0012));
#10035=CARTESIAN_POINT('',(0.0025168968945387,-0.00740019923199724,-0.0006));
#10036=CARTESIAN_POINT('',(0.000773256065821458,-0.0006,-0.0006));
#10037=CARTESIAN_POINT('',(0.000789003256722753,-0.0145200880646477,-0.0006));
#10038=CARTESIAN_POINT('',(0.00190815454461759,-0.0104024559676761,-0.0006));
#10039=CARTESIAN_POINT('',(5.98952661773202E-5,-0.0172026551996733,-0.0006));
#10040=CARTESIAN_POINT('',(-0.00101253445358238,-0.0145256498598929,-0.0006));
#10041=CARTESIAN_POINT('',(-0.00207047670738735,-0.0103996750700535,-0.0006));
#10042=CARTESIAN_POINT('',(-0.000326835878670111,-0.0171998743020508,-0.0006));
#10043=CARTESIAN_POINT('',(-7.50000000000009E-5,-0.01015,-0.0006));
#10044=CARTESIAN_POINT('',(-0.00187674393417854,-0.01015,-0.0006));
#10045=CARTESIAN_POINT('',(0.00171515617297897,-0.01015,-0.0006));
#10046=CARTESIAN_POINT('',(-0.000133103105461303,-0.0171501992319972,-0.0006));
#10047=CARTESIAN_POINT('',(0.00171515617297897,-0.01035,-0.0006));
#10048=CARTESIAN_POINT('',(-0.00187674393417854,-0.01035,-0.0006));
#10049=CARTESIAN_POINT('',(-0.00015,-0.0195,-0.0007));
#10050=CARTESIAN_POINT('',(-0.00152307330204591,-0.0187808548775047,0.001));
#10051=CARTESIAN_POINT('',(-0.00152307330204591,-0.0187808548775047,0.0011));
#10052=CARTESIAN_POINT('',(-0.00152307330204591,-0.0187808548775047,-0.0001));
#10053=CARTESIAN_POINT('',(-0.00015,-0.0195,0.0011));
#10054=CARTESIAN_POINT('',(-0.00110341323838981,-0.0182779103155402,0.0011));
#10055=CARTESIAN_POINT('',(-0.00110341323838981,-0.0182779103155402,-1.0842021724855E-19));
#10056=CARTESIAN_POINT('',(-0.00110341323838981,-0.0182779103155402,-0.0001));
#10057=CARTESIAN_POINT('',(-0.00015,-0.0195,-0.0001));
#10058=CARTESIAN_POINT('',(-0.00515,0.,-0.0007));
#10059=CARTESIAN_POINT('',(-0.00600762120090124,-0.00129111807196891,-1.0842021724855E-19));
#10060=CARTESIAN_POINT('',(-0.00600762120090124,-0.00129111807196891,-0.0001));
#10061=CARTESIAN_POINT('',(-0.00600762120090124,-0.00129111807196891,0.0011));
#10062=CARTESIAN_POINT('',(-0.00515,0.,-0.0001));
#10063=CARTESIAN_POINT('',(-0.0053977299555048,-0.00153007511879175,-0.0001));
#10064=CARTESIAN_POINT('',(-0.0053977299555048,-0.00153007511879175,0.001));
#10065=CARTESIAN_POINT('',(-0.0053977299555048,-0.00153007511879175,0.0011));
#10066=CARTESIAN_POINT('',(-0.00515,0.,0.0011));
#10067=CARTESIAN_POINT('',(-0.00188433193302202,-0.0147491876751339,-0.0007));
#10068=CARTESIAN_POINT('',(-0.005235962337845,-0.00167782909632424,-0.0007));
#10069=CARTESIAN_POINT('',(-0.00103270152819905,-0.0180705462539434,-0.0007));
#10070=CARTESIAN_POINT('',(-0.00410299579906607,-0.0101225630254015,-0.0007));
#10071=CARTESIAN_POINT('',(-0.00631201477422634,-0.0015073890222765,-0.0007));
#10072=CARTESIAN_POINT('',(-0.0018939768239058,-0.0187377370285266,-0.0007));
#10073=CARTESIAN_POINT('',(-0.00170024405069699,-0.018688061958473,-0.0007));
#10074=CARTESIAN_POINT('',(-0.00168199546258501,-0.0188872276910475,0.001));
#10075=CARTESIAN_POINT('',(-0.00162521613170285,-0.0188820252769116,0.00105078653451991));
#10076=CARTESIAN_POINT('',(-0.00155882142925874,-0.0188491092500071,0.0011));
#10077=CARTESIAN_POINT('',(-0.00152307330204591,-0.0187808548775047,0.0011));
#10078=CARTESIAN_POINT('',(-0.00152307330204591,-0.0187808548775047,-0.0001));
#10079=CARTESIAN_POINT('',(-0.00155877214052907,-0.0188490151423831,-0.0001));
#10080=CARTESIAN_POINT('',(-0.00162519163283926,-0.0188820230322064,-5.0808447644457E-5));
#10081=CARTESIAN_POINT('',(-0.00168199546258527,-0.018887227691054,-2.53363670235482E-15));
#10082=CARTESIAN_POINT('',(-0.00611828200101753,-0.00145771395222296,-0.0007));
#10083=CARTESIAN_POINT('',(-0.00600762120090124,-0.00129111807196891,0.0011));
#10084=CARTESIAN_POINT('',(-0.00607171315407195,-0.00124854518956587,0.0011));
#10085=CARTESIAN_POINT('',(-0.00614582065107069,-0.00125156986110384,0.00105080844764445));
#10086=CARTESIAN_POINT('',(-0.00619812038948534,-0.00127434047614365,0.00100000000000253));
#10087=CARTESIAN_POINT('',(-0.00619812038948202,-0.00127434047614915,-1.01693738464151E-19));
#10088=CARTESIAN_POINT('',(-0.0061458432073663,-0.00125157968182411,-5.07865345199108E-5));
#10089=CARTESIAN_POINT('',(-0.00607180164465283,-0.00124848640997019,-0.000100000000000002));
#10090=CARTESIAN_POINT('',(-0.00600762120090124,-0.00129111807196891,-0.000100000000000002));
#10091=CARTESIAN_POINT('',(-0.00122643430140785,-0.018120221323997,-0.0007));
#10092=CARTESIAN_POINT('',(-0.00102722027268324,-0.0181025077484317,-1.0169373846415E-19));
#10093=CARTESIAN_POINT('',(-0.00102217038305047,-0.0181593008478625,-5.07865345199158E-5));
#10094=CARTESIAN_POINT('',(-0.00104266414041362,-0.0182305169081927,-0.000100000000000001));
#10095=CARTESIAN_POINT('',(-0.00110341323838981,-0.0182779103155402,-0.000100000000000002));
#10096=CARTESIAN_POINT('',(-0.00110341323838981,-0.0182779103155402,0.0011));
#10097=CARTESIAN_POINT('',(-0.0010427478999306,-0.0182305822531779,0.0011));
#10098=CARTESIAN_POINT('',(-0.00102216820414265,-0.0181593253526657,0.00105080844764446));
#10099=CARTESIAN_POINT('',(-0.00102722027267697,-0.0181025077484302,0.00100000000000253));
#10100=CARTESIAN_POINT('',(-0.00542969511105381,-0.00172750416637778,-0.0007));
#10101=CARTESIAN_POINT('',(-0.0053977299555048,-0.00153007511879175,-0.0001));
#10102=CARTESIAN_POINT('',(-0.00532177601682922,-0.00154237259727331,-9.99999999999987E-5));
#10103=CARTESIAN_POINT('',(-0.00526944774408758,-0.0015949351468805,-5.0808447644453E-5));
#10104=CARTESIAN_POINT('',(-0.00524653673735323,-0.00164717353619287,-2.53374708588525E-15));
#10105=CARTESIAN_POINT('',(-0.0052465367373594,-0.00164717353619466,0.001));
#10106=CARTESIAN_POINT('',(-0.00526943786283004,-0.00159495767672222,0.00105078653451991));
#10107=CARTESIAN_POINT('',(-0.00532167114862313,-0.00154238957617566,0.0011));
#10108=CARTESIAN_POINT('',(-0.0053977299555048,-0.00153007511879175,0.0011));
#10109=CARTESIAN_POINT('',(-0.00015,-0.0195,-0.0007));
#10110=CARTESIAN_POINT('',(0.00123327320402235,-0.0188006751519975,-1.0842021724855E-19));
#10111=CARTESIAN_POINT('',(0.00123327320402235,-0.0188006751519975,-0.0001));
#10112=CARTESIAN_POINT('',(0.00123327320402235,-0.0188006751519975,0.0011));
#10113=CARTESIAN_POINT('',(-0.00015,-0.0195,-0.0001));
#10114=CARTESIAN_POINT('',(0.000820889287998224,-0.0182917475468884,-0.0001));
#10115=CARTESIAN_POINT('',(0.000820889287998224,-0.0182917475468884,0.001));
#10116=CARTESIAN_POINT('',(0.000820889287998224,-0.0182917475468884,0.0011));
#10117=CARTESIAN_POINT('',(-0.00015,-0.0195,0.0011));
#10118=CARTESIAN_POINT('',(0.00394748778728967,-0.010143419757571,-0.0007));
#10119=CARTESIAN_POINT('',(0.00629021713388322,-0.00152394385972684,-0.0007));
#10120=CARTESIAN_POINT('',(0.00160475844069611,-0.0187628956554153,-0.0007));
#10121=CARTESIAN_POINT('',(0.00515,0.,-0.0007));
#10122=CARTESIAN_POINT('',(0.00598896518941664,-0.0013033178472449,0.001));
#10123=CARTESIAN_POINT('',(0.00598896518941664,-0.0013033178472449,0.0011));
#10124=CARTESIAN_POINT('',(0.00598896518941664,-0.0013033178472449,-0.0001));
#10125=CARTESIAN_POINT('',(0.00515,0.,0.0011));
#10126=CARTESIAN_POINT('',(0.00537570061616124,-0.0015334794527037,0.0011));
#10127=CARTESIAN_POINT('',(0.00537570061616124,-0.0015334794527037,-1.0842021724855E-19));
#10128=CARTESIAN_POINT('',(0.00537570061616124,-0.0015334794527037,-0.0001));
#10129=CARTESIAN_POINT('',(0.00515,0.,-0.0001));
#10130=CARTESIAN_POINT('',(0.00430749592909656,-0.00500613991919034,-0.0007));
#10131=CARTESIAN_POINT('',(0.000753166953520662,-0.0180833880368753,-0.0007));
#10132=CARTESIAN_POINT('',(0.00521182490467245,-0.00167889180150546,-0.0007));
#10133=CARTESIAN_POINT('',(0.00141176006905749,-0.0187104396877391,-0.0007));
#10134=CARTESIAN_POINT('',(0.00123327320402235,-0.0188006751519975,0.0011));
#10135=CARTESIAN_POINT('',(0.00126798815099923,-0.0188693417467415,0.0011));
#10136=CARTESIAN_POINT('',(0.00133392609468201,-0.0189033013894401,0.00105080844764445));
#10137=CARTESIAN_POINT('',(0.00139064920317099,-0.0189093223952429,0.00100000000000253));
#10138=CARTESIAN_POINT('',(0.00139064920317083,-0.0189093223952366,-1.01693738464151E-19));
#10139=CARTESIAN_POINT('',(0.00133395055873151,-0.0189033039862267,-5.07865345199133E-5));
#10140=CARTESIAN_POINT('',(0.001268036081288,-0.0188694365534458,-9.99999999999981E-5));
#10141=CARTESIAN_POINT('',(0.00123327320402235,-0.0188006751519975,-0.000100000000000002));
#10142=CARTESIAN_POINT('',(0.0060972187622446,-0.0014714878920507,-0.0007));
#10143=CARTESIAN_POINT('',(0.00617968595406777,-0.00128928151929497,0.001));
#10144=CARTESIAN_POINT('',(0.00612774149658603,-0.00126577129034683,0.00105078653451991));
#10145=CARTESIAN_POINT('',(0.00605375207421176,-0.0012616135606131,0.0011));
#10146=CARTESIAN_POINT('',(0.00598896518941664,-0.0013033178472449,0.0011));
#10147=CARTESIAN_POINT('',(0.00598896518941664,-0.0013033178472449,-0.0001));
#10148=CARTESIAN_POINT('',(0.00605366274748334,-0.00126167106156406,-0.000100000000000002));
#10149=CARTESIAN_POINT('',(0.00612771908385287,-0.00126576114626427,-5.08084476444544E-5));
#10150=CARTESIAN_POINT('',(0.00617968595407117,-0.00128928151928951,-2.53352042764406E-15));
#10151=CARTESIAN_POINT('',(0.00540482327631107,-0.00173134776918159,-0.0007));
#10152=CARTESIAN_POINT('',(0.00522283906252651,-0.00164839147988888,-1.01693738464151E-19));
#10153=CARTESIAN_POINT('',(0.00524648872623935,-0.00159651035678484,-5.07865345199147E-5));
#10154=CARTESIAN_POINT('',(0.00529947258257141,-0.00154469884929858,-0.000100000000000001));
#10155=CARTESIAN_POINT('',(0.00537570061616123,-0.0015334794527037,-0.000100000000000002));
#10156=CARTESIAN_POINT('',(0.00537570061616124,-0.0015334794527037,0.0011));
#10157=CARTESIAN_POINT('',(0.00529957768410356,-0.0015446833802419,0.0011));
#10158=CARTESIAN_POINT('',(0.00524649893047249,-0.00159648797137341,0.00105080844764446));
#10159=CARTESIAN_POINT('',(0.00522283906252037,-0.00164839147988701,0.00100000000000253));
#10160=CARTESIAN_POINT('',(0.000946165325159285,-0.0181358440045514,-0.0007));
#10161=CARTESIAN_POINT('',(0.000820889287998224,-0.0182917475468884,-0.0001));
#10162=CARTESIAN_POINT('',(0.00076091083883506,-0.0182435519618901,-0.000100000000000003));
#10163=CARTESIAN_POINT('',(0.000741358003227892,-0.0181720064772734,-5.08084476444476E-5));
#10164=CARTESIAN_POINT('',(0.000747226632585142,-0.0181152674013468,-2.53460187075561E-15));
#10165=CARTESIAN_POINT('',(0.000747226632591391,-0.0181152674013483,0.001));
#10166=CARTESIAN_POINT('',(0.000741360534309349,-0.0181719820063387,0.00105078653451991));
#10167=CARTESIAN_POINT('',(0.000760828027693504,-0.0182434854191324,0.0011));
#10168=CARTESIAN_POINT('',(0.000820889287998222,-0.0182917475468884,0.0011));
#10169=CARTESIAN_POINT('',(0.00515,0.,-0.0007));
#10170=CARTESIAN_POINT('',(0.00411235254305812,0.00115142857142857,-1.0842021724855E-19));
#10171=CARTESIAN_POINT('',(0.00411235254305812,0.00115142857142857,-0.0001));
#10172=CARTESIAN_POINT('',(0.00411235254305812,0.00115142857142857,0.0011));
#10173=CARTESIAN_POINT('',(0.00515,0.,-0.0001));
#10174=CARTESIAN_POINT('',(0.00372940153456369,0.00062,-0.0001));
#10175=CARTESIAN_POINT('',(0.00372940153456369,0.00062,0.001));
#10176=CARTESIAN_POINT('',(0.00372940153456369,0.00062,0.0011));
#10177=CARTESIAN_POINT('',(0.00515,0.,0.0011));
#10178=CARTESIAN_POINT('',(-0.00515,0.,-0.0007));
#10179=CARTESIAN_POINT('',(-0.00411235254305812,0.00115142857142857,0.001));
#10180=CARTESIAN_POINT('',(-0.00411235254305812,0.00115142857142857,0.0011));
#10181=CARTESIAN_POINT('',(-0.00411235254305812,0.00115142857142857,-0.0001));
#10182=CARTESIAN_POINT('',(-0.00515,0.,0.0011));
#10183=CARTESIAN_POINT('',(-0.00372940153456369,0.00062,0.0011));
#10184=CARTESIAN_POINT('',(-0.00372940153456369,0.00062,-1.0842021724855E-19));
#10185=CARTESIAN_POINT('',(-0.00372940153456369,0.00062,-0.0001));
#10186=CARTESIAN_POINT('',(-0.00515,0.,-0.0001));
#10187=CARTESIAN_POINT('',(-0.002575,0.0005,-0.0007));
#10188=CARTESIAN_POINT('',(0.00354609850676545,0.0005,-0.0007));
#10189=CARTESIAN_POINT('',(-0.00354609850676545,0.0005,-0.0007));
#10190=CARTESIAN_POINT('',(4.21049387373012E-20,0.0015,-0.0007));
#10191=CARTESIAN_POINT('',(-0.003978462548614,0.0015,-0.0007));
#10192=CARTESIAN_POINT('',(0.003978462548614,0.0015,-0.0007));
#10193=CARTESIAN_POINT('',(0.003978462548614,0.0013,-0.0007));
#10194=CARTESIAN_POINT('',(0.00411235254305812,0.00115142857142857,0.0011));
#10195=CARTESIAN_POINT('',(0.0041695102172334,0.00120293807599046,0.0011));
#10196=CARTESIAN_POINT('',(0.00418498680273244,0.0012754745843888,0.00105080844764445));
#10197=CARTESIAN_POINT('',(0.00417591969658342,0.00133179111068095,0.00100000000000253));
#10198=CARTESIAN_POINT('',(0.00417591969657727,0.00133179111067911,-1.01693738464151E-19));
#10199=CARTESIAN_POINT('',(0.0041849828921834,0.00127549887308215,-5.07865345199127E-5));
#10200=CARTESIAN_POINT('',(0.00416958913378281,0.00120300919421598,-0.000100000000000002));
#10201=CARTESIAN_POINT('',(0.00411235254305812,0.00115142857142857,-0.000100000000000002));
#10202=CARTESIAN_POINT('',(-0.003978462548614,0.0013,-0.0007));
#10203=CARTESIAN_POINT('',(-0.00417591969657727,0.00133179111067911,0.001));
#10204=CARTESIAN_POINT('',(-0.0041849828921834,0.00127549887308215,0.00105078653451991));
#10205=CARTESIAN_POINT('',(-0.00416958913378281,0.00120300919421598,0.0011));
#10206=CARTESIAN_POINT('',(-0.00411235254305812,0.00115142857142857,0.0011));
#10207=CARTESIAN_POINT('',(-0.00411235254305812,0.00115142857142857,-0.0001));
#10208=CARTESIAN_POINT('',(-0.0041695102172334,0.00120293807599046,-0.0001));
#10209=CARTESIAN_POINT('',(-0.00418498680273244,0.0012754745843888,-5.08084476444537E-5));
#10210=CARTESIAN_POINT('',(-0.00417591969658342,0.00133179111068095,-2.5337029074095E-15));
#10211=CARTESIAN_POINT('',(-0.00354609850676545,0.0007,-0.0007));
#10212=CARTESIAN_POINT('',(-0.00357841986033958,0.000502628953229873,-1.01693738464151E-19));
#10213=CARTESIAN_POINT('',(-0.00363468755170526,0.000511843313579029,-5.07865345199129E-5));
#10214=CARTESIAN_POINT('',(-0.00369858183186578,0.00054938318974539,-0.000100000000000003));
#10215=CARTESIAN_POINT('',(-0.00372940153456369,0.00062,-0.000100000000000003));
#10216=CARTESIAN_POINT('',(-0.00372940153456369,0.00062,0.0011));
#10217=CARTESIAN_POINT('',(-0.00369862432539239,0.000549480554646501,0.0011));
#10218=CARTESIAN_POINT('',(-0.00363471182980965,0.000511847289338831,0.00105080844764445));
#10219=CARTESIAN_POINT('',(-0.00357841986033979,0.00050262895322345,0.00100000000000253));
#10220=CARTESIAN_POINT('',(0.00354609850676545,0.0007,-0.0007));
#10221=CARTESIAN_POINT('',(0.00372940153456369,0.00062,-0.0001));
#10222=CARTESIAN_POINT('',(0.00369862432539238,0.000549480554646501,-0.0001));
#10223=CARTESIAN_POINT('',(0.00363471182980965,0.00051184728933883,-5.08084476444543E-5));
#10224=CARTESIAN_POINT('',(0.00357841986033978,0.000502628953223449,-2.53377349321271E-15));
#10225=CARTESIAN_POINT('',(0.00357841986033958,0.000502628953229871,0.001));
#10226=CARTESIAN_POINT('',(0.00363468755170526,0.000511843313579026,0.00105078653451991));
#10227=CARTESIAN_POINT('',(0.00369858183186578,0.00054938318974539,0.0011));
#10228=CARTESIAN_POINT('',(0.00372940153456369,0.00062,0.0011));
#10229=CARTESIAN_POINT('',(0.,-0.00975,-0.0005));
#10230=CARTESIAN_POINT('',(-0.00406746824526945,0.000625,-0.0005));
#10231=CARTESIAN_POINT('',(-0.00515,0.00125,-0.0005));
#10232=CARTESIAN_POINT('',(0.,-0.00975,-0.0005));
#10233=CARTESIAN_POINT('',(-0.000777868417743719,-0.0191375,-0.0005));
#10234=CARTESIAN_POINT('',(-0.000777868417743718,-0.0198625,-0.0005));
#10235=CARTESIAN_POINT('',(0.,-0.00975,0.0015));
#10236=CARTESIAN_POINT('',(0.00515,0.00125,0.0015));
#10237=CARTESIAN_POINT('',(0.00406746824526945,0.000625,0.0015));
#10238=CARTESIAN_POINT('',(-0.00015,-0.0195,0.0015));
#10239=CARTESIAN_POINT('',(-0.00015,-0.0195,0.0012));
#10240=CARTESIAN_POINT('',(-0.00015,-0.01805,0.0012));
#10241=CARTESIAN_POINT('',(-0.00140573683548744,-0.018775,0.0012));
#10242=CARTESIAN_POINT('',(-0.00140573683548744,-0.018775,0.0012));
#10243=CARTESIAN_POINT('',(-0.00015,-0.01805,0.0012));
#10244=CARTESIAN_POINT('',(0.,-0.00975,0.0015));
#10245=CARTESIAN_POINT('',(0.000477868417743717,-0.0198625,0.0015));
#10246=CARTESIAN_POINT('',(0.000477868417743718,-0.0191375,0.0015));
#10247=CARTESIAN_POINT('',(-0.00015,-0.0195,0.0012));
#10248=CARTESIAN_POINT('',(-0.00015,-0.0195,0.0012));
#10249=CARTESIAN_POINT('',(-0.00015,-0.0195,0.0012));
#10250=CARTESIAN_POINT('',(-0.00015,-0.0195,0.0012));
#10251=CARTESIAN_POINT('',(0.00515,0.,0.001));
#10252=CARTESIAN_POINT('',(0.00515,0.,0.0012));
#10253=CARTESIAN_POINT('',(0.00515,-7.04731412115578E-19,0.0012));
#10254=CARTESIAN_POINT('',(0.00515,-4.33680868994202E-19,0.0012));
#10255=CARTESIAN_POINT('',(-0.00515,0.,0.001));
#10256=CARTESIAN_POINT('',(-0.00515,9.75781955236954E-19,0.0012));
#10257=CARTESIAN_POINT('',(-0.00515,9.21571846612679E-19,0.0012));
#10258=CARTESIAN_POINT('',(-0.00515,1.51788304147971E-18,0.0012));
#10259=CARTESIAN_POINT('',(-0.00015,-0.0195,0.));
#10260=CARTESIAN_POINT('',(-0.00015,-0.0195,-0.0002));
#10261=CARTESIAN_POINT('',(-0.00015,-0.0195,-0.0002));
#10262=CARTESIAN_POINT('',(-0.00015,-0.0195,-0.0002));
#10263=CARTESIAN_POINT('',(0.00515,0.,-0.0002));
#10264=CARTESIAN_POINT('',(0.00515,0.,-0.0002));
#10265=CARTESIAN_POINT('',(0.00515,0.,-0.0002));
#10266=CARTESIAN_POINT('',(0.00515,0.,-0.0002));
#10267=CARTESIAN_POINT('',(-0.00515,0.,-0.0002));
#10268=CARTESIAN_POINT('',(-0.00515,0.,-0.0002));
#10269=CARTESIAN_POINT('',(-0.00515,-2.11419423634674E-18,-0.0002));
#10270=CARTESIAN_POINT('',(-0.00515,2.11419423634674E-18,-0.0002));
#10271=CARTESIAN_POINT('',(-0.00406746824526945,0.000625,0.0012));
#10272=CARTESIAN_POINT('',(-0.00406746824526945,0.000625,0.0012));
#10273=CARTESIAN_POINT('',(-0.00515,0.00125,0.0012));
#10274=CARTESIAN_POINT('',(-0.00515,0.00125,0.0012));
#10275=CARTESIAN_POINT('',(0.,-0.00975,0.0012));
#10276=CARTESIAN_POINT('',(-0.00623253175473055,0.000625,0.0012));
#10277=CARTESIAN_POINT('',(-0.00623253175473055,0.000625,0.0012));
#10278=CARTESIAN_POINT('',(-0.00623253175473055,-0.000625,0.0012));
#10279=CARTESIAN_POINT('',(-0.00623253175473055,-0.000625,0.0012));
#10280=CARTESIAN_POINT('',(0.,-0.00975,0.0012));
#10281=CARTESIAN_POINT('',(-0.00515,-0.00125,0.0012));
#10282=CARTESIAN_POINT('',(-0.00515,-0.00125,0.0012));
#10283=CARTESIAN_POINT('',(-0.00406746824526945,-0.000625,0.0012));
#10284=CARTESIAN_POINT('',(-0.00406746824526945,-0.000625,0.0012));
#10285=CARTESIAN_POINT('',(0.,-0.00975,0.0012));
#10286=CARTESIAN_POINT('',(0.00406746824526945,0.000625,0.0012));
#10287=CARTESIAN_POINT('',(0.00406746824526945,0.000625,0.0012));
#10288=CARTESIAN_POINT('',(0.00406746824526945,-0.000625,0.0012));
#10289=CARTESIAN_POINT('',(0.00406746824526945,-0.000625,0.0012));
#10290=CARTESIAN_POINT('',(0.,-0.00975,0.0012));
#10291=CARTESIAN_POINT('',(0.00623253175473055,-0.000625,0.0012));
#10292=CARTESIAN_POINT('',(0.00623253175473055,-0.000625,0.0012));
#10293=CARTESIAN_POINT('',(0.00515,-0.00125,0.0012));
#10294=CARTESIAN_POINT('',(0.00515,-0.00125,0.0012));
#10295=CARTESIAN_POINT('',(0.,-0.00975,0.0012));
#10296=CARTESIAN_POINT('',(0.00623253175473055,0.000625,0.0012));
#10297=CARTESIAN_POINT('',(0.00623253175473055,0.000625,0.0012));
#10298=CARTESIAN_POINT('',(0.00515,0.00125,0.0012));
#10299=CARTESIAN_POINT('',(0.00515,0.00125,0.0012));
#10300=CARTESIAN_POINT('',(0.,-0.00975,0.0012));
#10301=CARTESIAN_POINT('',(-0.00015,-0.018775,0.0012));
#10302=CARTESIAN_POINT('',(-0.00015,-0.018775,0.0012));
#10303=CARTESIAN_POINT('',(0.000477868417743718,-0.0191375,0.0012));
#10304=CARTESIAN_POINT('',(0.000477868417743718,-0.0191375,0.0012));
#10305=CARTESIAN_POINT('',(0.,-0.00975,0.0012));
#10306=CARTESIAN_POINT('',(-0.00015,-0.020225,0.0012));
#10307=CARTESIAN_POINT('',(-0.00015,-0.020225,0.0012));
#10308=CARTESIAN_POINT('',(0.000477868417743717,-0.0198625,0.0012));
#10309=CARTESIAN_POINT('',(0.000477868417743717,-0.0198625,0.0012));
#10310=CARTESIAN_POINT('',(0.,-0.00975,0.0012));
#10311=CARTESIAN_POINT('',(-0.000777868417743719,-0.0191375,0.0012));
#10312=CARTESIAN_POINT('',(-0.000777868417743719,-0.0191375,0.0012));
#10313=CARTESIAN_POINT('',(-0.000777868417743718,-0.0198625,0.0012));
#10314=CARTESIAN_POINT('',(-0.000777868417743718,-0.0198625,0.0012));
#10315=CARTESIAN_POINT('',(0.,-0.00975,0.0012));
#10316=CARTESIAN_POINT('',(-0.00515,0.00125,-0.0002));
#10317=CARTESIAN_POINT('',(-0.00515,0.00125,-0.0002));
#10318=CARTESIAN_POINT('',(-0.00623253175473055,0.000625,-0.0002));
#10319=CARTESIAN_POINT('',(-0.00623253175473055,0.000625,-0.0002));
#10320=CARTESIAN_POINT('',(0.,-0.00975,-0.0002));
#10321=CARTESIAN_POINT('',(-0.00623253175473055,-0.000625,-0.0002));
#10322=CARTESIAN_POINT('',(-0.00623253175473055,-0.000625,-0.0002));
#10323=CARTESIAN_POINT('',(-0.00515,-0.00125,-0.0002));
#10324=CARTESIAN_POINT('',(-0.00515,-0.00125,-0.0002));
#10325=CARTESIAN_POINT('',(0.,-0.00975,-0.0002));
#10326=CARTESIAN_POINT('',(-0.00406746824526945,0.000625,-0.0002));
#10327=CARTESIAN_POINT('',(-0.00406746824526945,0.000625,-0.0002));
#10328=CARTESIAN_POINT('',(-0.00406746824526945,-0.000625,-0.0002));
#10329=CARTESIAN_POINT('',(-0.00406746824526945,-0.000625,-0.0002));
#10330=CARTESIAN_POINT('',(0.,-0.00975,-0.0002));
#10331=CARTESIAN_POINT('',(0.00623253175473055,-0.000625,-0.0002));
#10332=CARTESIAN_POINT('',(0.00623253175473055,-0.000625,-0.0002));
#10333=CARTESIAN_POINT('',(0.00623253175473055,0.000625,-0.0002));
#10334=CARTESIAN_POINT('',(0.00623253175473055,0.000625,-0.0002));
#10335=CARTESIAN_POINT('',(0.,-0.00975,-0.0002));
#10336=CARTESIAN_POINT('',(0.00515,0.00125,-0.0002));
#10337=CARTESIAN_POINT('',(0.00515,0.00125,-0.0002));
#10338=CARTESIAN_POINT('',(0.00406746824526945,0.000625,-0.0002));
#10339=CARTESIAN_POINT('',(0.00406746824526945,0.000625,-0.0002));
#10340=CARTESIAN_POINT('',(0.,-0.00975,-0.0002));
#10341=CARTESIAN_POINT('',(0.00406746824526945,-0.000625,-0.0002));
#10342=CARTESIAN_POINT('',(0.00406746824526945,-0.000625,-0.0002));
#10343=CARTESIAN_POINT('',(0.00515,-0.00125,-0.0002));
#10344=CARTESIAN_POINT('',(0.00515,-0.00125,-0.0002));
#10345=CARTESIAN_POINT('',(0.,-0.00975,-0.0002));
#10346=CARTESIAN_POINT('',(-0.000777868417743718,-0.0198625,-0.0002));
#10347=CARTESIAN_POINT('',(-0.000777868417743718,-0.0198625,-0.0002));
#10348=CARTESIAN_POINT('',(-0.00015,-0.020225,-0.0002));
#10349=CARTESIAN_POINT('',(-0.00015,-0.020225,-0.0002));
#10350=CARTESIAN_POINT('',(0.,-0.00975,-0.0002));
#10351=CARTESIAN_POINT('',(0.000477868417743718,-0.0191375,-0.0002));
#10352=CARTESIAN_POINT('',(0.000477868417743718,-0.0191375,-0.0002));
#10353=CARTESIAN_POINT('',(0.000477868417743717,-0.0198625,-0.0002));
#10354=CARTESIAN_POINT('',(0.000477868417743717,-0.0198625,-0.0002));
#10355=CARTESIAN_POINT('',(0.,-0.00975,-0.0002));
#10356=CARTESIAN_POINT('',(-0.00015,-0.018775,-0.0002));
#10357=CARTESIAN_POINT('',(-0.00015,-0.018775,-0.0002));
#10358=CARTESIAN_POINT('',(-0.000777868417743719,-0.0191375,-0.0002));
#10359=CARTESIAN_POINT('',(-0.000777868417743719,-0.0191375,-0.0002));
#10360=CARTESIAN_POINT('',(0.,-0.00975,-0.0002));
#10361=CARTESIAN_POINT('',(-0.00923641995495174,0.00135292328594969,0.0625278706195059));
#10362=CARTESIAN_POINT('',(0.,0.,0.0475));
#10363=CARTESIAN_POINT('',(0.,0.,0.000499999999999994));
#10364=CARTESIAN_POINT('',(0.,-0.003,0.000499999999999994));
#10365=CARTESIAN_POINT('',(0.,0.,0.0475));
#10366=CARTESIAN_POINT('',(0.,-0.003,0.0475));
#10367=CARTESIAN_POINT('',(0.,0.,0.0475));
#10368=CARTESIAN_POINT('',(0.0015,0.,0.0475));
#10369=CARTESIAN_POINT('',(0.0015,-0.0005,0.0475));
#10370=CARTESIAN_POINT('',(-0.0015,0.,0.0475));
#10371=CARTESIAN_POINT('',(-0.0015,-0.0005,0.0475));
#10372=CARTESIAN_POINT('',(0.,0.,0.));
#10373=CARTESIAN_POINT('',(0.,0.,0.));
#10374=CARTESIAN_POINT('',(0.,-0.0025,0.));
#10375=CARTESIAN_POINT('',(0.,0.,0.000499999999999994));
#10376=CARTESIAN_POINT('',(-0.0015,0.,0.0525));
#10377=CARTESIAN_POINT('',(-0.0015,0.,0.0525));
#10378=CARTESIAN_POINT('',(-0.0015,-0.0005,0.0525));
#10379=CARTESIAN_POINT('',(-0.0015,0.,0.0525));
#10380=CARTESIAN_POINT('',(0.0015,0.,0.0525));
#10381=CARTESIAN_POINT('',(0.0015,0.,0.0525));
#10382=CARTESIAN_POINT('',(0.0015,-0.0005,0.0525));
#10383=CARTESIAN_POINT('',(0.0015,0.,0.0525));
#10384=CARTESIAN_POINT('',(-0.00333641995495171,0.00610292328594973,0.00802787061950592));
#10385=CARTESIAN_POINT('',(-6.49062803548097E-19,0.00375,0.051));
#10386=CARTESIAN_POINT('',(-6.49062803548097E-19,0.00375,0.0002));
#10387=CARTESIAN_POINT('',(0.0031,0.00375,0.0002));
#10388=CARTESIAN_POINT('',(0.00304828913901595,0.0031225199785688,0.00337365133829399));
#10389=CARTESIAN_POINT('',(0.00312583870950654,0.00375010806049053,0.00311319088185293));
#10390=CARTESIAN_POINT('',(0.0030483560229579,0.0043770477794691,0.00337358513429429));
#10391=CARTESIAN_POINT('',(0.00296830669701788,0.00463652067588134,0.00399906348325438));
#10392=CARTESIAN_POINT('',(0.00304839240769688,0.0043768685418348,0.00462710125328387));
#10393=CARTESIAN_POINT('',(0.00312577270963818,0.00375039651360456,0.00488636522327163));
#10394=CARTESIAN_POINT('',(0.00304851664194784,0.00312358477981886,0.00462743742039471));
#10395=CARTESIAN_POINT('',(0.00296829233311376,0.00286347395563415,0.00400031819541176));
#10396=CARTESIAN_POINT('',(0.00304828913901595,0.0031225199785688,0.00337365133829399));
#10397=CARTESIAN_POINT('',(0.00312583870950654,0.00375010806049053,0.00311319088185293));
#10398=CARTESIAN_POINT('',(0.0030483560229579,0.0043770477794691,0.00337358513429429));
#10399=CARTESIAN_POINT('',(0.0031,0.00375,0.0032));
#10400=CARTESIAN_POINT('',(-0.0031,0.00375,0.0475));
#10401=CARTESIAN_POINT('',(-0.0031,0.00375,0.0475));
#10402=CARTESIAN_POINT('',(-0.0031,0.00375,0.0508));
#10403=CARTESIAN_POINT('',(-6.49062803548097E-19,0.00375,0.0508));
#10404=CARTESIAN_POINT('',(0.0031,0.00375,0.0508));
#10405=CARTESIAN_POINT('',(0.0031,0.00375,0.0475));
#10406=CARTESIAN_POINT('',(0.0031,0.00375,0.0475));
#10407=CARTESIAN_POINT('',(-6.49062803548097E-19,0.00375,0.0475));
#10408=CARTESIAN_POINT('',(0.000627480021431196,0.00679828913901595,0.043873651338294));
#10409=CARTESIAN_POINT('',(-1.0806049052339E-7,0.00687583870950654,0.0436131908818529));
#10410=CARTESIAN_POINT('',(-0.000627047779469105,0.0067983560229579,0.0438735851342943));
#10411=CARTESIAN_POINT('',(-0.000886520675881343,0.00671830669701789,0.0444990634832544));
#10412=CARTESIAN_POINT('',(-0.000626868541834794,0.00679839240769688,0.0451271012532839));
#10413=CARTESIAN_POINT('',(-3.96513604554807E-7,0.00687577270963818,0.0453863652232716));
#10414=CARTESIAN_POINT('',(0.000626415220181142,0.00679851664194784,0.0451274374203947));
#10415=CARTESIAN_POINT('',(0.000886526044365853,0.00671829233311375,0.0445003181954118));
#10416=CARTESIAN_POINT('',(0.000627480021431196,0.00679828913901595,0.043873651338294));
#10417=CARTESIAN_POINT('',(-1.0806049052339E-7,0.00687583870950654,0.0436131908818529));
#10418=CARTESIAN_POINT('',(-0.000627047779469105,0.0067983560229579,0.0438735851342943));
#10419=CARTESIAN_POINT('',(-1.49121202180763E-18,0.00685,0.0437));
#10420=CARTESIAN_POINT('',(-0.00304828913901595,0.00312251997856881,0.00462634866170601));
#10421=CARTESIAN_POINT('',(-0.00312583870950654,0.00375010806049052,0.00488680911814707));
#10422=CARTESIAN_POINT('',(-0.0030483560229579,0.0043770477794691,0.00462641486570571));
#10423=CARTESIAN_POINT('',(-0.00296830669701788,0.00463652067588134,0.00400093651674562));
#10424=CARTESIAN_POINT('',(-0.00304839240769688,0.00437686854183479,0.00337289874671613));
#10425=CARTESIAN_POINT('',(-0.00312577270963818,0.00375039651360456,0.00311363477672837));
#10426=CARTESIAN_POINT('',(-0.00304851664194784,0.00312358477981886,0.00337256257960529));
#10427=CARTESIAN_POINT('',(-0.00296829233311375,0.00286347395563415,0.00399968180458824));
#10428=CARTESIAN_POINT('',(-0.00304828913901595,0.00312251997856881,0.00462634866170601));
#10429=CARTESIAN_POINT('',(-0.00312583870950654,0.00375010806049052,0.00488680911814707));
#10430=CARTESIAN_POINT('',(-0.0030483560229579,0.0043770477794691,0.00462641486570571));
#10431=CARTESIAN_POINT('',(-0.0031,0.00375,0.0048));
#10432=CARTESIAN_POINT('',(-9.49101269339199E-20,0.00375,0.051));
#10433=CARTESIAN_POINT('',(0.0044,0.00375,0.007));
#10434=CARTESIAN_POINT('',(0.0044,0.00375,0.0032));
#10435=CARTESIAN_POINT('',(0.0044,0.00375,0.0002));
#10436=CARTESIAN_POINT('',(-9.49101269339199E-20,0.00375,0.0002));
#10437=CARTESIAN_POINT('',(-0.0044,0.00375,0.0002));
#10438=CARTESIAN_POINT('',(-0.0044,0.00375,0.007));
#10439=CARTESIAN_POINT('',(-0.0044,0.00375,0.0032));
#10440=CARTESIAN_POINT('',(-0.0044,0.00375,0.0048));
#10441=CARTESIAN_POINT('',(-0.0044,0.00396185115840605,0.0048));
#10442=CARTESIAN_POINT('',(-0.00436362806327251,0.00437552896882337,0.0046265828665646));
#10443=CARTESIAN_POINT('',(-0.00430819537849916,0.004637103788739,0.00400095314498671));
#10444=CARTESIAN_POINT('',(-0.0043635598833143,0.00437605437680096,0.00337339855222834));
#10445=CARTESIAN_POINT('',(-0.0044,0.00396185195848065,0.0032));
#10446=CARTESIAN_POINT('',(-0.0044,0.00375,0.0032));
#10447=CARTESIAN_POINT('',(-0.0044,0.00375,0.0048));
#10448=CARTESIAN_POINT('',(-0.0044,0.00375,0.007));
#10449=CARTESIAN_POINT('',(-0.0044,0.00375,0.041));
#10450=CARTESIAN_POINT('',(-9.49101269339199E-20,0.00375,0.041));
#10451=CARTESIAN_POINT('',(-9.49101269339199E-20,0.00815,0.041));
#10452=CARTESIAN_POINT('',(-9.49101269339199E-20,0.00375,0.041));
#10453=CARTESIAN_POINT('',(0.0044,0.00375,0.041));
#10454=CARTESIAN_POINT('',(0.0044,0.00375,0.007));
#10455=CARTESIAN_POINT('',(0.0044,0.00375,0.0048));
#10456=CARTESIAN_POINT('',(0.0044,0.00375,0.0032));
#10457=CARTESIAN_POINT('',(0.0044,0.00396185115840605,0.0032));
#10458=CARTESIAN_POINT('',(0.00436362806327251,0.00437552896882337,0.0033734171334354));
#10459=CARTESIAN_POINT('',(0.00430819537849916,0.004637103788739,0.00399904685501329));
#10460=CARTESIAN_POINT('',(0.0043635598833143,0.00437605437680096,0.00462660144777166));
#10461=CARTESIAN_POINT('',(0.0044,0.00396185195848066,0.0048));
#10462=CARTESIAN_POINT('',(0.0044,0.00375,0.0048));
#10463=CARTESIAN_POINT('',(0.,-0.0016,0.051));
#10464=CARTESIAN_POINT('',(-0.0036,0.00723822909208813,0.051));
#10465=CARTESIAN_POINT('',(-0.0033,0.00723822909208813,0.051));
#10466=CARTESIAN_POINT('',(-0.00382898792430286,0.00743204480487599,0.051));
#10467=CARTESIAN_POINT('',(-0.00382898792430286,0.007432044804876,0.051));
#10468=CARTESIAN_POINT('',(-0.00409293046067846,0.00711965903335335,0.051));
#10469=CARTESIAN_POINT('',(-0.0042166011525775,0.00669231076506135,0.051));
#10470=CARTESIAN_POINT('',(-0.0042,0.00615,0.051));
#10471=CARTESIAN_POINT('',(-0.0042,0.00615,0.051));
#10472=CARTESIAN_POINT('',(-0.0042,-0.0016,0.051));
#10473=CARTESIAN_POINT('',(-0.0042,-0.00615,0.051));
#10474=CARTESIAN_POINT('',(-0.0042,-0.00615,0.051));
#10475=CARTESIAN_POINT('',(-0.00423850034843155,-0.00732658394267303,0.051));
#10476=CARTESIAN_POINT('',(-0.00358958741374496,-0.00799109103849877,0.051));
#10477=CARTESIAN_POINT('',(-0.0024,-0.00795,0.051));
#10478=CARTESIAN_POINT('',(-0.0024,-0.00795,0.051));
#10479=CARTESIAN_POINT('',(0.0024,-0.00795,0.051));
#10480=CARTESIAN_POINT('',(0.0024,-0.00795,0.051));
#10481=CARTESIAN_POINT('',(0.0024,-0.00795,0.051));
#10482=CARTESIAN_POINT('',(0.00357658394267363,-0.00798850034843156,0.051));
#10483=CARTESIAN_POINT('',(0.00424109103849876,-0.00733958741374435,0.051));
#10484=CARTESIAN_POINT('',(0.0042,-0.00615,0.051));
#10485=CARTESIAN_POINT('',(0.0042,-0.00615,0.051));
#10486=CARTESIAN_POINT('',(0.0042,0.00615,0.051));
#10487=CARTESIAN_POINT('',(0.0042,0.00615,0.051));
#10488=CARTESIAN_POINT('',(0.0042,0.00615,0.051));
#10489=CARTESIAN_POINT('',(0.00421616600114832,0.00669128163624662,0.051));
#10490=CARTESIAN_POINT('',(0.00409249530924927,0.00711862990453862,0.051));
#10491=CARTESIAN_POINT('',(0.00382898792430286,0.007432044804876,0.051));
#10492=CARTESIAN_POINT('',(0.00382898792430286,0.007432044804876,0.051));
#10493=CARTESIAN_POINT('',(0.0036,0.00723822909208814,0.051));
#10494=CARTESIAN_POINT('',(0.0033,0.00723822909208814,0.051));
#10495=CARTESIAN_POINT('',(0.0033,0.00375,0.051));
#10496=CARTESIAN_POINT('',(0.0033,0.00375,0.051));
#10497=CARTESIAN_POINT('',(-6.49062803548097E-19,0.00375,0.051));
#10498=CARTESIAN_POINT('',(-0.0033,0.00375,0.051));
#10499=CARTESIAN_POINT('',(-0.0033,-0.0016,0.051));
#10500=CARTESIAN_POINT('',(-3.25260651745652E-19,-0.00375,0.051));
#10501=CARTESIAN_POINT('',(0.0025,-0.00375,0.051));
#10502=CARTESIAN_POINT('',(0.0024,0.00815,0.0508));
#10503=CARTESIAN_POINT('',(0.0024,0.00815,0.0409999999999992));
#10504=CARTESIAN_POINT('',(0.0027,0.00815,0.0508));
#10505=CARTESIAN_POINT('',(0.0027,0.00815,0.0409999999999992));
#10506=CARTESIAN_POINT('',(0.003,0.00815,0.0508));
#10507=CARTESIAN_POINT('',(0.003,0.00815,0.0409999999999992));
#10508=CARTESIAN_POINT('',(0.00373333333333334,0.00795,0.0508));
#10509=CARTESIAN_POINT('',(0.00373333333333334,0.00795,0.0409999999999992));
#10510=CARTESIAN_POINT('',(0.0042,0.00748333333333333,0.0508));
#10511=CARTESIAN_POINT('',(0.0042,0.00748333333333333,0.0409999999999992));
#10512=CARTESIAN_POINT('',(0.0044,0.00675,0.0508));
#10513=CARTESIAN_POINT('',(0.0044,0.00675,0.0409999999999992));
#10514=CARTESIAN_POINT('',(0.0044,0.00645,0.0508));
#10515=CARTESIAN_POINT('',(0.0044,0.00645,0.0409999999999992));
#10516=CARTESIAN_POINT('',(0.0044,0.00615,0.0508));
#10517=CARTESIAN_POINT('',(0.0044,0.00615,0.0409999999999992));
#10518=CARTESIAN_POINT('',(0.00398164654050476,0.00756125528006791,0.0475));
#10519=CARTESIAN_POINT('',(0.00398164654050478,0.00756125528006788,0.0475));
#10520=CARTESIAN_POINT('',(0.00398164654050476,0.00756125528006791,0.0508));
#10521=CARTESIAN_POINT('',(0.00398164654050476,0.00756125528006791,0.0508));
#10522=CARTESIAN_POINT('',(0.00414680880784374,0.00736612061205211,0.0508));
#10523=CARTESIAN_POINT('',(0.00438186709043581,0.00687123524214185,0.0508));
#10524=CARTESIAN_POINT('',(0.0044,0.0063817413644853,0.0508));
#10525=CARTESIAN_POINT('',(0.0044,0.00615,0.0508));
#10526=CARTESIAN_POINT('',(0.0044,0.00615,0.0508));
#10527=CARTESIAN_POINT('',(0.0044,0.00615,0.0409999999999993));
#10528=CARTESIAN_POINT('',(0.0044,0.00615,0.0442666666666662));
#10529=CARTESIAN_POINT('',(0.0044,0.00615,0.0475333333333331));
#10530=CARTESIAN_POINT('',(0.0044,0.00615,0.0508));
#10531=CARTESIAN_POINT('',(0.0044,0.00615,0.041));
#10532=CARTESIAN_POINT('',(0.0024,0.00815,0.041));
#10533=CARTESIAN_POINT('',(0.00373333333333333,0.00815,0.041));
#10534=CARTESIAN_POINT('',(0.0044,0.00748333333333333,0.041));
#10535=CARTESIAN_POINT('',(0.0044,0.00615,0.041));
#10536=CARTESIAN_POINT('',(0.0024,0.00815,0.041));
#10537=CARTESIAN_POINT('',(0.0024,0.00815,0.0475));
#10538=CARTESIAN_POINT('',(0.0024,0.00815,0.0453333333333331));
#10539=CARTESIAN_POINT('',(0.0024,0.00815,0.0431666666666662));
#10540=CARTESIAN_POINT('',(0.0024,0.00815,0.0409999999999992));
#10541=CARTESIAN_POINT('',(0.0024,0.00815,0.0475));
#10542=CARTESIAN_POINT('',(0.0024,0.00815,0.0475));
#10543=CARTESIAN_POINT('',(0.00265796923022208,0.00815,0.0475));
#10544=CARTESIAN_POINT('',(0.00289098291404114,0.00812504445359699,0.0475));
#10545=CARTESIAN_POINT('',(0.00309904105145719,0.00807513336079096,0.0475));
#10546=CARTESIAN_POINT('',(0.0031,0.00807913080978432,0.0475));
#10547=CARTESIAN_POINT('',(0.00398164654050478,0.00756125528006788,0.0475));
#10548=CARTESIAN_POINT('',(0.00376486551713723,0.00781737608603949,0.0475));
#10549=CARTESIAN_POINT('',(0.0034713124222541,0.00799132902284657,0.0475));
#10550=CARTESIAN_POINT('',(0.0031009872558554,0.00808311409048913,0.0475));
#10551=CARTESIAN_POINT('',(-3.25260651745652E-19,-0.00375,0.051));
#10552=CARTESIAN_POINT('',(-3.25260651745652E-19,-0.00375,0.0224));
#10553=CARTESIAN_POINT('',(-0.00312061708976465,-0.00685189441778227,0.0192981055822177));
#10554=CARTESIAN_POINT('',(-0.00144286632745549,-0.00790669781931464,0.0182433021806854));
#10555=CARTESIAN_POINT('',(-0.00144286632745549,-0.00790669781931464,0.051));
#10556=CARTESIAN_POINT('',(-0.00144286632745549,-0.00790669781931464,0.0295));
#10557=CARTESIAN_POINT('',(-0.00144286632745549,-0.00790669781931464,0.0295));
#10558=CARTESIAN_POINT('',(-0.00144286632745549,-0.00790669781931464,0.0297424207293767));
#10559=CARTESIAN_POINT('',(-0.00120293448763863,-0.00799548096630867,0.0301953988379785));
#10560=CARTESIAN_POINT('',(-0.000737963755282006,-0.00809416745267454,0.0303564687525971));
#10561=CARTESIAN_POINT('',(-0.000502067032729873,-0.00812126168224299,0.030397447178704));
#10562=CARTESIAN_POINT('',(-0.000502067032729872,-0.00812126168224299,0.030397447178704));
#10563=CARTESIAN_POINT('',(-0.000502067032729872,-0.00812126168224299,0.030397447178704));
#10564=CARTESIAN_POINT('',(-0.000171382004300631,-0.00815924294785015,0.0304548916054665));
#10565=CARTESIAN_POINT('',(0.000171140557288531,-0.00815927067956555,0.0304549335480524));
#10566=CARTESIAN_POINT('',(0.000502067032729873,-0.00812126168224299,0.030397447178704));
#10567=CARTESIAN_POINT('',(0.000502067032729873,-0.00812126168224299,0.030397447178704));
#10568=CARTESIAN_POINT('',(0.000502067032729873,-0.00812126168224299,0.030397447178704));
#10569=CARTESIAN_POINT('',(0.000737963755282006,-0.00809416745267454,0.0303564687525971));
#10570=CARTESIAN_POINT('',(0.00120293448763862,-0.00799548096630867,0.0301953988379786));
#10571=CARTESIAN_POINT('',(0.0014428663274555,-0.00790669781931464,0.0297424207293767));
#10572=CARTESIAN_POINT('',(0.0014428663274555,-0.00790669781931464,0.0295));
#10573=CARTESIAN_POINT('',(0.00144286632745549,-0.00790669781931464,0.0295));
#10574=CARTESIAN_POINT('',(0.00144286632745549,-0.00790669781931464,0.051));
#10575=CARTESIAN_POINT('',(0.00144286632745549,-0.00790669781931464,0.0182433021806854));
#10576=CARTESIAN_POINT('',(-3.25260651745652E-19,-0.00375,0.0224));
#10577=CARTESIAN_POINT('',(0.00312061708976465,-0.00685189441778227,0.0192981055822177));
#10578=CARTESIAN_POINT('',(0.00312061708976465,-0.00685189441778227,0.0192981055822177));
#10579=CARTESIAN_POINT('',(0.00312061708976465,-0.00685189441778227,0.0129320703881451));
#10580=CARTESIAN_POINT('',(0.00312061708976465,-0.00685189441778227,0.00656603519407254));
#10581=CARTESIAN_POINT('',(0.00312061708976465,-0.00685189441778227,0.000199999999999936));
#10582=CARTESIAN_POINT('',(0.00312061708976465,-0.00685189441778227,0.000199999999999943));
#10583=CARTESIAN_POINT('',(-3.25260651745652E-19,-0.00375,0.0002));
#10584=CARTESIAN_POINT('',(0.0044,-0.00375,0.0002));
#10585=CARTESIAN_POINT('',(0.0044,-0.00375,0.007));
#10586=CARTESIAN_POINT('',(0.0044,-0.00375,0.041));
#10587=CARTESIAN_POINT('',(-3.25260651745652E-19,-0.00375,0.041));
#10588=CARTESIAN_POINT('',(-3.25260651745652E-19,-0.00815,0.041));
#10589=CARTESIAN_POINT('',(-3.25260651745652E-19,-0.00375,0.041));
#10590=CARTESIAN_POINT('',(-0.0044,-0.00375,0.041));
#10591=CARTESIAN_POINT('',(-0.0044,-0.00375,0.007));
#10592=CARTESIAN_POINT('',(-0.0044,-0.00375,0.0002));
#10593=CARTESIAN_POINT('',(-3.25260651745652E-19,-0.00375,0.0002));
#10594=CARTESIAN_POINT('',(-0.00312061708976465,-0.00685189441778227,0.000200000000000003));
#10595=CARTESIAN_POINT('',(-0.00312061708976464,-0.00685189441778228,0.000199999999999999));
#10596=CARTESIAN_POINT('',(-0.00312061708976465,-0.00685189441778227,0.00656603519407256));
#10597=CARTESIAN_POINT('',(-0.00312061708976466,-0.00685189441778226,0.0129320703881451));
#10598=CARTESIAN_POINT('',(-0.00312061708976467,-0.00685189441778225,0.0192981055822177));
#10599=CARTESIAN_POINT('',(0.,-0.0016,0.));
#10600=CARTESIAN_POINT('',(0.003,0.0005,0.));
#10601=CARTESIAN_POINT('',(0.0038,0.0005,0.));
#10602=CARTESIAN_POINT('',(-0.003,0.0005,0.));
#10603=CARTESIAN_POINT('',(-0.0022,0.0005,0.));
#10604=CARTESIAN_POINT('',(-2.55377833146233E-19,-0.0091,0.));
#10605=CARTESIAN_POINT('',(0.0018,-0.0091,0.));
#10606=CARTESIAN_POINT('',(-0.00204934031392769,-0.00904799732977303,0.));
#10607=CARTESIAN_POINT('',(-0.00201316201013598,-0.00817913777071176,0.));
#10608=CARTESIAN_POINT('',(-0.00235433321739671,-0.0073152026392805,0.));
#10609=CARTESIAN_POINT('',(-0.00297877085841171,-0.00671089921697398,0.));
#10610=CARTESIAN_POINT('',(-0.00204934031392769,-0.00904799732977303,0.));
#10611=CARTESIAN_POINT('',(-0.00297877085841171,-0.00671089921697398,0.));
#10612=CARTESIAN_POINT('',(-3.25260651745652E-19,-0.00375,0.));
#10613=CARTESIAN_POINT('',(-0.0042,-0.00375,0.));
#10614=CARTESIAN_POINT('',(-0.0042,0.00375,0.));
#10615=CARTESIAN_POINT('',(-0.0042,0.00375,0.));
#10616=CARTESIAN_POINT('',(-9.49101269339199E-20,0.00375,0.));
#10617=CARTESIAN_POINT('',(0.0042,0.00375,0.));
#10618=CARTESIAN_POINT('',(0.0042,-0.0016,0.));
#10619=CARTESIAN_POINT('',(0.0042,-0.00375,0.));
#10620=CARTESIAN_POINT('',(-3.25260651745652E-19,-0.00375,0.));
#10621=CARTESIAN_POINT('',(0.00297877085841171,-0.00671089921697398,0.));
#10622=CARTESIAN_POINT('',(0.00297877085841171,-0.00671089921697398,0.));
#10623=CARTESIAN_POINT('',(0.00235584431331353,-0.00731454946637999,0.));
#10624=CARTESIAN_POINT('',(0.0020123695239262,-0.00817806020802208,0.));
#10625=CARTESIAN_POINT('',(0.0020493403139277,-0.00904799732977303,0.));
#10626=CARTESIAN_POINT('',(0.00204934031392769,-0.00904799732977303,0.));
#10627=CARTESIAN_POINT('',(-3.15079364604667E-19,-0.0091,0.));
#10628=CARTESIAN_POINT('',(-3.25260651745652E-19,-0.00375,0.));
#10629=CARTESIAN_POINT('',(0.0027,-0.00375,0.));
#10630=CARTESIAN_POINT('',(-6.49062803548097E-19,0.00375,0.));
#10631=CARTESIAN_POINT('',(0.0033,0.00375,0.));
#10632=CARTESIAN_POINT('',(0.0044,0.,0.041));
#10633=CARTESIAN_POINT('',(0.0044,0.,0.0002));
#10634=CARTESIAN_POINT('',(0.0044,0.00375,0.004));
#10635=CARTESIAN_POINT('',(0.0044,0.,0.041));
#10636=CARTESIAN_POINT('',(0.0044,-0.00615,0.0508));
#10637=CARTESIAN_POINT('',(0.0044,-0.00615,0.0508));
#10638=CARTESIAN_POINT('',(0.0044,-0.00615,0.0508));
#10639=CARTESIAN_POINT('',(0.0044,-0.00615,0.0475333333333331));
#10640=CARTESIAN_POINT('',(0.0044,-0.00615,0.0442666666666662));
#10641=CARTESIAN_POINT('',(0.0044,-0.00615,0.0409999999999993));
#10642=CARTESIAN_POINT('',(0.0044,-0.00615,0.041));
#10643=CARTESIAN_POINT('',(0.0044,0.,0.041));
#10644=CARTESIAN_POINT('',(0.0044,-0.00115,0.035));
#10645=CARTESIAN_POINT('',(0.0044,-0.00115,0.0358));
#10646=CARTESIAN_POINT('',(0.,0.00815,0.041));
#10647=CARTESIAN_POINT('',(-4.33680868994202E-19,0.00815,0.0445));
#10648=CARTESIAN_POINT('',(-4.33680868994202E-19,0.00815,0.0437));
#10649=CARTESIAN_POINT('',(0.,0.00815,0.0475));
#10650=CARTESIAN_POINT('',(-0.0024,0.00815,0.0475));
#10651=CARTESIAN_POINT('',(0.,0.00815,0.041));
#10652=CARTESIAN_POINT('',(0.,0.00815,0.041));
#10653=CARTESIAN_POINT('',(-0.0024,0.00815,0.041));
#10654=CARTESIAN_POINT('',(-0.0024,0.00815,0.0409999999999992));
#10655=CARTESIAN_POINT('',(-0.0024,0.00815,0.0431666666666662));
#10656=CARTESIAN_POINT('',(-0.0024,0.00815,0.0453333333333331));
#10657=CARTESIAN_POINT('',(-0.0024,0.00815,0.0475));
#10658=CARTESIAN_POINT('',(0.,0.,0.041));
#10659=CARTESIAN_POINT('',(-0.0044,0.,0.041));
#10660=CARTESIAN_POINT('',(-0.0044,-0.00115,0.035));
#10661=CARTESIAN_POINT('',(-0.0044,-0.00115,0.0342));
#10662=CARTESIAN_POINT('',(-0.0044,-0.00375,0.0002));
#10663=CARTESIAN_POINT('',(-0.0044,0.,0.041));
#10664=CARTESIAN_POINT('',(-0.0044,-0.00615,0.041));
#10665=CARTESIAN_POINT('',(-0.0044,-0.00615,0.0409999999999993));
#10666=CARTESIAN_POINT('',(-0.0044,-0.00615,0.0442666666666662));
#10667=CARTESIAN_POINT('',(-0.0044,-0.00615,0.0475333333333331));
#10668=CARTESIAN_POINT('',(-0.0044,-0.00615,0.0508));
#10669=CARTESIAN_POINT('',(-0.0044,-0.00615,0.0508));
#10670=CARTESIAN_POINT('',(-0.0044,0.,0.0508));
#10671=CARTESIAN_POINT('',(-0.0044,0.00615,0.0508));
#10672=CARTESIAN_POINT('',(-0.0044,0.00615,0.0508));
#10673=CARTESIAN_POINT('',(-0.0044,0.00615,0.0475333333333331));
#10674=CARTESIAN_POINT('',(-0.0044,0.00615,0.0442666666666662));
#10675=CARTESIAN_POINT('',(-0.0044,0.00615,0.0409999999999993));
#10676=CARTESIAN_POINT('',(-0.0044,0.00615,0.041));
#10677=CARTESIAN_POINT('',(-0.0044,0.,0.041));
#10678=CARTESIAN_POINT('',(-0.0044,0.00375,0.004));
#10679=CARTESIAN_POINT('',(0.,0.,0.041));
#10680=CARTESIAN_POINT('',(-0.0044,0.00615,0.041));
#10681=CARTESIAN_POINT('',(-0.0044,0.00748333333333333,0.041));
#10682=CARTESIAN_POINT('',(-0.00373333333333333,0.00815,0.041));
#10683=CARTESIAN_POINT('',(-0.0024,0.00815,0.041));
#10684=CARTESIAN_POINT('',(0.,-0.00815,0.041));
#10685=CARTESIAN_POINT('',(0.0024,-0.00815,0.0409999999999993));
#10686=CARTESIAN_POINT('',(0.0024,-0.00815,0.0442666666666662));
#10687=CARTESIAN_POINT('',(0.0024,-0.00815,0.0475333333333331));
#10688=CARTESIAN_POINT('',(0.0024,-0.00815,0.0508));
#10689=CARTESIAN_POINT('',(0.0024,-0.00815,0.041));
#10690=CARTESIAN_POINT('',(0.0024,-0.00815,0.0508));
#10691=CARTESIAN_POINT('',(-0.0024,-0.00815,0.0508));
#10692=CARTESIAN_POINT('',(-0.0024,-0.00815,0.0508));
#10693=CARTESIAN_POINT('',(-0.0024,-0.00815,0.0508));
#10694=CARTESIAN_POINT('',(-0.0024,-0.00815,0.0475333333333331));
#10695=CARTESIAN_POINT('',(-0.0024,-0.00815,0.0442666666666662));
#10696=CARTESIAN_POINT('',(-0.0024,-0.00815,0.0409999999999993));
#10697=CARTESIAN_POINT('',(-0.0024,-0.00815,0.041));
#10698=CARTESIAN_POINT('',(0.,-0.00815,0.041));
#10699=CARTESIAN_POINT('',(0.,-0.00815,0.041));
#10700=CARTESIAN_POINT('',(0.,0.,0.041));
#10701=CARTESIAN_POINT('',(0.0044,-0.00615,0.041));
#10702=CARTESIAN_POINT('',(0.0044,-0.00748333333333333,0.041));
#10703=CARTESIAN_POINT('',(0.00373333333333333,-0.00815,0.041));
#10704=CARTESIAN_POINT('',(0.0024,-0.00815,0.041));
#10705=CARTESIAN_POINT('',(0.,0.,0.041));
#10706=CARTESIAN_POINT('',(-0.0024,-0.00815,0.041));
#10707=CARTESIAN_POINT('',(-0.00373333333333333,-0.00815,0.041));
#10708=CARTESIAN_POINT('',(-0.0044,-0.00748333333333333,0.041));
#10709=CARTESIAN_POINT('',(-0.0044,-0.00615,0.041));
#10710=CARTESIAN_POINT('',(-0.0024,-0.00815,0.0508));
#10711=CARTESIAN_POINT('',(-0.0024,-0.00815,0.0409999999999992));
#10712=CARTESIAN_POINT('',(-0.0027,-0.00815,0.0508));
#10713=CARTESIAN_POINT('',(-0.0027,-0.00815,0.0409999999999992));
#10714=CARTESIAN_POINT('',(-0.003,-0.00815,0.0508));
#10715=CARTESIAN_POINT('',(-0.003,-0.00815,0.0409999999999992));
#10716=CARTESIAN_POINT('',(-0.00373333333333334,-0.00795,0.0508));
#10717=CARTESIAN_POINT('',(-0.00373333333333334,-0.00795,0.0409999999999992));
#10718=CARTESIAN_POINT('',(-0.0042,-0.00748333333333333,0.0508));
#10719=CARTESIAN_POINT('',(-0.0042,-0.00748333333333333,0.0409999999999992));
#10720=CARTESIAN_POINT('',(-0.0044,-0.00675,0.0508));
#10721=CARTESIAN_POINT('',(-0.0044,-0.00675,0.0409999999999992));
#10722=CARTESIAN_POINT('',(-0.0044,-0.00645,0.0508));
#10723=CARTESIAN_POINT('',(-0.0044,-0.00645,0.0409999999999992));
#10724=CARTESIAN_POINT('',(-0.0044,-0.00615,0.0508));
#10725=CARTESIAN_POINT('',(-0.0044,-0.00615,0.0409999999999992));
#10726=CARTESIAN_POINT('',(-0.0024,-0.00815,0.0508));
#10727=CARTESIAN_POINT('',(-0.00265,-0.00815,0.0508));
#10728=CARTESIAN_POINT('',(-0.00318645833333334,-0.00812395833333333,0.0508));
#10729=CARTESIAN_POINT('',(-0.00395989583333333,-0.00770989583333333,0.0508));
#10730=CARTESIAN_POINT('',(-0.00437395833333333,-0.00693645833333334,0.0508));
#10731=CARTESIAN_POINT('',(-0.0044,-0.0064,0.0508));
#10732=CARTESIAN_POINT('',(-0.0044,-0.00615,0.0508));
#10733=CARTESIAN_POINT('',(0.0024,-0.00815,0.0409999999999992));
#10734=CARTESIAN_POINT('',(0.0024,-0.00815,0.0508));
#10735=CARTESIAN_POINT('',(0.0027,-0.00815,0.0409999999999992));
#10736=CARTESIAN_POINT('',(0.0027,-0.00815,0.0508));
#10737=CARTESIAN_POINT('',(0.003,-0.00815,0.0409999999999992));
#10738=CARTESIAN_POINT('',(0.003,-0.00815,0.0508));
#10739=CARTESIAN_POINT('',(0.00373333333333333,-0.00795,0.0409999999999992));
#10740=CARTESIAN_POINT('',(0.00373333333333333,-0.00795,0.0508));
#10741=CARTESIAN_POINT('',(0.0042,-0.00748333333333333,0.0409999999999992));
#10742=CARTESIAN_POINT('',(0.0042,-0.00748333333333333,0.0508));
#10743=CARTESIAN_POINT('',(0.0044,-0.00675,0.0409999999999992));
#10744=CARTESIAN_POINT('',(0.0044,-0.00675,0.0508));
#10745=CARTESIAN_POINT('',(0.0044,-0.00645,0.0409999999999992));
#10746=CARTESIAN_POINT('',(0.0044,-0.00645,0.0508));
#10747=CARTESIAN_POINT('',(0.0044,-0.00615,0.0409999999999992));
#10748=CARTESIAN_POINT('',(0.0044,-0.00615,0.0508));
#10749=CARTESIAN_POINT('',(0.0044,-0.00615,0.0508));
#10750=CARTESIAN_POINT('',(0.0044,-0.0064,0.0508));
#10751=CARTESIAN_POINT('',(0.00437395833333333,-0.00693645833333334,0.0508));
#10752=CARTESIAN_POINT('',(0.00395989583333333,-0.00770989583333333,0.0508));
#10753=CARTESIAN_POINT('',(0.00318645833333333,-0.00812395833333334,0.0508));
#10754=CARTESIAN_POINT('',(0.00265,-0.00815,0.0508));
#10755=CARTESIAN_POINT('',(0.0024,-0.00815,0.0508));
#10756=CARTESIAN_POINT('',(-0.0024,0.00815,0.0409999999999992));
#10757=CARTESIAN_POINT('',(-0.0024,0.00815,0.0508));
#10758=CARTESIAN_POINT('',(-0.0027,0.00815,0.0409999999999992));
#10759=CARTESIAN_POINT('',(-0.0027,0.00815,0.0508));
#10760=CARTESIAN_POINT('',(-0.003,0.00815,0.0409999999999992));
#10761=CARTESIAN_POINT('',(-0.003,0.00815,0.0508));
#10762=CARTESIAN_POINT('',(-0.00373333333333333,0.00795,0.0409999999999992));
#10763=CARTESIAN_POINT('',(-0.00373333333333333,0.00795,0.0508));
#10764=CARTESIAN_POINT('',(-0.0042,0.00748333333333333,0.0409999999999992));
#10765=CARTESIAN_POINT('',(-0.0042,0.00748333333333333,0.0508));
#10766=CARTESIAN_POINT('',(-0.0044,0.00675,0.0409999999999992));
#10767=CARTESIAN_POINT('',(-0.0044,0.00675,0.0508));
#10768=CARTESIAN_POINT('',(-0.0044,0.00645,0.0409999999999992));
#10769=CARTESIAN_POINT('',(-0.0044,0.00645,0.0508));
#10770=CARTESIAN_POINT('',(-0.0044,0.00615,0.0409999999999992));
#10771=CARTESIAN_POINT('',(-0.0044,0.00615,0.0508));
#10772=CARTESIAN_POINT('',(-0.0044,0.00615,0.0508));
#10773=CARTESIAN_POINT('',(-0.0044,0.0063817413644853,0.0508));
#10774=CARTESIAN_POINT('',(-0.0043818670904358,0.00687123524214189,0.0508));
#10775=CARTESIAN_POINT('',(-0.00414680880784374,0.00736612061205211,0.0508));
#10776=CARTESIAN_POINT('',(-0.00398164654050477,0.0075612552800679,0.0508));
#10777=CARTESIAN_POINT('',(-0.00398164654050476,0.0075612552800679,0.0508));
#10778=CARTESIAN_POINT('',(-0.00398164654050476,0.0075612552800679,0.051));
#10779=CARTESIAN_POINT('',(-0.00398164654050476,0.0075612552800679,0.0475));
#10780=CARTESIAN_POINT('',(-0.00310098728562872,0.00808311408310981,0.0475));
#10781=CARTESIAN_POINT('',(-0.00347131243851786,0.00799132901289706,0.0475));
#10782=CARTESIAN_POINT('',(-0.00376486552347654,0.00781737607854975,0.0475));
#10783=CARTESIAN_POINT('',(-0.00398164654050476,0.0075612552800679,0.0475));
#10784=CARTESIAN_POINT('',(-0.00310000002975933,0.00807913080263174,0.0475));
#10785=CARTESIAN_POINT('',(-0.0030990410811661,0.00807513335366409,0.0475));
#10786=CARTESIAN_POINT('',(-0.0028909829362227,0.00812504445122136,0.0475));
#10787=CARTESIAN_POINT('',(-0.00265796924250067,0.00815,0.0475));
#10788=CARTESIAN_POINT('',(-0.0024,0.00815,0.0475));
#10789=CARTESIAN_POINT('',(-3.25260651745652E-19,-0.00375,0.));
#10790=CARTESIAN_POINT('',(-3.25260651745652E-19,-0.00375,0.0002));
#10791=CARTESIAN_POINT('',(0.0025,-0.00375,0.0002));
#10792=CARTESIAN_POINT('',(-2.55377833146233E-19,-0.0091,0.018));
#10793=CARTESIAN_POINT('',(-2.55377833146233E-19,-0.0091,0.0002));
#10794=CARTESIAN_POINT('',(0.0016,-0.0091,0.0002));
#10795=CARTESIAN_POINT('',(-2.55377833146233E-19,-0.0091,0.0295));
#10796=CARTESIAN_POINT('',(0.000974403234125786,-0.00783093012906097,0.0295));
#10797=CARTESIAN_POINT('',(-0.000974403234125787,-0.00783093012906097,0.0295));
#10798=CARTESIAN_POINT('',(-0.000974403234125787,-0.00783093012906097,0.018));
#10799=CARTESIAN_POINT('',(-0.000974471808673254,-0.00783098278415891,0.0182676363037319));
#10800=CARTESIAN_POINT('',(-0.000974471808673253,-0.00783098278415891,0.0182676363037319));
#10801=CARTESIAN_POINT('',(-0.00103944942972523,-0.0078808787659623,0.0182100356338737));
#10802=CARTESIAN_POINT('',(-0.00110058668710687,-0.00793577465909695,0.0181524349640155));
#10803=CARTESIAN_POINT('',(-0.00115716483279268,-0.00799502509089668,0.0180948342941572));
#10804=CARTESIAN_POINT('',(-0.00115706769782699,-0.007995118008059,0.0180948342042993));
#10805=CARTESIAN_POINT('',(-0.00115716491428194,-0.00799502517623483,0.0180948342042968));
#10806=CARTESIAN_POINT('',(-0.00120590324424753,-0.00804606551145686,0.018041080074574));
#10807=CARTESIAN_POINT('',(-0.00130119386658664,-0.00816054655501482,0.0179203778034481));
#10808=CARTESIAN_POINT('',(-0.00140279727059338,-0.00832118284325459,0.0177516861614014));
#10809=CARTESIAN_POINT('',(-0.00147890954168666,-0.00848596032930839,0.0175787363589705));
#10810=CARTESIAN_POINT('',(-0.00151721064720748,-0.00858769797431798,0.0174714829203767));
#10811=CARTESIAN_POINT('',(-0.00156786087575051,-0.00875237118282414,0.01729721665537));
#10812=CARTESIAN_POINT('',(-0.00160804903623178,-0.00902273313993119,0.0170139959382406));
#10813=CARTESIAN_POINT('',(-0.00159081356304114,-0.00933812553898378,0.0166833668202227));
#10814=CARTESIAN_POINT('',(-0.0015329455632295,-0.00957726378597025,0.0164331436472739));
#10815=CARTESIAN_POINT('',(-0.00146534716657237,-0.00974576940223753,0.0162544014191644));
#10816=CARTESIAN_POINT('',(-0.00142408029490347,-0.00983163582805534,0.0161634401361747));
#10817=CARTESIAN_POINT('',(-0.00133941216271261,-0.00998342960841779,0.0160042276595153));
#10818=CARTESIAN_POINT('',(-0.00116849498467276,-0.0102109305632317,0.0157654074623719));
#10819=CARTESIAN_POINT('',(-0.000901787081896178,-0.0104481869871067,0.0155143091208497));
#10820=CARTESIAN_POINT('',(-0.000455706055963428,-0.0106582622500528,0.0152951637462212));
#10821=CARTESIAN_POINT('',(-7.11034140522371E-6,-0.0107218991764435,0.0152266945070654));
#10822=CARTESIAN_POINT('',(0.00046826601423202,-0.0106541279077528,0.015299259178919));
#10823=CARTESIAN_POINT('',(0.000812174493458911,-0.0104925233648139,0.0154689243319661));
#10824=CARTESIAN_POINT('',(0.00106031124485666,-0.010307204324772,0.0156637467310884));
#10825=CARTESIAN_POINT('',(0.00123811395230258,-0.0101216673983922,0.0158584173303955));
#10826=CARTESIAN_POINT('',(0.00134954615489896,-0.00996699811515305,0.0160220338763764));
#10827=CARTESIAN_POINT('',(0.00146359774202484,-0.00976317234316294,0.0162364078855912));
#10828=CARTESIAN_POINT('',(0.00155148283640813,-0.00951764934493217,0.016493694001705));
#10829=CARTESIAN_POINT('',(0.00161047152748429,-0.00919973328534795,0.0168267181774272));
#10830=CARTESIAN_POINT('',(0.00159065729378708,-0.00865577665566563,0.0173930428155854));
#10831=CARTESIAN_POINT('',(0.00137673227309091,-0.00822496312456703,0.0178526705459062));
#10832=CARTESIAN_POINT('',(0.00115716491428194,-0.00799502517623483,0.0180948342042968));
#10833=CARTESIAN_POINT('',(0.00115704709700816,-0.00799509955943513,0.018094845444943));
#10834=CARTESIAN_POINT('',(0.0011571490408229,-0.00799500855328077,0.0180948517081466));
#10835=CARTESIAN_POINT('',(0.00110057531238911,-0.00793576444257992,0.0181524465733417));
#10836=CARTESIAN_POINT('',(0.00103944338429936,-0.00788087412371079,0.0182100414385369));
#10837=CARTESIAN_POINT('',(0.000974471808673181,-0.00783098278415885,0.018267636303732));
#10838=CARTESIAN_POINT('',(0.000974471808673182,-0.00783098278415885,0.018267636303732));
#10839=CARTESIAN_POINT('',(0.000974403234125786,-0.00783093012906097,0.018));
#10840=CARTESIAN_POINT('',(-3.15079364604667E-19,-0.0091,0.018));
#10841=CARTESIAN_POINT('',(-0.00224927595431089,-0.00904292389853137,0.0171070761014687));
#10842=CARTESIAN_POINT('',(-0.00224927595431089,-0.00904292389853137,0.0114713840676458));
#10843=CARTESIAN_POINT('',(-0.00224927595431089,-0.00904292389853137,0.00583569203382289));
#10844=CARTESIAN_POINT('',(-0.00224927595431089,-0.00904292389853137,0.000200000000000002));
#10845=CARTESIAN_POINT('',(-0.00224927595431088,-0.00904292389853138,0.0171070761014687));
#10846=CARTESIAN_POINT('',(-0.00224927595431088,-0.00904292389853137,0.000200000000000003));
#10847=CARTESIAN_POINT('',(-3.15079364604667E-19,-0.0091,0.0002));
#10848=CARTESIAN_POINT('',(0.00224927595431088,-0.00904292389853137,0.000199999999999966));
#10849=CARTESIAN_POINT('',(0.00224927595431088,-0.00904292389853138,0.000199999999999964));
#10850=CARTESIAN_POINT('',(0.00224927595431088,-0.00904292389853138,0.00583569203382286));
#10851=CARTESIAN_POINT('',(0.00224927595431088,-0.00904292389853138,0.0114713840676458));
#10852=CARTESIAN_POINT('',(0.00224927595431088,-0.00904292389853138,0.0171070761014687));
#10853=CARTESIAN_POINT('',(0.00224927595431088,-0.00904292389853137,0.0171070761014687));
#10854=CARTESIAN_POINT('',(-3.15079364604667E-19,-0.0091,0.01705));
#10855=CARTESIAN_POINT('',(0.,-0.00815,0.018));
#10856=CARTESIAN_POINT('',(0.00127890424479009,-0.00743434579439252,0.0187156542056075));
#10857=CARTESIAN_POINT('',(0.00112995922183079,-0.00791164588881581,0.0182383541111842));
#10858=CARTESIAN_POINT('',(0.028721889625687,0.0105984479640184,0.0367484479640202));
#10859=CARTESIAN_POINT('',(0.0188515970607346,0.00448906130026426,0.0306390613002655));
#10860=CARTESIAN_POINT('',(0.0089813044957821,-0.00162032536348984,0.0245296746365107));
#10861=CARTESIAN_POINT('',(-0.000888988069170343,-0.00772971202724395,0.018420287972756));
#10862=CARTESIAN_POINT('',(-0.00119743471182511,-0.00792063036048626,0.0182293696395137));
#10863=CARTESIAN_POINT('',(-0.00143969252406188,-0.00821473868260727,0.0179352613173927));
#10864=CARTESIAN_POINT('',(-0.001700679356591,-0.0088916738626539,0.0172583261373461));
#10865=CARTESIAN_POINT('',(-0.00171775155232652,-0.0092720600010814,0.0168779399989186));
#10866=CARTESIAN_POINT('',(-0.00151845529138288,-0.00996965320386823,0.0161803467961318));
#10867=CARTESIAN_POINT('',(-0.00130301508966169,-0.0102836121838853,0.0158663878161147));
#10868=CARTESIAN_POINT('',(-0.000723814208021065,-0.0107205139121249,0.0154294860878751));
#10869=CARTESIAN_POINT('',(-0.000362753141840347,-0.0108414213562373,0.0153085786437627));
#10870=CARTESIAN_POINT('',(0.000362753141840353,-0.0108414213562373,0.0153085786437627));
#10871=CARTESIAN_POINT('',(0.000723814208021066,-0.0107205139121249,0.0154294860878751));
#10872=CARTESIAN_POINT('',(0.00130301508966169,-0.0102836121838853,0.0158663878161147));
#10873=CARTESIAN_POINT('',(0.00151845529138288,-0.00996965320386823,0.0161803467961318));
#10874=CARTESIAN_POINT('',(0.00171775155232652,-0.0092720600010814,0.0168779399989186));
#10875=CARTESIAN_POINT('',(0.001700679356591,-0.0088916738626539,0.0172583261373461));
#10876=CARTESIAN_POINT('',(0.00143969252406188,-0.00821473868260727,0.0179352613173927));
#10877=CARTESIAN_POINT('',(0.00119743471182511,-0.00792063036048627,0.0182293696395137));
#10878=CARTESIAN_POINT('',(0.000888988069170346,-0.00772971202724395,0.018420287972756));
#10879=CARTESIAN_POINT('',(-0.00898130449578197,-0.00162032536348983,0.0245296746365101));
#10880=CARTESIAN_POINT('',(-0.0188515970607343,0.00448906130026429,0.0306390613002641));
#10881=CARTESIAN_POINT('',(-0.0287218896256866,0.0105984479640184,0.0367484479640182));
#10882=CARTESIAN_POINT('',(0.00120314287457186,-0.00798233438673493,0.0181676656132651));
#10883=CARTESIAN_POINT('',(0.00120316155231972,-0.00798235354808593,0.0181676464519141));
#10884=CARTESIAN_POINT('',(0.00144050480945957,-0.00822584864783188,0.0179241513521681));
#10885=CARTESIAN_POINT('',(0.00174653457529014,-0.00882204543993111,0.0173279545600689));
#10886=CARTESIAN_POINT('',(0.0016432045532717,-0.00985079798615557,0.0162992020138444));
#10887=CARTESIAN_POINT('',(0.000985528862973486,-0.0106427324175688,0.0155072675824312));
#10888=CARTESIAN_POINT('',(-2.26240841186979E-9,-0.0109407678355523,0.0152092321644477));
#10889=CARTESIAN_POINT('',(-0.000985519813339849,-0.010642724377646,0.015507275622354));
#10890=CARTESIAN_POINT('',(-0.00164323622698948,-0.00985083014584668,0.0162991698541533));
#10891=CARTESIAN_POINT('',(-0.00174641693005269,-0.00882192484108936,0.0173280751589106));
#10892=CARTESIAN_POINT('',(-0.00144075819920177,-0.00822610860533518,0.0179238913946648));
#10893=CARTESIAN_POINT('',(-0.00120316155231971,-0.00798235354808593,0.0181676464519141));
#10894=CARTESIAN_POINT('',(-0.00120311943647406,-0.00798231657860726,0.0181676772712192));
#10895=CARTESIAN_POINT('',(0.028721889625687,0.0105984479640184,0.0367484479640202));
#10896=CARTESIAN_POINT('',(0.0188515970607346,0.00448906130026426,0.0306390613002655));
#10897=CARTESIAN_POINT('',(0.0089813044957821,-0.00162032536348984,0.0245296746365107));
#10898=CARTESIAN_POINT('',(-0.000888988069170343,-0.00772971202724395,0.018420287972756));
#10899=CARTESIAN_POINT('',(-0.00119743471182511,-0.00792063036048626,0.0182293696395137));
#10900=CARTESIAN_POINT('',(-0.00143969252406188,-0.00821473868260727,0.0179352613173927));
#10901=CARTESIAN_POINT('',(-0.001700679356591,-0.0088916738626539,0.0172583261373461));
#10902=CARTESIAN_POINT('',(-0.00171775155232652,-0.0092720600010814,0.0168779399989186));
#10903=CARTESIAN_POINT('',(-0.00151845529138288,-0.00996965320386823,0.0161803467961318));
#10904=CARTESIAN_POINT('',(-0.00130301508966169,-0.0102836121838853,0.0158663878161147));
#10905=CARTESIAN_POINT('',(-0.000723814208021065,-0.0107205139121249,0.0154294860878751));
#10906=CARTESIAN_POINT('',(-0.000362753141840347,-0.0108414213562373,0.0153085786437627));
#10907=CARTESIAN_POINT('',(0.000362753141840353,-0.0108414213562373,0.0153085786437627));
#10908=CARTESIAN_POINT('',(0.000723814208021066,-0.0107205139121249,0.0154294860878751));
#10909=CARTESIAN_POINT('',(0.00130301508966169,-0.0102836121838853,0.0158663878161147));
#10910=CARTESIAN_POINT('',(0.00151845529138288,-0.00996965320386823,0.0161803467961318));
#10911=CARTESIAN_POINT('',(0.00171775155232652,-0.0092720600010814,0.0168779399989186));
#10912=CARTESIAN_POINT('',(0.001700679356591,-0.0088916738626539,0.0172583261373461));
#10913=CARTESIAN_POINT('',(0.00143969252406188,-0.00821473868260727,0.0179352613173927));
#10914=CARTESIAN_POINT('',(0.00119743471182511,-0.00792063036048627,0.0182293696395137));
#10915=CARTESIAN_POINT('',(0.000888988069170346,-0.00772971202724395,0.018420287972756));
#10916=CARTESIAN_POINT('',(-0.00898130449578197,-0.00162032536348983,0.0245296746365101));
#10917=CARTESIAN_POINT('',(-0.0188515970607343,0.00448906130026429,0.0306390613002641));
#10918=CARTESIAN_POINT('',(-0.0287218896256866,0.0105984479640184,0.0367484479640182));
#10919=CARTESIAN_POINT('',(-0.00112995922183079,-0.00791164588881581,0.0182383541111842));
#10920=CARTESIAN_POINT('',(-0.00127890424479009,-0.00743434579439252,0.0187156542056075));
#10921=CARTESIAN_POINT('',(-0.00312061708975031,-0.00685189441779669,0.0192981055822033));
#10922=CARTESIAN_POINT('',(-0.00248780324464854,-0.00748852785326279,0.0186614721467372));
#10923=CARTESIAN_POINT('',(-0.00222955419927009,-0.00826572173778442,0.0178842782622135));
#10924=CARTESIAN_POINT('',(-0.00224927595431083,-0.00904292389852893,0.017107076101469));
#10925=CARTESIAN_POINT('',(0.00312061708976466,-0.00685189441778226,0.0192981055822177));
#10926=CARTESIAN_POINT('',(0.00248560127752401,-0.00749074311120927,0.0186592568887907));
#10927=CARTESIAN_POINT('',(0.00222958918177937,-0.00826710036930854,0.0178828996306905));
#10928=CARTESIAN_POINT('',(0.00224927595425867,-0.00904292389647345,0.0171070761035256));
#10929=CARTESIAN_POINT('',(0.00224927595431089,-0.00904292389853138,0.0194126942157111));
#10930=CARTESIAN_POINT('',(0.00224927595431089,-0.00904292389853138,0.000199999999999943));
#10931=CARTESIAN_POINT('',(0.00224684225424487,-0.00894701575313198,0.0194126942157111));
#10932=CARTESIAN_POINT('',(0.00224684225424487,-0.00894701575313197,0.000199999999999936));
#10933=CARTESIAN_POINT('',(0.00223810203210407,-0.0086086218679191,0.0194126942157111));
#10934=CARTESIAN_POINT('',(0.00223810203210407,-0.0086086218679191,0.00019999999999994));
#10935=CARTESIAN_POINT('',(0.00241615780015373,-0.00783490884853612,0.0194126942157111));
#10936=CARTESIAN_POINT('',(0.00241615780015373,-0.00783490884853612,0.000199999999999936));
#10937=CARTESIAN_POINT('',(0.00280236286497558,-0.00717761507221996,0.0194126942157111));
#10938=CARTESIAN_POINT('',(0.00280236286497558,-0.00717761507221996,0.000199999999999943));
#10939=CARTESIAN_POINT('',(0.00303795314279639,-0.00693505731466803,0.0194126942157111));
#10940=CARTESIAN_POINT('',(0.00303795314279639,-0.00693505731466803,0.000199999999999936));
#10941=CARTESIAN_POINT('',(0.00312061708976466,-0.00685189441778226,0.0194126942157111));
#10942=CARTESIAN_POINT('',(0.00312061708976466,-0.00685189441778226,0.000199999999999936));
#10943=CARTESIAN_POINT('',(0.00224927595431089,-0.00904292389853137,0.000200000000000001));
#10944=CARTESIAN_POINT('',(0.00224684225424487,-0.00894701575313196,0.000199999999999999));
#10945=CARTESIAN_POINT('',(0.00223810203210407,-0.0086086218679191,0.000199999999999999));
#10946=CARTESIAN_POINT('',(0.00241615780015373,-0.00783490884853612,0.000199999999999999));
#10947=CARTESIAN_POINT('',(0.00280236286497557,-0.00717761507221997,0.000199999999999999));
#10948=CARTESIAN_POINT('',(0.00303795314279638,-0.00693505731466804,0.000199999999999997));
#10949=CARTESIAN_POINT('',(0.00312061708976465,-0.00685189441778227,0.000200000000000001));
#10950=CARTESIAN_POINT('',(-0.00312061708976467,-0.00685189441778225,0.019412694215711));
#10951=CARTESIAN_POINT('',(-0.00312061708976467,-0.00685189441778225,0.000199999999999999));
#10952=CARTESIAN_POINT('',(-0.0030379531427964,-0.00693505731466802,0.019412694215711));
#10953=CARTESIAN_POINT('',(-0.0030379531427964,-0.00693505731466802,0.000199999999999999));
#10954=CARTESIAN_POINT('',(-0.0028023628649756,-0.00717761507221994,0.019412694215711));
#10955=CARTESIAN_POINT('',(-0.0028023628649756,-0.00717761507221994,0.000199999999999999));
#10956=CARTESIAN_POINT('',(-0.00241615780015374,-0.00783490884853608,0.019412694215711));
#10957=CARTESIAN_POINT('',(-0.00241615780015374,-0.00783490884853608,0.000199999999999995));
#10958=CARTESIAN_POINT('',(-0.00223810203210407,-0.0086086218679191,0.019412694215711));
#10959=CARTESIAN_POINT('',(-0.00223810203210407,-0.0086086218679191,0.000200000000000006));
#10960=CARTESIAN_POINT('',(-0.00224684225424487,-0.00894701575313197,0.019412694215711));
#10961=CARTESIAN_POINT('',(-0.00224684225424487,-0.00894701575313197,0.000199999999999999));
#10962=CARTESIAN_POINT('',(-0.00224927595431089,-0.00904292389853138,0.019412694215711));
#10963=CARTESIAN_POINT('',(-0.00224927595431089,-0.00904292389853138,0.000199999999999999));
#10964=CARTESIAN_POINT('',(-0.00312061708976465,-0.00685189441778227,0.000200000000000001));
#10965=CARTESIAN_POINT('',(-0.00303795314279638,-0.00693505731466804,0.000200000000000001));
#10966=CARTESIAN_POINT('',(-0.00280236286497557,-0.00717761507221997,0.000200000000000001));
#10967=CARTESIAN_POINT('',(-0.00241615780015373,-0.00783490884853611,0.000200000000000001));
#10968=CARTESIAN_POINT('',(-0.00223810203210407,-0.00860862186791911,0.000200000000000001));
#10969=CARTESIAN_POINT('',(-0.00224684225424487,-0.00894701575313197,0.000200000000000001));
#10970=CARTESIAN_POINT('',(-0.00224927595431089,-0.00904292389853138,0.000200000000000001));
#10971=CARTESIAN_POINT('',(-0.0029,-0.00035,0.035));
#10972=CARTESIAN_POINT('',(-0.0029,-0.00115,0.035));
#10973=CARTESIAN_POINT('',(-0.0029,-0.00115,0.0342));
#10974=CARTESIAN_POINT('',(-0.0044,-0.00115,0.035));
#10975=CARTESIAN_POINT('',(0.0029,-0.00035,0.035));
#10976=CARTESIAN_POINT('',(0.0029,-0.00115,0.035));
#10977=CARTESIAN_POINT('',(0.0029,-0.00115,0.0358));
#10978=CARTESIAN_POINT('',(0.0044,-0.00115,0.035));
#10979=CARTESIAN_POINT('',(-0.0031,0.00591245154965971,0.0475));
#10980=CARTESIAN_POINT('',(-0.0031,0.00723822909208813,0.0475));
#10981=CARTESIAN_POINT('',(-0.0031,0.00723822909208813,0.0475));
#10982=CARTESIAN_POINT('',(-0.0031,0.00723822909208813,0.0508));
#10983=CARTESIAN_POINT('',(-0.0031,0.00591245154965971,0.0508));
#10984=CARTESIAN_POINT('',(-0.0031,0.00591245154965971,0.0475));
#10985=CARTESIAN_POINT('',(0.0031,0.00591245154965971,0.0475));
#10986=CARTESIAN_POINT('',(0.0031,0.00723822909208814,0.0508));
#10987=CARTESIAN_POINT('',(0.0031,0.00723822909208814,0.0508));
#10988=CARTESIAN_POINT('',(0.0031,0.00723822909208814,0.0475));
#10989=CARTESIAN_POINT('',(0.0031,0.00723822909208814,0.0475));
#10990=CARTESIAN_POINT('',(0.0031,0.00591245154965971,0.0475));
#10991=CARTESIAN_POINT('',(0.,0.,0.0475));
#10992=CARTESIAN_POINT('',(0.0036,0.00723822909208814,0.0475));
#10993=CARTESIAN_POINT('',(-0.0036,0.00723822909208813,0.0475));
#10994=CARTESIAN_POINT('',(0.0036,0.00723822909208814,0.0492499999999992));
#10995=CARTESIAN_POINT('',(0.0036,0.00723822909208814,0.0508));
#10996=CARTESIAN_POINT('',(-0.0036,0.00723822909208813,0.04925));
#10997=CARTESIAN_POINT('',(-0.0036,0.00723822909208813,0.0508));
#10998=CARTESIAN_POINT('',(-4.33680868994202E-19,0.00815,0.0445));
#10999=CARTESIAN_POINT('',(-0.0044,0.00375,0.004));
#11000=CARTESIAN_POINT('',(-0.0044,0.00375,0.004));
#11001=CARTESIAN_POINT('',(-2.55377833146233E-19,-0.0091,0.));
#11002=CARTESIAN_POINT('',(-0.000844787476752326,-0.00774159101497769,0.0183611235425558));
#11003=CARTESIAN_POINT('',(-0.00113789811568837,-0.00792301686600858,0.0181702052093134));
#11004=CARTESIAN_POINT('',(-0.00136811084906517,-0.00820250210906031,0.0178760968644225));
#11005=CARTESIAN_POINT('',(-0.00161612136858044,-0.00884577994823173,0.0171991617299157));
#11006=CARTESIAN_POINT('',(-0.00163234473464278,-0.00920725328678274,0.0168187755450848));
#11007=CARTESIAN_POINT('',(-0.00144295752031022,-0.00987016202770732,0.0161211823895649));
#11008=CARTESIAN_POINT('',(-0.00123822902140697,-0.010168510954812,0.0158072233833849));
#11009=CARTESIAN_POINT('',(-0.000687826082791523,-0.0105836898724064,0.0153703216602042));
#11010=CARTESIAN_POINT('',(-0.000344717111040007,-0.0106985857864376,0.0152494142135623));
#11011=CARTESIAN_POINT('',(0.000344717111040013,-0.0106985857864376,0.0152494142135624));
#11012=CARTESIAN_POINT('',(0.000687826082791524,-0.0105836898724064,0.0153703216602042));
#11013=CARTESIAN_POINT('',(0.00123822902140697,-0.010168510954812,0.0158072233833849));
#11014=CARTESIAN_POINT('',(0.00144295752031022,-0.00987016202770732,0.0161211823895649));
#11015=CARTESIAN_POINT('',(0.00163234473464278,-0.00920725328678274,0.0168187755450848));
#11016=CARTESIAN_POINT('',(0.00161612136858044,-0.00884577994823173,0.0171991617299157));
#11017=CARTESIAN_POINT('',(0.00136811084906517,-0.00820250210906031,0.0178760968644225));
#11018=CARTESIAN_POINT('',(0.00113789811568837,-0.00792301686600857,0.0181702052093134));
#11019=CARTESIAN_POINT('',(0.000844787476752328,-0.00774159101497769,0.0183611235425558));
#11020=CARTESIAN_POINT('',(-0.000845225106380227,-0.00774147340123775,0.0183617093289934));
#11021=CARTESIAN_POINT('',(-0.00113848758693725,-0.00792299323724103,0.0181707909957511));
#11022=CARTESIAN_POINT('',(-0.00136881957852058,-0.00820262326325384,0.0178766826510855));
#11023=CARTESIAN_POINT('',(-0.00161695857638253,-0.00884623434342403,0.0171997475161279));
#11024=CARTESIAN_POINT('',(-0.00163319034669905,-0.00920789493741936,0.0168193613317565));
#11025=CARTESIAN_POINT('',(-0.00144370502299411,-0.00987114708885743,0.0161217681757685));
#11026=CARTESIAN_POINT('',(-0.00123887046762732,-0.0101696505709415,0.0158078091698476));
#11027=CARTESIAN_POINT('',(-0.000688182400863103,-0.0105850445658689,0.0153709074466168));
#11028=CARTESIAN_POINT('',(-0.000344895685602387,-0.0107,0.01525));
#11029=CARTESIAN_POINT('',(0.000344895685602392,-0.0107,0.01525));
#11030=CARTESIAN_POINT('',(0.000688182400863104,-0.0105850445658689,0.0153709074466168));
#11031=CARTESIAN_POINT('',(0.00123887046762731,-0.0101696505709415,0.0158078091698476));
#11032=CARTESIAN_POINT('',(0.00144370502299411,-0.00987114708885743,0.0161217681757685));
#11033=CARTESIAN_POINT('',(0.00163319034669905,-0.00920789493741936,0.0168193613317565));
#11034=CARTESIAN_POINT('',(0.00161695857638252,-0.00884623434342403,0.0171997475161279));
#11035=CARTESIAN_POINT('',(0.00136881957852058,-0.00820262326325385,0.0178766826510855));
#11036=CARTESIAN_POINT('',(0.00113848758693725,-0.00792299323724103,0.0181707909957511));
#11037=CARTESIAN_POINT('',(0.000845225106380229,-0.00774147340123775,0.0183617093289934));
#11038=CARTESIAN_POINT('',(-0.000888988069170343,-0.00772971202724395,0.018420287972756));
#11039=CARTESIAN_POINT('',(-0.00119743471182511,-0.00792063036048626,0.0182293696395137));
#11040=CARTESIAN_POINT('',(-0.00143969252406188,-0.00821473868260727,0.0179352613173927));
#11041=CARTESIAN_POINT('',(-0.001700679356591,-0.0088916738626539,0.0172583261373461));
#11042=CARTESIAN_POINT('',(-0.00171775155232652,-0.0092720600010814,0.0168779399989186));
#11043=CARTESIAN_POINT('',(-0.00151845529138288,-0.00996965320386823,0.0161803467961318));
#11044=CARTESIAN_POINT('',(-0.00130301508966169,-0.0102836121838853,0.0158663878161147));
#11045=CARTESIAN_POINT('',(-0.000723814208021065,-0.0107205139121249,0.0154294860878751));
#11046=CARTESIAN_POINT('',(-0.000362753141840347,-0.0108414213562373,0.0153085786437627));
#11047=CARTESIAN_POINT('',(0.000362753141840353,-0.0108414213562373,0.0153085786437627));
#11048=CARTESIAN_POINT('',(0.000723814208021066,-0.0107205139121249,0.0154294860878751));
#11049=CARTESIAN_POINT('',(0.00130301508966169,-0.0102836121838853,0.0158663878161147));
#11050=CARTESIAN_POINT('',(0.00151845529138288,-0.00996965320386823,0.0161803467961318));
#11051=CARTESIAN_POINT('',(0.00171775155232652,-0.0092720600010814,0.0168779399989186));
#11052=CARTESIAN_POINT('',(0.001700679356591,-0.0088916738626539,0.0172583261373461));
#11053=CARTESIAN_POINT('',(0.00143969252406188,-0.00821473868260727,0.0179352613173927));
#11054=CARTESIAN_POINT('',(0.00119743471182511,-0.00792063036048627,0.0182293696395137));
#11055=CARTESIAN_POINT('',(0.000888988069170346,-0.00772971202724395,0.018420287972756));
#11056=CARTESIAN_POINT('',(-0.000974403234125786,-0.00783093012906097,0.01826750158101));
#11057=CARTESIAN_POINT('',(-0.00101564539596405,-0.00786259623098159,0.0182342539562963));
#11058=CARTESIAN_POINT('',(-0.00107327280789246,-0.00789395647428459,0.0182206767647407));
#11059=CARTESIAN_POINT('',(-0.00112995922182934,-0.00791164588881449,0.0182383541111855));
#11060=CARTESIAN_POINT('',(0.00112995922182934,-0.00791164588881449,0.0182383541111855));
#11061=CARTESIAN_POINT('',(0.00107328855072626,-0.00789396138695226,0.0182206816740568));
#11062=CARTESIAN_POINT('',(0.00101572201424013,-0.00786265505918165,0.0182341921899973));
#11063=CARTESIAN_POINT('',(0.000974403234125649,-0.00783093012906105,0.0182675015810098));
#11064=CARTESIAN_POINT('',(-3.25260651745652E-19,-0.00375,0.0002));
#11065=CARTESIAN_POINT('',(0.00312061708976467,-0.00685189441778225,0.0002));
#11066=CARTESIAN_POINT('',(0.00307333501264702,-0.00680489601751282,0.000133333333333333));
#11067=CARTESIAN_POINT('',(0.00302605293552937,-0.0067578976172434,6.66666666666667E-5));
#11068=CARTESIAN_POINT('',(0.00297877085841173,-0.00671089921697397,0.));
#11069=CARTESIAN_POINT('',(0.0044,-0.00375,0.0002));
#11070=CARTESIAN_POINT('',(0.0044,0.,0.0002));
#11071=CARTESIAN_POINT('',(0.0044,0.00375,0.0002));
#11072=CARTESIAN_POINT('',(0.00297877085841171,-0.00671089921697398,-2.03287907341032E-18));
#11073=CARTESIAN_POINT('',(0.00235539905743285,-0.00731498094393629,-2.42120354717318E-18));
#11074=CARTESIAN_POINT('',(0.00201239594091445,-0.0081786818100686,-1.1805253365089E-18));
#11075=CARTESIAN_POINT('',(0.0020493403139277,-0.00904799732977303,-2.71050543121376E-18));
#11076=CARTESIAN_POINT('',(0.00312061708976465,-0.00685189441778227,0.0002));
#11077=CARTESIAN_POINT('',(0.00253298884715028,-0.0074228401640787,0.0002));
#11078=CARTESIAN_POINT('',(0.00221577265879206,-0.00822232949214545,0.0002));
#11079=CARTESIAN_POINT('',(0.00224927595431088,-0.00904292389853137,0.0002));
#11080=CARTESIAN_POINT('',(0.00204934031392769,-0.00904799732977303,0.));
#11081=CARTESIAN_POINT('',(0.00211598552738876,-0.00904630618602581,6.66666666666667E-5));
#11082=CARTESIAN_POINT('',(0.00218263074084982,-0.00904461504227859,0.000133333333333333));
#11083=CARTESIAN_POINT('',(0.00224927595431088,-0.00904292389853138,0.0002));
#11084=CARTESIAN_POINT('',(-9.49101269339199E-20,0.00375,0.0002));
#11085=CARTESIAN_POINT('',(-0.0044,0.00375,0.0002));
#11086=CARTESIAN_POINT('',(-3.15079364604667E-19,-0.0091,0.0002));
#11087=CARTESIAN_POINT('',(-0.00224927595431088,-0.00904292389853138,0.000199999999999999));
#11088=CARTESIAN_POINT('',(-0.00218263074084982,-0.0090446150422786,0.000133333333333333));
#11089=CARTESIAN_POINT('',(-0.00211598552738876,-0.00904630618602582,6.66666666666664E-5));
#11090=CARTESIAN_POINT('',(-0.0020493403139277,-0.00904799732977303,0.));
#11091=CARTESIAN_POINT('',(-0.0042,-0.0016,0.));
#11092=CARTESIAN_POINT('',(-0.0044,-0.00375,0.0002));
#11093=CARTESIAN_POINT('',(-0.00204934031392769,-0.00904799732977303,-1.95156391047391E-18));
#11094=CARTESIAN_POINT('',(-0.00201324126810734,-0.00818104123325242,-2.28446526075953E-18));
#11095=CARTESIAN_POINT('',(-0.00235298142203201,-0.00731651084767713,-1.25971088855282E-18));
#11096=CARTESIAN_POINT('',(-0.00297877085841171,-0.00671089921697398,-2.54787510534094E-18));
#11097=CARTESIAN_POINT('',(-0.00224927595431088,-0.00904292389853137,0.0002));
#11098=CARTESIAN_POINT('',(-0.00221656173409175,-0.00822454975484517,0.0002));
#11099=CARTESIAN_POINT('',(-0.002530723081835,-0.00742427435029659,0.0002));
#11100=CARTESIAN_POINT('',(-0.00312061708976465,-0.00685189441778227,0.0002));
#11101=CARTESIAN_POINT('',(-0.00297877085841171,-0.00671089921697398,0.));
#11102=CARTESIAN_POINT('',(-0.00302605293552936,-0.00675789761724341,6.66666666666664E-5));
#11103=CARTESIAN_POINT('',(-0.003073335012647,-0.00680489601751284,0.000133333333333333));
#11104=CARTESIAN_POINT('',(-0.00312061708976465,-0.00685189441778227,0.000199999999999999));
#11105=CARTESIAN_POINT('',(-3.25260651745652E-19,-0.00375,0.0002));
#11106=CARTESIAN_POINT('',(-3.25260651745652E-19,-0.00375,0.));
#11107=CARTESIAN_POINT('',(0.0042,0.00615,0.051));
#11108=CARTESIAN_POINT('',(0.00421339118135223,0.00659837313118518,0.051));
#11109=CARTESIAN_POINT('',(0.00413140820029019,0.00707234702760934,0.051));
#11110=CARTESIAN_POINT('',(0.00382898792430286,0.007432044804876,0.051));
#11111=CARTESIAN_POINT('',(0.0044,0.00615,0.0508));
#11112=CARTESIAN_POINT('',(0.00441368332742589,0.00660879285064487,0.0508));
#11113=CARTESIAN_POINT('',(0.00433003263955176,0.00715026243793113,0.0508));
#11114=CARTESIAN_POINT('',(0.00398164654050476,0.00756125528006791,0.0508));
#11115=CARTESIAN_POINT('',(0.0044,0.00615,0.0508));
#11116=CARTESIAN_POINT('',(0.00433333333333333,0.00615,0.0508666666666667));
#11117=CARTESIAN_POINT('',(0.00426666666666667,0.00615,0.0509333333333333));
#11118=CARTESIAN_POINT('',(0.0042,0.00615,0.051));
#11119=CARTESIAN_POINT('',(0.00382898792430286,0.007432044804876,0.051));
#11120=CARTESIAN_POINT('',(0.0038798741297035,0.00747511496327331,0.0509333333333333));
#11121=CARTESIAN_POINT('',(0.00393076033510413,0.00751818512167061,0.0508666666666667));
#11122=CARTESIAN_POINT('',(0.00398164654050477,0.00756125528006791,0.0508));
#11123=CARTESIAN_POINT('',(0.0036,0.00723822909208814,0.051));
#11124=CARTESIAN_POINT('',(0.0033,0.00723822909208814,0.051));
#11125=CARTESIAN_POINT('',(0.0044,0.,0.0508));
#11126=CARTESIAN_POINT('',(0.0042,-0.00615,0.051));
#11127=CARTESIAN_POINT('',(0.00426666666666667,-0.00615,0.0509333333333333));
#11128=CARTESIAN_POINT('',(0.00433333333333333,-0.00615,0.0508666666666667));
#11129=CARTESIAN_POINT('',(0.0044,-0.00615,0.0508));
#11130=CARTESIAN_POINT('',(0.0031,0.00591245154965971,0.0508));
#11131=CARTESIAN_POINT('',(0.0033,0.00375,0.051));
#11132=CARTESIAN_POINT('',(0.0024,-0.00795,0.051));
#11133=CARTESIAN_POINT('',(0.00287864132740398,-0.00796566217012695,0.051));
#11134=CARTESIAN_POINT('',(0.00339771695234458,-0.00786534799054877,0.051));
#11135=CARTESIAN_POINT('',(0.00411306603019347,-0.00715816058375639,0.051));
#11136=CARTESIAN_POINT('',(0.00421679033786579,-0.00663608103682404,0.051));
#11137=CARTESIAN_POINT('',(0.0042,-0.00615,0.051));
#11138=CARTESIAN_POINT('',(0.0024,-0.00815,0.0508));
#11139=CARTESIAN_POINT('',(0.00289071456619694,-0.00816586277582219,0.0508));
#11140=CARTESIAN_POINT('',(0.00348287511768655,-0.00806240614320385,0.0508));
#11141=CARTESIAN_POINT('',(0.00430972551941803,-0.00724496649993465,0.0508));
#11142=CARTESIAN_POINT('',(0.00441717850187382,-0.006648586729373,0.0508));
#11143=CARTESIAN_POINT('',(0.0044,-0.00615,0.0508));
#11144=CARTESIAN_POINT('',(0.0024,-0.00815,0.0508));
#11145=CARTESIAN_POINT('',(0.0024,-0.00808333333333333,0.0508666666666667));
#11146=CARTESIAN_POINT('',(0.0024,-0.00801666666666667,0.0509333333333333));
#11147=CARTESIAN_POINT('',(0.0024,-0.00795,0.051));
#11148=CARTESIAN_POINT('',(-6.49062803548097E-19,0.00375,0.0508));
#11149=CARTESIAN_POINT('',(-0.0033,0.00375,0.051));
#11150=CARTESIAN_POINT('',(0.,-0.00815,0.0508));
#11151=CARTESIAN_POINT('',(-0.0024,-0.00795,0.051));
#11152=CARTESIAN_POINT('',(-0.0024,-0.00801666666666667,0.0509333333333333));
#11153=CARTESIAN_POINT('',(-0.0024,-0.00808333333333333,0.0508666666666667));
#11154=CARTESIAN_POINT('',(-0.0024,-0.00815,0.0508));
#11155=CARTESIAN_POINT('',(-0.0033,-0.0016,0.051));
#11156=CARTESIAN_POINT('',(-0.0033,0.00723822909208813,0.051));
#11157=CARTESIAN_POINT('',(-0.0042,-0.00615,0.051));
#11158=CARTESIAN_POINT('',(-0.00421566217012696,-0.00662864132740398,0.051));
#11159=CARTESIAN_POINT('',(-0.00411534799054877,-0.00714771695234457,0.051));
#11160=CARTESIAN_POINT('',(-0.0034081605837564,-0.00786306603019347,0.051));
#11161=CARTESIAN_POINT('',(-0.00288608103682404,-0.00796679033786578,0.051));
#11162=CARTESIAN_POINT('',(-0.0024,-0.00795,0.051));
#11163=CARTESIAN_POINT('',(-0.0044,-0.00615,0.0508));
#11164=CARTESIAN_POINT('',(-0.00441586277582219,-0.00664071456619694,0.0508));
#11165=CARTESIAN_POINT('',(-0.00431240614320385,-0.00723287511768655,0.0508));
#11166=CARTESIAN_POINT('',(-0.00349496649993466,-0.00805972551941803,0.0508));
#11167=CARTESIAN_POINT('',(-0.00289858672937301,-0.00816717850187382,0.0508));
#11168=CARTESIAN_POINT('',(-0.0024,-0.00815,0.0508));
#11169=CARTESIAN_POINT('',(-0.0044,-0.00615,0.0508));
#11170=CARTESIAN_POINT('',(-0.00433333333333333,-0.00615,0.0508666666666667));
#11171=CARTESIAN_POINT('',(-0.00426666666666667,-0.00615,0.0509333333333333));
#11172=CARTESIAN_POINT('',(-0.0042,-0.00615,0.051));
#11173=CARTESIAN_POINT('',(-0.0036,0.00723822909208813,0.051));
#11174=CARTESIAN_POINT('',(-0.00398164654050477,0.0075612552800679,0.0508));
#11175=CARTESIAN_POINT('',(-0.00393076033510413,0.0075181851216706,0.0508666666666667));
#11176=CARTESIAN_POINT('',(-0.0038798741297035,0.0074751149632733,0.0509333333333333));
#11177=CARTESIAN_POINT('',(-0.00382898792430286,0.00743204480487599,0.051));
#11178=CARTESIAN_POINT('',(-0.0042,-0.0016,0.051));
#11179=CARTESIAN_POINT('',(-0.0042,0.00615,0.051));
#11180=CARTESIAN_POINT('',(-0.00426666666666667,0.00615,0.0509333333333333));
#11181=CARTESIAN_POINT('',(-0.00433333333333333,0.00615,0.0508666666666667));
#11182=CARTESIAN_POINT('',(-0.0044,0.00615,0.0508));
#11183=CARTESIAN_POINT('',(-0.00382898792430286,0.00743204480487599,0.051));
#11184=CARTESIAN_POINT('',(-0.00412819378640951,0.00707792358075743,0.051));
#11185=CARTESIAN_POINT('',(-0.00421385288096804,0.00660253282511607,0.051));
#11186=CARTESIAN_POINT('',(-0.0042,0.00615,0.051));
#11187=CARTESIAN_POINT('',(-0.00398164654050476,0.0075612552800679,0.0508));
#11188=CARTESIAN_POINT('',(-0.00432640750760038,0.00715662493207132,0.0508));
#11189=CARTESIAN_POINT('',(-0.0044142347621775,0.00661323058070508,0.0508));
#11190=CARTESIAN_POINT('',(-0.0044,0.00615,0.0508));
#11191=CARTESIAN_POINT('',(-6.49062803548097E-19,0.00375,0.));
#11192=CARTESIAN_POINT('',(-2.55377833146233E-19,-0.0091,0.0295));
#11193=CARTESIAN_POINT('',(0.000381324834417714,-0.00783569282237734,0.029948723589352));
#11194=CARTESIAN_POINT('',(0.00012819715265989,-0.00782395865907364,0.0299791290141995));
#11195=CARTESIAN_POINT('',(-0.000128319212902624,-0.00782396431738339,0.0299791143524546));
#11196=CARTESIAN_POINT('',(-0.000381324834417722,-0.00783569282237737,0.0299487235893522));
#11197=CARTESIAN_POINT('',(0.000381324834417714,-0.00783569282237734,0.029948723589352));
#11198=CARTESIAN_POINT('',(-0.000381324834417714,-0.00783569282237734,0.029948723589352));
#11199=CARTESIAN_POINT('',(-0.000381324834417714,-0.00783569282237734,0.029948723589352));
#11200=CARTESIAN_POINT('',(-0.000517006255929051,-0.00784198256495403,0.0299324256829503));
#11201=CARTESIAN_POINT('',(-0.000796388980955269,-0.00785489799095631,0.0298821088110947));
#11202=CARTESIAN_POINT('',(-0.000974403234125791,-0.00783093012906097,0.029638118275309));
#11203=CARTESIAN_POINT('',(-0.000974403234125791,-0.00783093012906097,0.0295));
#11204=CARTESIAN_POINT('',(0.000974403234125786,-0.00783093012906097,0.0295));
#11205=CARTESIAN_POINT('',(0.000974403234125786,-0.00783093012906097,0.0296381347251683));
#11206=CARTESIAN_POINT('',(0.00079650066304498,-0.00785489458003028,0.0298820270133148));
#11207=CARTESIAN_POINT('',(0.000517030329009371,-0.00784198368090253,0.0299324227913178));
#11208=CARTESIAN_POINT('',(0.000381324834417715,-0.00783569282237734,0.029948723589352));
#11209=CARTESIAN_POINT('',(0.00127890424479009,-0.00743434579439252,0.018));
#11210=CARTESIAN_POINT('',(0.00127890424479009,-0.00743434579439252,0.0295));
#11211=CARTESIAN_POINT('',(0.00144286632745549,-0.00790669781931464,0.0295));
#11212=CARTESIAN_POINT('',(0.00118821074964099,-0.00799509345794392,0.0295));
#11213=CARTESIAN_POINT('',(0.000974403234125786,-0.00783093012906097,0.0295));
#11214=CARTESIAN_POINT('',(0.00144286624835893,-0.00790669784677051,0.0298036077589338));
#11215=CARTESIAN_POINT('',(0.00118821069082848,-0.00799509347297393,0.0297056446962249));
#11216=CARTESIAN_POINT('',(0.000974403209550138,-0.00783093011019156,0.0296518038794682));
#11217=CARTESIAN_POINT('',(0.0011537894934357,-0.00801535220303113,0.0302282324722569));
#11218=CARTESIAN_POINT('',(0.000969541916122618,-0.00805600912120434,0.0299994613494077));
#11219=CARTESIAN_POINT('',(0.000824016496388415,-0.0078556942905743,0.0298641162361282));
#11220=CARTESIAN_POINT('',(0.000504701565146929,-0.00813106482445583,0.0304157489191989));
#11221=CARTESIAN_POINT('',(0.000442439005575325,-0.00813516564886571,0.0300900957124817));
#11222=CARTESIAN_POINT('',(0.000392604034219509,-0.00783593851187194,0.0299578744595995));
#11223=CARTESIAN_POINT('',(-2.09533542775075E-6,-0.0081595094834736,0.0304473001478867));
#11224=CARTESIAN_POINT('',(-1.87699451029977E-6,-0.00815765338962104,0.0300896601694669));
#11225=CARTESIAN_POINT('',(-1.64879320291529E-6,-0.00781950763821162,0.0299736500739433));
#11226=CARTESIAN_POINT('',(-0.000505736195429313,-0.00813089556247304,0.0304155466359937));
#11227=CARTESIAN_POINT('',(-0.000443307345527774,-0.00813503266372154,0.0300900800413953));
#11228=CARTESIAN_POINT('',(-0.000393347561719508,-0.00783603170954636,0.0299577733179969));
#11229=CARTESIAN_POINT('',(-0.00115664560424618,-0.00801466749509771,0.0302268921241579));
#11230=CARTESIAN_POINT('',(-0.000971775496805396,-0.00805559011752537,0.0299986133770827));
#11231=CARTESIAN_POINT('',(-0.000825750774672752,-0.0078556457301382,0.0298634460620788));
#11232=CARTESIAN_POINT('',(-0.00144286627693081,-0.00790669783685271,0.0298014255764982));
#11233=CARTESIAN_POINT('',(-0.00118821071208514,-0.00799509346754506,0.029704166623794));
#11234=CARTESIAN_POINT('',(-0.000974403218447518,-0.00783093011702296,0.0296507127882496));
#11235=CARTESIAN_POINT('',(-0.0014428663274556,-0.00790669781931463,0.0295));
#11236=CARTESIAN_POINT('',(-0.00118821074964108,-0.00799509345794392,0.0295));
#11237=CARTESIAN_POINT('',(-0.000974403234125869,-0.00783093012906095,0.0295));
#11238=CARTESIAN_POINT('',(-0.00127890424479009,-0.00743434579439252,0.0295));
#11239=CARTESIAN_POINT('',(-0.00127890424479009,-0.00743434579439252,0.051));
#11240=CARTESIAN_POINT('',(-0.003,0.0005,0.006));
#11241=CARTESIAN_POINT('',(-0.003,0.0005,0.00648068849522205));
#11242=CARTESIAN_POINT('',(-0.003,0.0005,0.006));
#11243=CARTESIAN_POINT('',(-0.0022,0.0005,0.006));
#11244=CARTESIAN_POINT('',(-0.003,0.0005,0.));
#11245=CARTESIAN_POINT('',(0.003,0.0005,0.006));
#11246=CARTESIAN_POINT('',(0.003,0.0005,0.00648068849522205));
#11247=CARTESIAN_POINT('',(0.003,0.0005,0.006));
#11248=CARTESIAN_POINT('',(0.0038,0.0005,0.006));
#11249=CARTESIAN_POINT('',(0.003,0.0005,0.));
#11250=CARTESIAN_POINT('',(-0.0033364199549517,0.00235292328594973,0.00802787061950592));
#11251=CARTESIAN_POINT('',(0.,2.12782381351853E-19,0.));
#11252=CARTESIAN_POINT('',(0.,2.12782381351853E-19,0.0203));
#11253=CARTESIAN_POINT('',(0.0009,2.12782381351853E-19,0.0203));
#11254=CARTESIAN_POINT('',(0.,0.,0.00472103274283307));
#11255=CARTESIAN_POINT('',(-0.0009,0.,0.00472103274283307));
#11256=CARTESIAN_POINT('',(0.,2.12782381351853E-19,0.0135));
#11257=CARTESIAN_POINT('',(0.,2.12782381351853E-19,0.0133));
#11258=CARTESIAN_POINT('',(0.003475,2.12782381351853E-19,0.0133));
#11259=CARTESIAN_POINT('',(0.,2.12782381351853E-19,0.0002));
#11260=CARTESIAN_POINT('',(0.003475,2.12782381351853E-19,0.0002));
#11261=CARTESIAN_POINT('',(0.,0.,0.0135));
#11262=CARTESIAN_POINT('',(0.,2.12782381351853E-19,0.0135));
#11263=CARTESIAN_POINT('',(0.003275,2.12782381351853E-19,0.0135));
#11264=CARTESIAN_POINT('',(0.,2.93915231795365E-19,0.0135));
#11265=CARTESIAN_POINT('',(0.001325,2.93915231795365E-19,0.0135));
#11266=CARTESIAN_POINT('',(0.,0.,0.));
#11267=CARTESIAN_POINT('',(0.,0.,0.));
#11268=CARTESIAN_POINT('',(0.0023,0.,0.));
#11269=CARTESIAN_POINT('',(0.,2.12782381351853E-19,0.));
#11270=CARTESIAN_POINT('',(0.003275,2.12782381351853E-19,0.));
#11271=CARTESIAN_POINT('',(0.,2.93915231795365E-19,0.015));
#11272=CARTESIAN_POINT('',(0.,2.93915231795365E-19,0.015));
#11273=CARTESIAN_POINT('',(0.001325,2.93915231795365E-19,0.015));
#11274=CARTESIAN_POINT('',(0.,1.83697019872103E-19,0.0205));
#11275=CARTESIAN_POINT('',(0.,1.83697019872103E-19,0.0152));
#11276=CARTESIAN_POINT('',(0.003,1.83697019872103E-19,0.0152));
#11277=CARTESIAN_POINT('',(0.,1.83697019872103E-19,0.0203));
#11278=CARTESIAN_POINT('',(0.003,1.83697019872103E-19,0.0203));
#11279=CARTESIAN_POINT('',(0.,0.,0.0205));
#11280=CARTESIAN_POINT('',(0.,2.12782381351853E-19,0.0205));
#11281=CARTESIAN_POINT('',(0.0011,2.12782381351853E-19,0.0205));
#11282=CARTESIAN_POINT('',(0.,1.83697019872103E-19,0.0205));
#11283=CARTESIAN_POINT('',(0.0028,1.83697019872103E-19,0.0205));
#11284=CARTESIAN_POINT('',(0.,0.,0.015));
#11285=CARTESIAN_POINT('',(0.,1.83697019872103E-19,0.015));
#11286=CARTESIAN_POINT('',(0.0028,1.83697019872103E-19,0.015));
#11287=CARTESIAN_POINT('',(0.,0.,0.004));
#11288=CARTESIAN_POINT('',(0.,0.,0.004));
#11289=CARTESIAN_POINT('',(0.0021,0.,0.004));
#11290=CARTESIAN_POINT('',(0.,0.,0.));
#11291=CARTESIAN_POINT('',(0.,0.,0.0002));
#11292=CARTESIAN_POINT('',(0.0021,0.,0.0002));
#11293=CARTESIAN_POINT('',(0.,1.83697019872103E-19,0.0205));
#11294=CARTESIAN_POINT('',(0.,0.,0.));
#11295=CARTESIAN_POINT('',(0.,2.12782381351853E-19,0.0205));
#11296=CARTESIAN_POINT('',(0.,1.83697019872103E-19,0.0152));
#11297=CARTESIAN_POINT('',(0.,2.12782381351853E-19,0.0135));
#11298=CARTESIAN_POINT('',(0.,2.12782381351853E-19,0.0002));
#11299=CARTESIAN_POINT('',(-0.00333641995495171,-0.00139707671405027,0.0740278706195059));
#11300=CARTESIAN_POINT('',(0.,0.,-0.01));
#11301=CARTESIAN_POINT('',(-0.00183098334236005,-0.0035,-0.01));
#11302=CARTESIAN_POINT('',(-0.00183098334236065,-0.0035,-0.000249405317734714));
#11303=CARTESIAN_POINT('',(-0.00183098334236091,-0.0035,-0.002750594682265));
#11304=CARTESIAN_POINT('',(0.,0.,-0.000249405317734562));
#11305=CARTESIAN_POINT('',(-0.00211559724206551,-0.00333567808838995,-0.000249405317734562));
#11306=CARTESIAN_POINT('',(-0.00211559724206551,-0.00333567808838995,-0.01));
#11307=CARTESIAN_POINT('',(-0.00211559724206551,-0.00333567808838995,-0.00275059468226544));
#11308=CARTESIAN_POINT('',(0.,0.,-0.00275059468226544));
#11309=CARTESIAN_POINT('',(0.,0.,-0.01));
#11310=CARTESIAN_POINT('',(0.00211559724206551,-0.00333567808838995,-0.01));
#11311=CARTESIAN_POINT('',(0.00211559724206551,-0.00333567808838995,-0.000249405317734561));
#11312=CARTESIAN_POINT('',(0.00211559724206551,-0.00333567808838995,-0.00275059468226544));
#11313=CARTESIAN_POINT('',(0.,0.,-0.000249405317734562));
#11314=CARTESIAN_POINT('',(0.00183098334236065,-0.0035,-0.000249405317734866));
#11315=CARTESIAN_POINT('',(0.00183098334236006,-0.0035,-0.01));
#11316=CARTESIAN_POINT('',(0.00183098334236091,-0.0035,-0.00275059468226522));
#11317=CARTESIAN_POINT('',(0.,0.,-0.00275059468226544));
#11318=CARTESIAN_POINT('',(0.,0.,-0.01));
#11319=CARTESIAN_POINT('',(0.00183098334236006,0.0035,-0.01));
#11320=CARTESIAN_POINT('',(0.00183098334236006,0.0035,-0.000249405317734561));
#11321=CARTESIAN_POINT('',(0.00183098334236006,0.0035,-0.00275059468226544));
#11322=CARTESIAN_POINT('',(0.,0.,-0.000249405317734562));
#11323=CARTESIAN_POINT('',(0.00211559724206551,0.00333567808838995,-0.000249405317734562));
#11324=CARTESIAN_POINT('',(0.00211559724206551,0.00333567808838995,-0.01));
#11325=CARTESIAN_POINT('',(0.00211559724206551,0.00333567808838995,-0.00275059468226544));
#11326=CARTESIAN_POINT('',(0.,0.,-0.00275059468226544));
#11327=CARTESIAN_POINT('',(0.,0.,-0.01));
#11328=CARTESIAN_POINT('',(-0.00211559724206551,0.00333567808838995,-0.01));
#11329=CARTESIAN_POINT('',(-0.00211559724206551,0.00333567808838995,-0.000249405317734561));
#11330=CARTESIAN_POINT('',(-0.00211559724206551,0.00333567808838995,-0.00275059468226544));
#11331=CARTESIAN_POINT('',(0.,0.,-0.000249405317734562));
#11332=CARTESIAN_POINT('',(-0.00183098334236006,0.0035,-0.000249405317734562));
#11333=CARTESIAN_POINT('',(-0.00183098334236006,0.0035,-0.01));
#11334=CARTESIAN_POINT('',(-0.00183098334236006,0.0035,-0.00275059468226544));
#11335=CARTESIAN_POINT('',(0.,0.,-0.00275059468226544));
#11336=CARTESIAN_POINT('',(0.,0.,-0.01));
#11337=CARTESIAN_POINT('',(-0.00394658058442556,-0.000164321911610048,-0.01));
#11338=CARTESIAN_POINT('',(-0.00394658058442586,-0.000164321911609535,-0.000249405317734714));
#11339=CARTESIAN_POINT('',(-0.00394658058442599,-0.00016432191160931,-0.002750594682265));
#11340=CARTESIAN_POINT('',(0.,0.,-0.000249405317734562));
#11341=CARTESIAN_POINT('',(-0.00394658058442586,0.000164321911609532,-0.000249405317734868));
#11342=CARTESIAN_POINT('',(-0.00394658058442556,0.00016432191161005,-0.01));
#11343=CARTESIAN_POINT('',(-0.00394658058442599,0.000164321911609311,-0.00275059468226522));
#11344=CARTESIAN_POINT('',(0.,0.,-0.00275059468226544));
#11345=CARTESIAN_POINT('',(0.003141265875,0.,-0.00412500000136559));
#11346=CARTESIAN_POINT('',(0.003141265875,0.,-0.00412500000136559));
#11347=CARTESIAN_POINT('',(0.003141265875,0.,-0.00406250000136559));
#11348=CARTESIAN_POINT('',(0.003141265875,0.,-0.00418750000136559));
#11349=CARTESIAN_POINT('',(0.0028706329375,0.,-0.0043437500006828));
#11350=CARTESIAN_POINT('',(0.0026,0.,-0.0045));
#11351=CARTESIAN_POINT('',(0.0026,0.,-0.00412500000136559));
#11352=CARTESIAN_POINT('',(0.0026,0.,-0.00375000000273119));
#11353=CARTESIAN_POINT('',(0.0028706329375,0.,-0.00390625000204839));
#11354=CARTESIAN_POINT('',(0.,0.,0.00592368572473777));
#11355=CARTESIAN_POINT('',(0.,0.,-0.0045));
#11356=CARTESIAN_POINT('',(-4.70618238328914E-11,0.0026,-0.0045));
#11357=CARTESIAN_POINT('',(-4.70618237761945E-11,0.0026,-0.0045));
#11358=CARTESIAN_POINT('',(-6.75996202162568E-5,0.00259999999970758,-0.00449607692824089));
#11359=CARTESIAN_POINT('',(-0.000135725705437232,0.00259735987177859,-0.00449205983618365));
#11360=CARTESIAN_POINT('',(-0.000204069027219666,0.00259197913646041,-0.00448796425695193));
#11361=CARTESIAN_POINT('',(-0.000271924081963396,0.00258663684287481,-0.00448389793787748));
#11362=CARTESIAN_POINT('',(-0.000339992672156931,0.00257859266065606,-0.00447975427715935));
#11363=CARTESIAN_POINT('',(-0.000407952480934214,0.0025677957067656,-0.00447555075699203));
#11364=CARTESIAN_POINT('',(-0.000475458497591202,0.00255707084802501,-0.00447137530524285));
#11365=CARTESIAN_POINT('',(-0.000542856518281087,0.00254362970338812,-0.00446714082552459));
#11366=CARTESIAN_POINT('',(-0.00060982069591081,0.00252747279704965,-0.00446286624065579));
#11367=CARTESIAN_POINT('',(-0.000676592986165675,0.00251136218869398,-0.0044586039047072));
#11368=CARTESIAN_POINT('',(-0.000742933231520142,0.00249255133387419,-0.00445430173221645));
#11369=CARTESIAN_POINT('',(-0.000808518540924574,0.0024710924283482,-0.00444997971655634));
#11370=CARTESIAN_POINT('',(-0.000874015478484879,0.00244966243727075,-0.004445663524525));
#11371=CARTESIAN_POINT('',(-0.000938758834727506,0.00242559165049323,-0.0044413275851089));
#11372=CARTESIAN_POINT('',(-0.00100243742763228,0.00239898295562079,-0.00443699243071376));
#11373=CARTESIAN_POINT('',(-0.0010661269977125,0.00237236967383305,-0.00443265652900703));
#11374=CARTESIAN_POINT('',(-0.00112875079989876,0.00234321787828171,-0.0044283214560603));
#11375=CARTESIAN_POINT('',(-0.00119001781848517,0.00231167852548495,-0.00442400772945111));
#11376=CARTESIAN_POINT('',(-0.00125154583713299,0.00228000481372628,-0.00441967562618616));
#11377=CARTESIAN_POINT('',(-0.00131170490635229,0.0022459235463708,-0.00441536509456051));
#11378=CARTESIAN_POINT('',(-0.00137023000922125,0.00220963112998447,-0.0044110962358888));
#11379=CARTESIAN_POINT('',(-0.0014289298582062,0.00217323035054549,-0.00440681463112292));
#11380=CARTESIAN_POINT('',(-0.00148598550348943,0.00213460571956995,-0.00440257498807655));
#11381=CARTESIAN_POINT('',(-0.00154116730447654,0.00209399220245954,-0.00439839628193109));
#11382=CARTESIAN_POINT('',(-0.00159682118271461,0.00205303123895979,-0.004394181827186));
#11383=CARTESIAN_POINT('',(-0.00165056864534316,0.00201004780952325,-0.00439002939237836));
#11384=CARTESIAN_POINT('',(-0.00170221887898036,0.00196531190632931,-0.00438595654138271));
#11385=CARTESIAN_POINT('',(-0.0017494267870205,0.00192442364203013,-0.0043822339875485));
#11386=CARTESIAN_POINT('',(-0.00179488315068252,0.00188207211122449,-0.0043785779081632));
#11387=CARTESIAN_POINT('',(-0.00183847762553873,0.00183847763663131,-0.00437500000318638));
#11388=CARTESIAN_POINT('',(-0.0018862777443929,0.00179067751806555,-0.0043710769307494));
#11389=CARTESIAN_POINT('',(-0.00193258331119374,0.00174063824719533,-0.00436705983812471));
#11390=CARTESIAN_POINT('',(-0.0019771045852322,0.00168850746490912,-0.00436296425842156));
#11391=CARTESIAN_POINT('',(-0.00202130778485518,0.00163674912183231,-0.0043588979388676));
#11392=CARTESIAN_POINT('',(-0.00206375145292169,0.00158292926270257,-0.00435475427776417));
#11393=CARTESIAN_POINT('',(-0.00210417169725799,0.00152723982021765,-0.00435055075729147));
#11394=CARTESIAN_POINT('',(-0.00214432204123153,0.001471922235968,-0.00434637530522159));
#11395=CARTESIAN_POINT('',(-0.00218247531619572,0.00141476031228952,-0.00434214082526101));
#11396=CARTESIAN_POINT('',(-0.00221840148412923,0.00135598482853357,-0.00433786624021409));
#11397=CARTESIAN_POINT('',(-0.00225422470489994,0.00129737776711831,-0.0043336039040773));
#11398=CARTESIAN_POINT('',(-0.0022878330610504,0.00123716684505589,-0.004329301731462));
#11399=CARTESIAN_POINT('',(-0.00231903514210858,0.00117561728877447,-0.00432497971572664));
#11400=CARTESIAN_POINT('',(-0.0023501951805132,0.00111415066627772,-0.00432066352360959));
#11401=CARTESIAN_POINT('',(-0.00237895503174796,0.00105134958174957,-0.00431632758415684));
#11402=CARTESIAN_POINT('',(-0.00240516740942254,0.000987506826635466,-0.00431199242975947));
#11403=CARTESIAN_POINT('',(-0.002431384305756,0.000923653065895127,-0.00430765652804021));
#11404=CARTESIAN_POINT('',(-0.00245505258991623,0.000858757916619926,-0.00430332145511539));
#11405=CARTESIAN_POINT('',(-0.00247607322510379,0.00079313390037503,-0.00429900772854752));
#11406=CARTESIAN_POINT('',(-0.00249718340915212,0.00072723032283995,-0.00429467562530852));
#11407=CARTESIAN_POINT('',(-0.00251562320069732,0.000660592339900516,-0.00429036509372855));
#11408=CARTESIAN_POINT('',(-0.00253134408489267,0.000593546227246767,-0.00428609623510671));
#11409=CARTESIAN_POINT('',(-0.00254711190903556,0.000526299926043112,-0.00428181463038248));
#11410=CARTESIAN_POINT('',(-0.00256014460488828,0.000458643751996646,-0.00427757498738214));
#11411=CARTESIAN_POINT('',(-0.00257044593765937,0.000390906231173696,-0.004273396281271));
#11412=CARTESIAN_POINT('',(-0.00258083539779298,0.000322589219406667,-0.00426918182654787));
#11413=CARTESIAN_POINT('',(-0.0025884467189226,0.000254190147755122,-0.00426502939175064));
#11414=CARTESIAN_POINT('',(-0.00259333588891486,0.000186034854976681,-0.00426095654073705));
#11415=CARTESIAN_POINT('',(-0.00259780455176823,0.000123741454341772,-0.00425723398699877));
#11416=CARTESIAN_POINT('',(-0.0026,6.16518970237203E-5,-0.00425357790768168));
#11417=CARTESIAN_POINT('',(-0.0026,3.88578058618805E-19,-0.00425000000273119));
#11418=CARTESIAN_POINT('',(-0.0026,-6.75995750245354E-5,-0.00424607693035535));
#11419=CARTESIAN_POINT('',(-0.00259735987241699,-0.000135725661987868,-0.00424205983779089));
#11420=CARTESIAN_POINT('',(-0.00259197913749239,-0.00020406898540496,-0.00423796425814628));
#11421=CARTESIAN_POINT('',(-0.00258663684428738,-0.000271924041901074,-0.00423389793865413));
#11422=CARTESIAN_POINT('',(-0.00257859266248581,-0.000339992633741692,-0.00422975427761098));
#11423=CARTESIAN_POINT('',(-0.00256779570904166,-0.000407952444075573,-0.00422555075719636));
#11424=CARTESIAN_POINT('',(-0.00255707085071387,-0.000475458462470902,-0.00422137530518964));
#11425=CARTESIAN_POINT('',(-0.00254362970650301,-0.000542856484809196,-0.00421714082529019));
#11426=CARTESIAN_POINT('',(-0.00252747280059574,-0.000609820664006012,-0.00421286624030179));
#11427=CARTESIAN_POINT('',(-0.00251136219264209,-0.000676592955939233,-0.00420860390422656));
#11428=CARTESIAN_POINT('',(-0.00249255133822005,-0.000742933202889685,-0.00420430173167028));
#11429=CARTESIAN_POINT('',(-0.00247109243307988,-0.000808518513811134,-0.00419997971599098));
#11430=CARTESIAN_POINT('',(-0.00244966244235084,-0.000874015452999182,-0.00419566352393303));
#11431=CARTESIAN_POINT('',(-0.0024255916559007,-0.000938758810788211,-0.00419132758453644));
#11432=CARTESIAN_POINT('',(-0.00239898296132815,-0.00100243740515665,-0.00418699243019198));
#11433=CARTESIAN_POINT('',(-0.00237236967979453,-0.00106612697681046,-0.00418265652852847));
#11434=CARTESIAN_POINT('',(-0.00234321788446104,-0.00112875078048386,-0.00417832145565613));
#11435=CARTESIAN_POINT('',(-0.00231167853184146,-0.0011900178004649,-0.00417400772913728));
#11436=CARTESIAN_POINT('',(-0.00228000482017481,-0.00125154582068017,-0.00416967562595132));
#11437=CARTESIAN_POINT('',(-0.00224592355285724,-0.00131170489136617,-0.00416536509442085));
#11438=CARTESIAN_POINT('',(-0.00220963113645367,-0.00137022999558997,-0.00416109623584489));
#11439=CARTESIAN_POINT('',(-0.00217323035694405,-0.00142892984601983,-0.00415681463116877));
#11440=CARTESIAN_POINT('',(-0.00213460572583586,-0.00148598549263058,-0.00415257498821286));
#11441=CARTESIAN_POINT('',(-0.00209399220853331,-0.00154116729481319,-0.00414839628214247));
#11442=CARTESIAN_POINT('',(-0.0020530312447359,-0.00159682117439814,-0.00414418182746242));
#11443=CARTESIAN_POINT('',(-0.00201004781493089,-0.00165056863822957,-0.00414002939270449));
#11444=CARTESIAN_POINT('',(-0.00196531191130527,-0.00170221887290725,-0.0041359565417265));
#11445=CARTESIAN_POINT('',(-0.00192442364373884,-0.00174942678521508,-0.0041322339876469));
#11446=CARTESIAN_POINT('',(-0.00188207210940746,-0.00179488315276259,-0.00412857790799881));
#11447=CARTESIAN_POINT('',(-0.00183847763108502,-0.00183847763108502,-0.00412500000273119));
#11448=CARTESIAN_POINT('',(-0.00179067751317995,-0.00188627774899009,-0.00412107693035536));
#11449=CARTESIAN_POINT('',(-0.00174063824299547,-0.0019325833149403,-0.00411705983779091));
#11450=CARTESIAN_POINT('',(-0.00168850746140559,-0.00197710458822431,-0.00411296425814631));
#11451=CARTESIAN_POINT('',(-0.00163674911906852,-0.00202130778705692,-0.00410889793865428));
#11452=CARTESIAN_POINT('',(-0.00158292926069279,-0.00206375145443113,-0.00410475427761125));
#11453=CARTESIAN_POINT('',(-0.00152723981896273,-0.00210417169816883,-0.00410055075719674));
#11454=CARTESIAN_POINT('',(-0.00147192223553401,-0.00214432204149616,-0.00409637530519005));
#11455=CARTESIAN_POINT('',(-0.00141476031268199,-0.00218247531591171,-0.00409214082529062));
#11456=CARTESIAN_POINT('',(-0.00135598482974569,-0.00221840148338833,-0.00408786624030224));
#11457=CARTESIAN_POINT('',(-0.00129737776919125,-0.00225422470367686,-0.004083603904227));
#11458=CARTESIAN_POINT('',(-0.00123716684798522,-0.00228783305943961,-0.00407930173167072));
#11459=CARTESIAN_POINT('',(-0.00117561729254492,-0.00231903514019718,-0.0040749797159914));
#11460=CARTESIAN_POINT('',(-0.00111415067093235,-0.00235019517827918,-0.00407066352393342));
#11461=CARTESIAN_POINT('',(-0.00105134958727507,-0.0023789550292816,-0.00406632758453679));
#11462=CARTESIAN_POINT('',(-0.000987506833009417,-0.00240516740680555,-0.00406199243019229));
#11463=CARTESIAN_POINT('',(-0.000923653073161162,-0.00243138430297048,-0.00405765652852885));
#11464=CARTESIAN_POINT('',(-0.000858757924757007,-0.00245505258704735,-0.00405332145565658));
#11465=CARTESIAN_POINT('',(-0.000793133909354882,-0.00247607322222737,-0.0040490077291378));
#11466=CARTESIAN_POINT('',(-0.000727230332722783,-0.00249718340624999,-0.00404467562595182));
#11467=CARTESIAN_POINT('',(-0.000660592350659078,-0.0025156231978505,-0.00404036509442134));
#11468=CARTESIAN_POINT('',(-0.000593546238848081,-0.00253134408217241,-0.00403609623584537));
#11469=CARTESIAN_POINT('',(-0.000526299938522565,-0.00254711190643454,-0.00403181463116923));
#11470=CARTESIAN_POINT('',(-0.000458643765321467,-0.0025601446024808,-0.0040275749882133));
#11471=CARTESIAN_POINT('',(-0.00039090624530735,-0.00257044593550997,-0.0040233962821429));
#11472=CARTESIAN_POINT('',(-0.000322589234388312,-0.00258083539589894,-0.00401918182746284));
#11473=CARTESIAN_POINT('',(-0.000254190163547653,-0.00258844671735215,-0.0040150293927049));
#11474=CARTESIAN_POINT('',(-0.000186034871540893,-0.00259333588772661,-0.0040109565417269));
#11475=CARTESIAN_POINT('',(-0.000123741465352923,-0.00259780455137827,-0.00400723398764716));
#11476=CARTESIAN_POINT('',(-6.16519024903719E-5,-0.0026,-0.00400357790799893));
#11477=CARTESIAN_POINT('',(-7.7715611723761E-19,-0.0026,-0.00400000000273119));
#11478=CARTESIAN_POINT('',(6.75995750255951E-5,-0.0026,-0.00399607693035529));
#11479=CARTESIAN_POINT('',(0.000135725661990004,-0.0025973598724169,-0.00399205983779077));
#11480=CARTESIAN_POINT('',(0.000204068985408175,-0.00259197913749214,-0.00398796425814609));
#11481=CARTESIAN_POINT('',(0.000271924041903586,-0.00258663684428709,-0.00398389793865398));
#11482=CARTESIAN_POINT('',(0.000339992633743493,-0.00257859266248556,-0.00397975427761087));
#11483=CARTESIAN_POINT('',(0.000407952444076663,-0.00256779570904149,-0.00397555075719629));
#11484=CARTESIAN_POINT('',(0.00047545846247202,-0.00255707085071366,-0.00397137530518957));
#11485=CARTESIAN_POINT('',(0.000542856484810354,-0.00254362970650277,-0.00396714082529012));
#11486=CARTESIAN_POINT('',(0.000609820664007192,-0.00252747280059545,-0.00396286624030171));
#11487=CARTESIAN_POINT('',(0.000676592955940552,-0.00251136219264173,-0.00395860390422647));
#11488=CARTESIAN_POINT('',(0.000742933202891128,-0.00249255133821962,-0.00395430173167019));
#11489=CARTESIAN_POINT('',(0.000808518513812709,-0.00247109243307936,-0.00394997971599087));
#11490=CARTESIAN_POINT('',(0.000874015453001161,-0.00244966244235015,-0.00394566352393289));
#11491=CARTESIAN_POINT('',(0.000938758810790567,-0.0024255916558998,-0.00394132758453628));
#11492=CARTESIAN_POINT('',(0.00100243740515938,-0.00239898296132701,-0.00393699243019179));
#11493=CARTESIAN_POINT('',(0.0010661269768124,-0.00237236967979364,-0.00393265652852833));
#11494=CARTESIAN_POINT('',(0.00112875078048506,-0.00234321788446045,-0.00392832145565605));
#11495=CARTESIAN_POINT('',(0.00119001780046536,-0.00231167853184122,-0.00392400772913725));
#11496=CARTESIAN_POINT('',(0.00125154582068086,-0.00228000482017444,-0.00391967562595127));
#11497=CARTESIAN_POINT('',(0.00131170489136705,-0.00224592355285674,-0.00391536509442078));
#11498=CARTESIAN_POINT('',(0.00137022999559104,-0.002209631136453,-0.00391109623584481));
#11499=CARTESIAN_POINT('',(0.00142892984602057,-0.00217323035694355,-0.00390681463116871));
#11500=CARTESIAN_POINT('',(0.00148598549263103,-0.00213460572583554,-0.00390257498821282));
#11501=CARTESIAN_POINT('',(0.00154116729481335,-0.00209399220853319,-0.00389839628214246));
#11502=CARTESIAN_POINT('',(0.00159682117439818,-0.00205303124473586,-0.00389418182746242));
#11503=CARTESIAN_POINT('',(0.00165056863822951,-0.00201004781493094,-0.00389002939270449));
#11504=CARTESIAN_POINT('',(0.00170221887290709,-0.00196531191130541,-0.00388595654172652));
#11505=CARTESIAN_POINT('',(0.00174942678521498,-0.00192442364373893,-0.00388223398764691));
#11506=CARTESIAN_POINT('',(0.00179488315276253,-0.00188207210940752,-0.00387857790799881));
#11507=CARTESIAN_POINT('',(0.00183847763108501,-0.00183847763108503,-0.00387500000273119));
#11508=CARTESIAN_POINT('',(0.00188627774899096,-0.00179067751317909,-0.00387107693035529));
#11509=CARTESIAN_POINT('',(0.00193258331494198,-0.00174063824299365,-0.00386705983779077));
#11510=CARTESIAN_POINT('',(0.00197710458822674,-0.00168850746140275,-0.00386296425814609));
#11511=CARTESIAN_POINT('',(0.00202130778706017,-0.00163674911906457,-0.00385889793865397));
#11512=CARTESIAN_POINT('',(0.00206375145443513,-0.00158292926068763,-0.00385475427761085));
#11513=CARTESIAN_POINT('',(0.00210417169817349,-0.00152723981895631,-0.00385055075719626));
#11514=CARTESIAN_POINT('',(0.00214432204150073,-0.00147192223552736,-0.00384637530518955));
#11515=CARTESIAN_POINT('',(0.00218247531591618,-0.0014147603126751,-0.00384214082529011));
#11516=CARTESIAN_POINT('',(0.00221840148339268,-0.00135598482973858,-0.00383786624030172));
#11517=CARTESIAN_POINT('',(0.00225422470368096,-0.00129737776918412,-0.00383360390422649));
#11518=CARTESIAN_POINT('',(0.00228783305944346,-0.00123716684797809,-0.00382930173167022));
#11519=CARTESIAN_POINT('',(0.00231903514020078,-0.00117561729253781,-0.00382497971599091));
#11520=CARTESIAN_POINT('',(0.00235019517828278,-0.0011141506709248,-0.00382066352393289));
#11521=CARTESIAN_POINT('',(0.00237895502928515,-0.00105134958726707,-0.00381632758453624));
#11522=CARTESIAN_POINT('',(0.00240516740680901,-0.000987506833000969,-0.00381199243019172));
#11523=CARTESIAN_POINT('',(0.00243138430297378,-0.00092365307315248,-0.00380765652852827));
#11524=CARTESIAN_POINT('',(0.00245505258705048,-0.000858757924748096,-0.00380332145565599));
#11525=CARTESIAN_POINT('',(0.0024760732222303,-0.00079313390934576,-0.0037990077291372));
#11526=CARTESIAN_POINT('',(0.00249718340625279,-0.00072723033271319,-0.0037946756259512));
#11527=CARTESIAN_POINT('',(0.00251562319785315,-0.000660592350649,-0.0037903650944207));
#11528=CARTESIAN_POINT('',(0.00253134408217488,-0.000593546238837545,-0.0037860962358447));
#11529=CARTESIAN_POINT('',(0.00254711190643665,-0.000526299938512274,-0.00378181463116859));
#11530=CARTESIAN_POINT('',(0.00256014460248259,-0.000458643765311461,-0.00377757498821268));
#11531=CARTESIAN_POINT('',(0.00257044593551145,-0.000390906245297626,-0.0037733962821423));
#11532=CARTESIAN_POINT('',(0.0025808353959001,-0.000322589234378971,-0.00376918182746227));
#11533=CARTESIAN_POINT('',(0.00258844671735301,-0.000254190163538737,-0.00376502939270436));
#11534=CARTESIAN_POINT('',(0.00259333588772722,-0.000186034871532392,-0.00376095654172639));
#11535=CARTESIAN_POINT('',(0.00259780455137847,-0.000123741465347286,-0.00375723398764683));
#11536=CARTESIAN_POINT('',(0.0026,-6.16519024875586E-5,-0.00375357790799877));
#11537=CARTESIAN_POINT('',(0.0026,0.,-0.00375000000273119));
#11538=CARTESIAN_POINT('',(0.,0.0005,0.002));
#11539=CARTESIAN_POINT('',(0.,0.,0.002));
#11540=CARTESIAN_POINT('',(0.0002,0.,0.002));
#11541=CARTESIAN_POINT('',(0.,0.,0.00200000000006639));
#11542=CARTESIAN_POINT('',(-0.000499999999993897,0.,0.00200000000006639));
#11543=CARTESIAN_POINT('',(0.,0.,0.));
#11544=CARTESIAN_POINT('',(0.,0.,5.6843418860808E-14));
#11545=CARTESIAN_POINT('',(-0.00190041507642608,0.,5.6843418860808E-14));
#11546=CARTESIAN_POINT('',(0.,0.,0.));
#11547=CARTESIAN_POINT('',(0.00349919004830523,0.,0.));
#11548=CARTESIAN_POINT('',(0.,0.,-0.0105));
#11549=CARTESIAN_POINT('',(0.,0.,-0.0105));
#11550=CARTESIAN_POINT('',(-0.0013000000000332,0.,-0.0105));
#11551=CARTESIAN_POINT('',(0.,0.,-0.0105));
#11552=CARTESIAN_POINT('',(-4.70618415609995E-11,0.0026,-0.0105));
#11553=CARTESIAN_POINT('',(0.0026,1.59204083889156E-19,-0.0105));
#11554=CARTESIAN_POINT('',(0.0026,7.9602041944578E-20,-0.0105));
#11555=CARTESIAN_POINT('',(0.00264765616779752,-0.000474106745230522,-0.0105));
#11556=CARTESIAN_POINT('',(0.00248942813834101,-0.0014315716285565,-0.0105));
#11557=CARTESIAN_POINT('',(0.0015571094069457,-0.00256436412188001,-0.0105));
#11558=CARTESIAN_POINT('',(0.000213315498583687,-0.00312148937471216,-0.0105));
#11559=CARTESIAN_POINT('',(-0.000748028208621143,-0.00304405385509745,-0.0105));
#11560=CARTESIAN_POINT('',(-0.00120211038275019,-0.00290215125814002,-0.0105));
#11561=CARTESIAN_POINT('',(-0.00120211038275019,-0.00290215125814002,-0.0105));
#11562=CARTESIAN_POINT('',(2.77555756156289E-18,-5.55111512312578E-18,-0.0105));
#11563=CARTESIAN_POINT('',(-0.00290215123803727,-0.00120211043128249,-0.0105));
#11564=CARTESIAN_POINT('',(-0.00290215123803727,-0.00120211043128249,-0.0105));
#11565=CARTESIAN_POINT('',(-0.00304412070454898,-0.000747814304155932,-0.0105));
#11566=CARTESIAN_POINT('',(-0.0031212642718171,0.000213116684944239,-0.0105));
#11567=CARTESIAN_POINT('',(-0.00256548067627598,0.00155471822604456,-0.0105));
#11568=CARTESIAN_POINT('',(-0.00143559515167749,0.00248806769269106,-0.0105));
#11569=CARTESIAN_POINT('',(-0.000474420033498423,0.00264768764579842,-0.0105));
#11570=CARTESIAN_POINT('',(-4.70618431075042E-11,0.0026,-0.0105));
#11571=CARTESIAN_POINT('',(0.,0.003,-0.0045));
#11572=CARTESIAN_POINT('',(0.,0.,-0.0045));
#11573=CARTESIAN_POINT('',(-0.0025,0.,-0.0045));
#11574=CARTESIAN_POINT('',(0.,0.,-0.0045));
#11575=CARTESIAN_POINT('',(0.00078596327574859,0.00304135052675848,-0.0108522411166429));
#11576=CARTESIAN_POINT('',(0.000399332492374919,0.003141265875,-0.0108316816377932));
#11577=CARTESIAN_POINT('',(1.92347059954478E-19,0.003141265875,-0.0108125000013656));
#11578=CARTESIAN_POINT('',(-0.00130115492844479,0.003141265875,-0.0107500000013656));
#11579=CARTESIAN_POINT('',(-0.00222121040172239,0.00222121040172239,-0.0106875000013656));
#11580=CARTESIAN_POINT('',(-0.003141265875,0.00130115492844479,-0.0106250000013656));
#11581=CARTESIAN_POINT('',(-0.003141265875,3.84694119908956E-19,-0.0105625000013656));
#11582=CARTESIAN_POINT('',(-0.003141265875,-0.00130115492844479,-0.0105000000013656));
#11583=CARTESIAN_POINT('',(-0.00222121040172239,-0.00222121040172239,-0.0104375000013656));
#11584=CARTESIAN_POINT('',(-0.00130115492844479,-0.003141265875,-0.0103750000013656));
#11585=CARTESIAN_POINT('',(-5.77041179863434E-19,-0.003141265875,-0.0103125000013656));
#11586=CARTESIAN_POINT('',(0.00130115492844479,-0.003141265875,-0.0102500000013656));
#11587=CARTESIAN_POINT('',(0.00222121040172239,-0.00222121040172239,-0.0101875000013656));
#11588=CARTESIAN_POINT('',(0.003141265875,-0.00130115492844479,-0.0101250000013656));
#11589=CARTESIAN_POINT('',(0.003141265875,0.,-0.0100625000013656));
#11590=CARTESIAN_POINT('',(0.003141265875,0.00130115492844479,-0.0100000000013656));
#11591=CARTESIAN_POINT('',(0.00222121040172239,0.00222121040172239,-0.00993750000136559));
#11592=CARTESIAN_POINT('',(0.00130115492844479,0.003141265875,-0.0098750000013656));
#11593=CARTESIAN_POINT('',(1.92347059954478E-19,0.003141265875,-0.00981250000136559));
#11594=CARTESIAN_POINT('',(-0.00130115492844479,0.003141265875,-0.00975000000136559));
#11595=CARTESIAN_POINT('',(-0.00222121040172239,0.00222121040172239,-0.00968750000136559));
#11596=CARTESIAN_POINT('',(-0.003141265875,0.00130115492844479,-0.00962500000136559));
#11597=CARTESIAN_POINT('',(-0.003141265875,3.84694119908956E-19,-0.0095625000013656));
#11598=CARTESIAN_POINT('',(-0.003141265875,-0.00130115492844479,-0.00950000000136559));
#11599=CARTESIAN_POINT('',(-0.00222121040172239,-0.00222121040172239,-0.00943750000136559));
#11600=CARTESIAN_POINT('',(-0.00130115492844479,-0.003141265875,-0.00937500000136559));
#11601=CARTESIAN_POINT('',(-5.77041179863434E-19,-0.003141265875,-0.00931250000136559));
#11602=CARTESIAN_POINT('',(0.00130115492844479,-0.003141265875,-0.00925000000136559));
#11603=CARTESIAN_POINT('',(0.00222121040172239,-0.00222121040172239,-0.00918750000136559));
#11604=CARTESIAN_POINT('',(0.003141265875,-0.00130115492844479,-0.0091250000013656));
#11605=CARTESIAN_POINT('',(0.003141265875,0.,-0.00906250000136559));
#11606=CARTESIAN_POINT('',(0.003141265875,0.00130115492844479,-0.00900000000136559));
#11607=CARTESIAN_POINT('',(0.00222121040172239,0.00222121040172239,-0.00893750000136559));
#11608=CARTESIAN_POINT('',(0.00130115492844479,0.003141265875,-0.00887500000136559));
#11609=CARTESIAN_POINT('',(1.92347059954478E-19,0.003141265875,-0.00881250000136559));
#11610=CARTESIAN_POINT('',(-0.00130115492844479,0.003141265875,-0.00875000000136559));
#11611=CARTESIAN_POINT('',(-0.00222121040172239,0.00222121040172239,-0.00868750000136559));
#11612=CARTESIAN_POINT('',(-0.003141265875,0.00130115492844479,-0.0086250000013656));
#11613=CARTESIAN_POINT('',(-0.003141265875,3.84694119908956E-19,-0.00856250000136559));
#11614=CARTESIAN_POINT('',(-0.003141265875,-0.00130115492844479,-0.00850000000136559));
#11615=CARTESIAN_POINT('',(-0.00222121040172239,-0.00222121040172239,-0.00843750000136559));
#11616=CARTESIAN_POINT('',(-0.00130115492844479,-0.003141265875,-0.00837500000136559));
#11617=CARTESIAN_POINT('',(-5.77041179863434E-19,-0.003141265875,-0.00831250000136559));
#11618=CARTESIAN_POINT('',(0.00130115492844479,-0.003141265875,-0.00825000000136559));
#11619=CARTESIAN_POINT('',(0.00222121040172239,-0.00222121040172239,-0.00818750000136559));
#11620=CARTESIAN_POINT('',(0.003141265875,-0.00130115492844479,-0.00812500000136559));
#11621=CARTESIAN_POINT('',(0.003141265875,0.,-0.00806250000136559));
#11622=CARTESIAN_POINT('',(0.003141265875,0.00130115492844479,-0.00800000000136559));
#11623=CARTESIAN_POINT('',(0.00222121040172239,0.00222121040172239,-0.00793750000136559));
#11624=CARTESIAN_POINT('',(0.00130115492844479,0.003141265875,-0.0078750000013656));
#11625=CARTESIAN_POINT('',(1.92347059954478E-19,0.003141265875,-0.00781250000136559));
#11626=CARTESIAN_POINT('',(-0.00130115492844479,0.003141265875,-0.0077500000013656));
#11627=CARTESIAN_POINT('',(-0.00222121040172239,0.00222121040172239,-0.00768750000136559));
#11628=CARTESIAN_POINT('',(-0.003141265875,0.00130115492844479,-0.00762500000136559));
#11629=CARTESIAN_POINT('',(-0.003141265875,3.84694119908956E-19,-0.00756250000136559));
#11630=CARTESIAN_POINT('',(-0.003141265875,-0.00130115492844479,-0.00750000000136559));
#11631=CARTESIAN_POINT('',(-0.00222121040172239,-0.00222121040172239,-0.00743750000136559));
#11632=CARTESIAN_POINT('',(-0.00130115492844479,-0.003141265875,-0.00737500000136559));
#11633=CARTESIAN_POINT('',(-5.77041179863434E-19,-0.003141265875,-0.00731250000136559));
#11634=CARTESIAN_POINT('',(0.00130115492844479,-0.003141265875,-0.00725000000136559));
#11635=CARTESIAN_POINT('',(0.00222121040172239,-0.00222121040172239,-0.00718750000136559));
#11636=CARTESIAN_POINT('',(0.003141265875,-0.00130115492844479,-0.00712500000136559));
#11637=CARTESIAN_POINT('',(0.003141265875,0.,-0.00706250000136559));
#11638=CARTESIAN_POINT('',(0.003141265875,0.00130115492844479,-0.00700000000136559));
#11639=CARTESIAN_POINT('',(0.00222121040172239,0.00222121040172239,-0.00693750000136559));
#11640=CARTESIAN_POINT('',(0.00130115492844479,0.003141265875,-0.00687500000136559));
#11641=CARTESIAN_POINT('',(1.92347059954478E-19,0.003141265875,-0.00681250000136559));
#11642=CARTESIAN_POINT('',(-0.00130115492844479,0.003141265875,-0.00675000000136559));
#11643=CARTESIAN_POINT('',(-0.00222121040172239,0.00222121040172239,-0.00668750000136559));
#11644=CARTESIAN_POINT('',(-0.003141265875,0.00130115492844479,-0.00662500000136559));
#11645=CARTESIAN_POINT('',(-0.003141265875,3.84694119908956E-19,-0.00656250000136559));
#11646=CARTESIAN_POINT('',(-0.003141265875,-0.00130115492844479,-0.00650000000136559));
#11647=CARTESIAN_POINT('',(-0.00222121040172239,-0.00222121040172239,-0.00643750000136559));
#11648=CARTESIAN_POINT('',(-0.00130115492844479,-0.003141265875,-0.00637500000136559));
#11649=CARTESIAN_POINT('',(-5.77041179863434E-19,-0.003141265875,-0.00631250000136559));
#11650=CARTESIAN_POINT('',(0.00130115492844479,-0.003141265875,-0.00625000000136559));
#11651=CARTESIAN_POINT('',(0.00222121040172239,-0.00222121040172239,-0.00618750000136559));
#11652=CARTESIAN_POINT('',(0.003141265875,-0.00130115492844479,-0.00612500000136559));
#11653=CARTESIAN_POINT('',(0.003141265875,0.,-0.00606250000136559));
#11654=CARTESIAN_POINT('',(0.003141265875,0.00130115492844479,-0.00600000000136559));
#11655=CARTESIAN_POINT('',(0.00222121040172239,0.00222121040172239,-0.00593750000136559));
#11656=CARTESIAN_POINT('',(0.00130115492844479,0.003141265875,-0.00587500000136559));
#11657=CARTESIAN_POINT('',(1.92347059954478E-19,0.003141265875,-0.00581250000136559));
#11658=CARTESIAN_POINT('',(-0.00130115492844479,0.003141265875,-0.00575000000136559));
#11659=CARTESIAN_POINT('',(-0.00222121040172239,0.00222121040172239,-0.00568750000136559));
#11660=CARTESIAN_POINT('',(-0.003141265875,0.00130115492844479,-0.00562500000136559));
#11661=CARTESIAN_POINT('',(-0.003141265875,3.84694119908956E-19,-0.00556250000136559));
#11662=CARTESIAN_POINT('',(-0.003141265875,-0.00130115492844479,-0.00550000000136559));
#11663=CARTESIAN_POINT('',(-0.00222121040172239,-0.00222121040172239,-0.00543750000136559));
#11664=CARTESIAN_POINT('',(-0.00130115492844479,-0.003141265875,-0.00537500000136559));
#11665=CARTESIAN_POINT('',(-5.77041179863434E-19,-0.003141265875,-0.00531250000136559));
#11666=CARTESIAN_POINT('',(0.00130115492844479,-0.003141265875,-0.00525000000136559));
#11667=CARTESIAN_POINT('',(0.00222121040172239,-0.00222121040172239,-0.00518750000136559));
#11668=CARTESIAN_POINT('',(0.003141265875,-0.00130115492844479,-0.00512500000136559));
#11669=CARTESIAN_POINT('',(0.003141265875,0.,-0.00506250000136559));
#11670=CARTESIAN_POINT('',(0.003141265875,0.00130115492844479,-0.0050000000013656));
#11671=CARTESIAN_POINT('',(0.00222121040172239,0.00222121040172239,-0.00493750000136559));
#11672=CARTESIAN_POINT('',(0.00130115492844479,0.003141265875,-0.0048750000013656));
#11673=CARTESIAN_POINT('',(1.92347059954478E-19,0.003141265875,-0.00481250000136559));
#11674=CARTESIAN_POINT('',(-0.00130115492844479,0.003141265875,-0.00475000000136559));
#11675=CARTESIAN_POINT('',(-0.00222121040172239,0.00222121040172239,-0.00468750000136559));
#11676=CARTESIAN_POINT('',(-0.003141265875,0.00130115492844479,-0.00462500000136559));
#11677=CARTESIAN_POINT('',(-0.003141265875,3.84694119908956E-19,-0.00456250000136559));
#11678=CARTESIAN_POINT('',(-0.003141265875,-0.00130115492844479,-0.00450000000136559));
#11679=CARTESIAN_POINT('',(-0.00222121040172239,-0.00222121040172239,-0.00443750000136559));
#11680=CARTESIAN_POINT('',(-0.00130115492844479,-0.003141265875,-0.00437500000136559));
#11681=CARTESIAN_POINT('',(-5.77041179863434E-19,-0.003141265875,-0.00431250000136559));
#11682=CARTESIAN_POINT('',(0.00130115492844479,-0.003141265875,-0.00425000000136559));
#11683=CARTESIAN_POINT('',(0.00222121040172239,-0.00222121040172239,-0.00418750000136559));
#11684=CARTESIAN_POINT('',(0.003141265875,-0.00130115492844479,-0.00412500000136559));
#11685=CARTESIAN_POINT('',(0.003141265875,0.,-0.00406250000136559));
#11686=CARTESIAN_POINT('',(0.000650535356847607,0.00251730088576856,-0.0105397411180085));
#11687=CARTESIAN_POINT('',(0.00033052422860411,0.0026,-0.0105191816391588));
#11688=CARTESIAN_POINT('',(1.59204083889156E-19,0.0026,-0.0105000000027312));
#11689=CARTESIAN_POINT('',(-0.00107695526217005,0.0026,-0.0104375000027312));
#11690=CARTESIAN_POINT('',(-0.00183847763108502,0.00183847763108502,-0.0103750000027312));
#11691=CARTESIAN_POINT('',(-0.0026,0.00107695526217005,-0.0103125000027312));
#11692=CARTESIAN_POINT('',(-0.0026,3.18408167778312E-19,-0.0102500000027312));
#11693=CARTESIAN_POINT('',(-0.0026,-0.00107695526217005,-0.0101875000027312));
#11694=CARTESIAN_POINT('',(-0.00183847763108502,-0.00183847763108502,-0.0101250000027312));
#11695=CARTESIAN_POINT('',(-0.00107695526217005,-0.0026,-0.0100625000027312));
#11696=CARTESIAN_POINT('',(-4.77612251667468E-19,-0.0026,-0.0100000000027312));
#11697=CARTESIAN_POINT('',(0.00107695526217005,-0.0026,-0.00993750000273118));
#11698=CARTESIAN_POINT('',(0.00183847763108502,-0.00183847763108502,-0.00987500000273119));
#11699=CARTESIAN_POINT('',(0.0026,-0.00107695526217005,-0.00981250000273119));
#11700=CARTESIAN_POINT('',(0.0026,0.,-0.00975000000273118));
#11701=CARTESIAN_POINT('',(0.0026,0.00107695526217005,-0.00968750000273118));
#11702=CARTESIAN_POINT('',(0.00183847763108502,0.00183847763108502,-0.00962500000273118));
#11703=CARTESIAN_POINT('',(0.00107695526217005,0.0026,-0.00956250000273119));
#11704=CARTESIAN_POINT('',(1.59204083889156E-19,0.0026,-0.00950000000273119));
#11705=CARTESIAN_POINT('',(-0.00107695526217005,0.0026,-0.00943750000273118));
#11706=CARTESIAN_POINT('',(-0.00183847763108502,0.00183847763108502,-0.00937500000273119));
#11707=CARTESIAN_POINT('',(-0.0026,0.00107695526217005,-0.00931250000273119));
#11708=CARTESIAN_POINT('',(-0.0026,3.18408167778312E-19,-0.00925000000273119));
#11709=CARTESIAN_POINT('',(-0.0026,-0.00107695526217005,-0.00918750000273119));
#11710=CARTESIAN_POINT('',(-0.00183847763108502,-0.00183847763108502,-0.00912500000273119));
#11711=CARTESIAN_POINT('',(-0.00107695526217005,-0.0026,-0.00906250000273119));
#11712=CARTESIAN_POINT('',(-4.77612251667468E-19,-0.0026,-0.00900000000273119));
#11713=CARTESIAN_POINT('',(0.00107695526217005,-0.0026,-0.00893750000273119));
#11714=CARTESIAN_POINT('',(0.00183847763108502,-0.00183847763108502,-0.00887500000273119));
#11715=CARTESIAN_POINT('',(0.0026,-0.00107695526217005,-0.00881250000273118));
#11716=CARTESIAN_POINT('',(0.0026,0.,-0.00875000000273119));
#11717=CARTESIAN_POINT('',(0.0026,0.00107695526217005,-0.00868750000273119));
#11718=CARTESIAN_POINT('',(0.00183847763108502,0.00183847763108502,-0.00862500000273119));
#11719=CARTESIAN_POINT('',(0.00107695526217005,0.0026,-0.00856250000273118));
#11720=CARTESIAN_POINT('',(1.59204083889156E-19,0.0026,-0.00850000000273119));
#11721=CARTESIAN_POINT('',(-0.00107695526217005,0.0026,-0.00843750000273119));
#11722=CARTESIAN_POINT('',(-0.00183847763108502,0.00183847763108502,-0.00837500000273119));
#11723=CARTESIAN_POINT('',(-0.0026,0.00107695526217005,-0.00831250000273119));
#11724=CARTESIAN_POINT('',(-0.0026,3.18408167778312E-19,-0.00825000000273119));
#11725=CARTESIAN_POINT('',(-0.0026,-0.00107695526217005,-0.00818750000273119));
#11726=CARTESIAN_POINT('',(-0.00183847763108502,-0.00183847763108502,-0.00812500000273119));
#11727=CARTESIAN_POINT('',(-0.00107695526217005,-0.0026,-0.00806250000273119));
#11728=CARTESIAN_POINT('',(-4.77612251667468E-19,-0.0026,-0.00800000000273119));
#11729=CARTESIAN_POINT('',(0.00107695526217005,-0.0026,-0.00793750000273119));
#11730=CARTESIAN_POINT('',(0.00183847763108502,-0.00183847763108502,-0.00787500000273119));
#11731=CARTESIAN_POINT('',(0.0026,-0.00107695526217005,-0.00781250000273119));
#11732=CARTESIAN_POINT('',(0.0026,0.,-0.00775000000273119));
#11733=CARTESIAN_POINT('',(0.0026,0.00107695526217005,-0.00768750000273119));
#11734=CARTESIAN_POINT('',(0.00183847763108502,0.00183847763108502,-0.00762500000273119));
#11735=CARTESIAN_POINT('',(0.00107695526217005,0.0026,-0.00756250000273119));
#11736=CARTESIAN_POINT('',(1.59204083889156E-19,0.0026,-0.00750000000273119));
#11737=CARTESIAN_POINT('',(-0.00107695526217005,0.0026,-0.00743750000273119));
#11738=CARTESIAN_POINT('',(-0.00183847763108502,0.00183847763108502,-0.00737500000273119));
#11739=CARTESIAN_POINT('',(-0.0026,0.00107695526217005,-0.00731250000273119));
#11740=CARTESIAN_POINT('',(-0.0026,3.18408167778312E-19,-0.00725000000273119));
#11741=CARTESIAN_POINT('',(-0.0026,-0.00107695526217005,-0.00718750000273119));
#11742=CARTESIAN_POINT('',(-0.00183847763108502,-0.00183847763108502,-0.00712500000273119));
#11743=CARTESIAN_POINT('',(-0.00107695526217005,-0.0026,-0.0070625000027312));
#11744=CARTESIAN_POINT('',(-4.77612251667468E-19,-0.0026,-0.00700000000273119));
#11745=CARTESIAN_POINT('',(0.00107695526217005,-0.0026,-0.00693750000273119));
#11746=CARTESIAN_POINT('',(0.00183847763108502,-0.00183847763108502,-0.00687500000273119));
#11747=CARTESIAN_POINT('',(0.0026,-0.00107695526217005,-0.00681250000273119));
#11748=CARTESIAN_POINT('',(0.0026,0.,-0.00675000000273119));
#11749=CARTESIAN_POINT('',(0.0026,0.00107695526217005,-0.00668750000273119));
#11750=CARTESIAN_POINT('',(0.00183847763108502,0.00183847763108502,-0.00662500000273119));
#11751=CARTESIAN_POINT('',(0.00107695526217005,0.0026,-0.00656250000273119));
#11752=CARTESIAN_POINT('',(1.59204083889156E-19,0.0026,-0.00650000000273119));
#11753=CARTESIAN_POINT('',(-0.00107695526217005,0.0026,-0.00643750000273119));
#11754=CARTESIAN_POINT('',(-0.00183847763108502,0.00183847763108502,-0.00637500000273119));
#11755=CARTESIAN_POINT('',(-0.0026,0.00107695526217005,-0.00631250000273119));
#11756=CARTESIAN_POINT('',(-0.0026,3.18408167778312E-19,-0.00625000000273119));
#11757=CARTESIAN_POINT('',(-0.0026,-0.00107695526217005,-0.00618750000273119));
#11758=CARTESIAN_POINT('',(-0.00183847763108502,-0.00183847763108502,-0.00612500000273119));
#11759=CARTESIAN_POINT('',(-0.00107695526217005,-0.0026,-0.00606250000273119));
#11760=CARTESIAN_POINT('',(-4.77612251667468E-19,-0.0026,-0.00600000000273119));
#11761=CARTESIAN_POINT('',(0.00107695526217005,-0.0026,-0.00593750000273119));
#11762=CARTESIAN_POINT('',(0.00183847763108502,-0.00183847763108502,-0.00587500000273119));
#11763=CARTESIAN_POINT('',(0.0026,-0.00107695526217005,-0.00581250000273119));
#11764=CARTESIAN_POINT('',(0.0026,0.,-0.00575000000273119));
#11765=CARTESIAN_POINT('',(0.0026,0.00107695526217005,-0.0056875000027312));
#11766=CARTESIAN_POINT('',(0.00183847763108502,0.00183847763108502,-0.00562500000273119));
#11767=CARTESIAN_POINT('',(0.00107695526217005,0.0026,-0.0055625000027312));
#11768=CARTESIAN_POINT('',(1.59204083889156E-19,0.0026,-0.00550000000273119));
#11769=CARTESIAN_POINT('',(-0.00107695526217005,0.0026,-0.00543750000273119));
#11770=CARTESIAN_POINT('',(-0.00183847763108502,0.00183847763108502,-0.00537500000273119));
#11771=CARTESIAN_POINT('',(-0.0026,0.00107695526217005,-0.00531250000273119));
#11772=CARTESIAN_POINT('',(-0.0026,3.18408167778312E-19,-0.00525000000273119));
#11773=CARTESIAN_POINT('',(-0.0026,-0.00107695526217005,-0.00518750000273119));
#11774=CARTESIAN_POINT('',(-0.00183847763108502,-0.00183847763108502,-0.00512500000273119));
#11775=CARTESIAN_POINT('',(-0.00107695526217005,-0.0026,-0.00506250000273119));
#11776=CARTESIAN_POINT('',(-4.77612251667468E-19,-0.0026,-0.00500000000273119));
#11777=CARTESIAN_POINT('',(0.00107695526217005,-0.0026,-0.00493750000273119));
#11778=CARTESIAN_POINT('',(0.00183847763108502,-0.00183847763108502,-0.00487500000273119));
#11779=CARTESIAN_POINT('',(0.0026,-0.00107695526217005,-0.00481250000273119));
#11780=CARTESIAN_POINT('',(0.0026,0.,-0.00475000000273119));
#11781=CARTESIAN_POINT('',(0.0026,0.00107695526217005,-0.00468750000273119));
#11782=CARTESIAN_POINT('',(0.00183847763108502,0.00183847763108502,-0.00462500000273119));
#11783=CARTESIAN_POINT('',(0.00107695526217005,0.0026,-0.00456250000273119));
#11784=CARTESIAN_POINT('',(1.59204083889156E-19,0.0026,-0.00450000000273119));
#11785=CARTESIAN_POINT('',(-0.00107695526217005,0.0026,-0.00443750000273119));
#11786=CARTESIAN_POINT('',(-0.00183847763108502,0.00183847763108502,-0.00437500000273119));
#11787=CARTESIAN_POINT('',(-0.0026,0.00107695526217005,-0.00431250000273119));
#11788=CARTESIAN_POINT('',(-0.0026,3.18408167778312E-19,-0.00425000000273119));
#11789=CARTESIAN_POINT('',(-0.0026,-0.00107695526217005,-0.00418750000273119));
#11790=CARTESIAN_POINT('',(-0.00183847763108502,-0.00183847763108502,-0.00412500000273119));
#11791=CARTESIAN_POINT('',(-0.00107695526217005,-0.0026,-0.00406250000273119));
#11792=CARTESIAN_POINT('',(-4.77612251667468E-19,-0.0026,-0.00400000000273119));
#11793=CARTESIAN_POINT('',(0.00107695526217005,-0.0026,-0.00393750000273119));
#11794=CARTESIAN_POINT('',(0.00183847763108502,-0.00183847763108502,-0.00387500000273119));
#11795=CARTESIAN_POINT('',(0.0026,-0.00107695526217005,-0.00381250000273119));
#11796=CARTESIAN_POINT('',(0.0026,0.,-0.00375000000273119));
#11797=CARTESIAN_POINT('',(0.000649722345679779,0.00251415487116478,-0.0105378650942839));
#11798=CARTESIAN_POINT('',(0.000330111153609393,0.00259675063159273,-0.0105173056154342));
#11799=CARTESIAN_POINT('',(1.59005117458195E-19,0.00259675063159273,-0.0104981239790066));
#11800=CARTESIAN_POINT('',(-0.00107560932970661,0.00259675063159273,-0.0104356239790066));
#11801=CARTESIAN_POINT('',(-0.00183617998064966,0.00183617998064966,-0.0103731239790066));
#11802=CARTESIAN_POINT('',(-0.00259675063159273,0.00107560932970661,-0.0103106239790066));
#11803=CARTESIAN_POINT('',(-0.00259675063159273,3.1801023491639E-19,-0.0102481239790066));
#11804=CARTESIAN_POINT('',(-0.00259675063159273,-0.00107560932970661,-0.0101856239790066));
#11805=CARTESIAN_POINT('',(-0.00183617998064966,-0.00183617998064966,-0.0101231239790066));
#11806=CARTESIAN_POINT('',(-0.00107560932970661,-0.00259675063159273,-0.0100606239790066));
#11807=CARTESIAN_POINT('',(-4.77015352374585E-19,-0.00259675063159273,-0.00999812397900657));
#11808=CARTESIAN_POINT('',(0.00107560932970661,-0.00259675063159273,-0.00993562397900654));
#11809=CARTESIAN_POINT('',(0.00183617998064966,-0.00183617998064966,-0.00987312397900655));
#11810=CARTESIAN_POINT('',(0.00259675063159273,-0.00107560932970661,-0.00981062397900655));
#11811=CARTESIAN_POINT('',(0.00259675063159273,0.,-0.00974812397900655));
#11812=CARTESIAN_POINT('',(0.00259675063159273,0.00107560932970661,-0.00968562397900654));
#11813=CARTESIAN_POINT('',(0.00183617998064966,0.00183617998064966,-0.00962312397900655));
#11814=CARTESIAN_POINT('',(0.00107560932970661,0.00259675063159273,-0.00956062397900655));
#11815=CARTESIAN_POINT('',(1.59005117458195E-19,0.00259675063159273,-0.00949812397900656));
#11816=CARTESIAN_POINT('',(-0.00107560932970661,0.00259675063159273,-0.00943562397900654));
#11817=CARTESIAN_POINT('',(-0.00183617998064966,0.00183617998064966,-0.00937312397900656));
#11818=CARTESIAN_POINT('',(-0.00259675063159273,0.00107560932970661,-0.00931062397900656));
#11819=CARTESIAN_POINT('',(-0.00259675063159273,3.1801023491639E-19,-0.00924812397900656));
#11820=CARTESIAN_POINT('',(-0.00259675063159273,-0.00107560932970661,-0.00918562397900656));
#11821=CARTESIAN_POINT('',(-0.00183617998064966,-0.00183617998064966,-0.00912312397900656));
#11822=CARTESIAN_POINT('',(-0.00107560932970661,-0.00259675063159273,-0.00906062397900656));
#11823=CARTESIAN_POINT('',(-4.77015352374585E-19,-0.00259675063159273,-0.00899812397900656));
#11824=CARTESIAN_POINT('',(0.00107560932970661,-0.00259675063159273,-0.00893562397900656));
#11825=CARTESIAN_POINT('',(0.00183617998064966,-0.00183617998064966,-0.00887312397900656));
#11826=CARTESIAN_POINT('',(0.00259675063159273,-0.00107560932970661,-0.00881062397900655));
#11827=CARTESIAN_POINT('',(0.00259675063159273,0.,-0.00874812397900656));
#11828=CARTESIAN_POINT('',(0.00259675063159273,0.00107560932970661,-0.00868562397900655));
#11829=CARTESIAN_POINT('',(0.00183617998064966,0.00183617998064966,-0.00862312397900656));
#11830=CARTESIAN_POINT('',(0.00107560932970661,0.00259675063159273,-0.00856062397900655));
#11831=CARTESIAN_POINT('',(1.59005117458195E-19,0.00259675063159273,-0.00849812397900656));
#11832=CARTESIAN_POINT('',(-0.00107560932970661,0.00259675063159273,-0.00843562397900655));
#11833=CARTESIAN_POINT('',(-0.00183617998064966,0.00183617998064966,-0.00837312397900656));
#11834=CARTESIAN_POINT('',(-0.00259675063159273,0.00107560932970661,-0.00831062397900655));
#11835=CARTESIAN_POINT('',(-0.00259675063159273,3.1801023491639E-19,-0.00824812397900656));
#11836=CARTESIAN_POINT('',(-0.00259675063159273,-0.00107560932970661,-0.00818562397900655));
#11837=CARTESIAN_POINT('',(-0.00183617998064966,-0.00183617998064966,-0.00812312397900656));
#11838=CARTESIAN_POINT('',(-0.00107560932970661,-0.00259675063159273,-0.00806062397900656));
#11839=CARTESIAN_POINT('',(-4.77015352374585E-19,-0.00259675063159273,-0.00799812397900656));
#11840=CARTESIAN_POINT('',(0.00107560932970661,-0.00259675063159273,-0.00793562397900656));
#11841=CARTESIAN_POINT('',(0.00183617998064966,-0.00183617998064966,-0.00787312397900656));
#11842=CARTESIAN_POINT('',(0.00259675063159273,-0.00107560932970661,-0.00781062397900656));
#11843=CARTESIAN_POINT('',(0.00259675063159273,0.,-0.00774812397900656));
#11844=CARTESIAN_POINT('',(0.00259675063159273,0.00107560932970661,-0.00768562397900656));
#11845=CARTESIAN_POINT('',(0.00183617998064966,0.00183617998064966,-0.00762312397900656));
#11846=CARTESIAN_POINT('',(0.00107560932970661,0.00259675063159273,-0.00756062397900656));
#11847=CARTESIAN_POINT('',(1.59005117458195E-19,0.00259675063159273,-0.00749812397900656));
#11848=CARTESIAN_POINT('',(-0.00107560932970661,0.00259675063159273,-0.00743562397900656));
#11849=CARTESIAN_POINT('',(-0.00183617998064966,0.00183617998064966,-0.00737312397900656));
#11850=CARTESIAN_POINT('',(-0.00259675063159273,0.00107560932970661,-0.00731062397900656));
#11851=CARTESIAN_POINT('',(-0.00259675063159273,3.1801023491639E-19,-0.00724812397900656));
#11852=CARTESIAN_POINT('',(-0.00259675063159273,-0.00107560932970661,-0.00718562397900656));
#11853=CARTESIAN_POINT('',(-0.00183617998064966,-0.00183617998064966,-0.00712312397900656));
#11854=CARTESIAN_POINT('',(-0.00107560932970661,-0.00259675063159273,-0.00706062397900656));
#11855=CARTESIAN_POINT('',(-4.77015352374585E-19,-0.00259675063159273,-0.00699812397900656));
#11856=CARTESIAN_POINT('',(0.00107560932970661,-0.00259675063159273,-0.00693562397900655));
#11857=CARTESIAN_POINT('',(0.00183617998064966,-0.00183617998064966,-0.00687312397900656));
#11858=CARTESIAN_POINT('',(0.00259675063159273,-0.00107560932970661,-0.00681062397900655));
#11859=CARTESIAN_POINT('',(0.00259675063159273,0.,-0.00674812397900656));
#11860=CARTESIAN_POINT('',(0.00259675063159273,0.00107560932970661,-0.00668562397900655));
#11861=CARTESIAN_POINT('',(0.00183617998064966,0.00183617998064966,-0.00662312397900656));
#11862=CARTESIAN_POINT('',(0.00107560932970661,0.00259675063159273,-0.00656062397900655));
#11863=CARTESIAN_POINT('',(1.59005117458195E-19,0.00259675063159273,-0.00649812397900656));
#11864=CARTESIAN_POINT('',(-0.00107560932970661,0.00259675063159273,-0.00643562397900656));
#11865=CARTESIAN_POINT('',(-0.00183617998064966,0.00183617998064966,-0.00637312397900656));
#11866=CARTESIAN_POINT('',(-0.00259675063159273,0.00107560932970661,-0.00631062397900656));
#11867=CARTESIAN_POINT('',(-0.00259675063159273,3.1801023491639E-19,-0.00624812397900656));
#11868=CARTESIAN_POINT('',(-0.00259675063159273,-0.00107560932970661,-0.00618562397900656));
#11869=CARTESIAN_POINT('',(-0.00183617998064966,-0.00183617998064966,-0.00612312397900656));
#11870=CARTESIAN_POINT('',(-0.00107560932970661,-0.00259675063159273,-0.00606062397900656));
#11871=CARTESIAN_POINT('',(-4.77015352374585E-19,-0.00259675063159273,-0.00599812397900656));
#11872=CARTESIAN_POINT('',(0.00107560932970661,-0.00259675063159273,-0.00593562397900656));
#11873=CARTESIAN_POINT('',(0.00183617998064966,-0.00183617998064966,-0.00587312397900656));
#11874=CARTESIAN_POINT('',(0.00259675063159273,-0.00107560932970661,-0.00581062397900655));
#11875=CARTESIAN_POINT('',(0.00259675063159273,0.,-0.00574812397900656));
#11876=CARTESIAN_POINT('',(0.00259675063159273,0.00107560932970661,-0.00568562397900656));
#11877=CARTESIAN_POINT('',(0.00183617998064966,0.00183617998064966,-0.00562312397900656));
#11878=CARTESIAN_POINT('',(0.00107560932970661,0.00259675063159273,-0.00556062397900656));
#11879=CARTESIAN_POINT('',(1.59005117458195E-19,0.00259675063159273,-0.00549812397900656));
#11880=CARTESIAN_POINT('',(-0.00107560932970661,0.00259675063159273,-0.00543562397900655));
#11881=CARTESIAN_POINT('',(-0.00183617998064966,0.00183617998064966,-0.00537312397900656));
#11882=CARTESIAN_POINT('',(-0.00259675063159273,0.00107560932970661,-0.00531062397900655));
#11883=CARTESIAN_POINT('',(-0.00259675063159273,3.1801023491639E-19,-0.00524812397900656));
#11884=CARTESIAN_POINT('',(-0.00259675063159273,-0.00107560932970661,-0.00518562397900655));
#11885=CARTESIAN_POINT('',(-0.00183617998064966,-0.00183617998064966,-0.00512312397900656));
#11886=CARTESIAN_POINT('',(-0.00107560932970661,-0.00259675063159273,-0.00506062397900656));
#11887=CARTESIAN_POINT('',(-4.77015352374585E-19,-0.00259675063159273,-0.00499812397900656));
#11888=CARTESIAN_POINT('',(0.00107560932970661,-0.00259675063159273,-0.00493562397900656));
#11889=CARTESIAN_POINT('',(0.00183617998064966,-0.00183617998064966,-0.00487312397900656));
#11890=CARTESIAN_POINT('',(0.00259675063159273,-0.00107560932970661,-0.00481062397900656));
#11891=CARTESIAN_POINT('',(0.00259675063159273,0.,-0.00474812397900656));
#11892=CARTESIAN_POINT('',(0.00259675063159273,0.00107560932970661,-0.00468562397900656));
#11893=CARTESIAN_POINT('',(0.00183617998064966,0.00183617998064966,-0.00462312397900656));
#11894=CARTESIAN_POINT('',(0.00107560932970661,0.00259675063159273,-0.00456062397900656));
#11895=CARTESIAN_POINT('',(1.59005117458195E-19,0.00259675063159273,-0.00449812397900656));
#11896=CARTESIAN_POINT('',(-0.00107560932970661,0.00259675063159273,-0.00443562397900656));
#11897=CARTESIAN_POINT('',(-0.00183617998064966,0.00183617998064966,-0.00437312397900656));
#11898=CARTESIAN_POINT('',(-0.00259675063159273,0.00107560932970661,-0.00431062397900656));
#11899=CARTESIAN_POINT('',(-0.00259675063159273,3.1801023491639E-19,-0.00424812397900655));
#11900=CARTESIAN_POINT('',(-0.00259675063159273,-0.00107560932970661,-0.00418562397900656));
#11901=CARTESIAN_POINT('',(-0.00183617998064966,-0.00183617998064966,-0.00412312397900656));
#11902=CARTESIAN_POINT('',(-0.00107560932970661,-0.00259675063159273,-0.00406062397900656));
#11903=CARTESIAN_POINT('',(-4.77015352374585E-19,-0.00259675063159273,-0.00399812397900656));
#11904=CARTESIAN_POINT('',(0.00107560932970661,-0.00259675063159273,-0.00393562397900656));
#11905=CARTESIAN_POINT('',(0.00183617998064966,-0.00183617998064966,-0.00387312397900656));
#11906=CARTESIAN_POINT('',(0.00259675063159273,-0.00107560932970661,-0.00381062397900655));
#11907=CARTESIAN_POINT('',(0.00259675063159273,0.,-0.00374812397900655));
#11908=CARTESIAN_POINT('',(-0.00290215123803728,-0.00120211043128249,-0.0105));
#11909=CARTESIAN_POINT('',(-0.00266303661152364,-0.00177938419192115,-0.0104675135591505));
#11910=CARTESIAN_POINT('',(-0.00222121040172239,-0.00222121040172239,-0.0104375000013656));
#11911=CARTESIAN_POINT('',(-0.00130115492844479,-0.003141265875,-0.0103750000013656));
#11912=CARTESIAN_POINT('',(-5.77041179863434E-19,-0.003141265875,-0.0103125000013656));
#11913=CARTESIAN_POINT('',(0.00130115492844479,-0.003141265875,-0.0102500000013656));
#11914=CARTESIAN_POINT('',(0.00222121040172239,-0.00222121040172239,-0.0101875000013656));
#11915=CARTESIAN_POINT('',(0.003141265875,-0.00130115492844479,-0.0101250000013656));
#11916=CARTESIAN_POINT('',(0.003141265875,0.,-0.0100625000013656));
#11917=CARTESIAN_POINT('',(0.003141265875,0.00130115492844479,-0.0100000000013656));
#11918=CARTESIAN_POINT('',(0.00222121040172239,0.00222121040172239,-0.00993750000136559));
#11919=CARTESIAN_POINT('',(0.00130115492844479,0.003141265875,-0.0098750000013656));
#11920=CARTESIAN_POINT('',(1.92347059954478E-19,0.003141265875,-0.00981250000136559));
#11921=CARTESIAN_POINT('',(-0.00130115492844479,0.003141265875,-0.00975000000136559));
#11922=CARTESIAN_POINT('',(-0.00222121040172239,0.00222121040172239,-0.00968750000136559));
#11923=CARTESIAN_POINT('',(-0.003141265875,0.00130115492844479,-0.00962500000136559));
#11924=CARTESIAN_POINT('',(-0.003141265875,3.84694119908956E-19,-0.0095625000013656));
#11925=CARTESIAN_POINT('',(-0.003141265875,1.26925425088723E-18,-0.0095625000013656));
#11926=CARTESIAN_POINT('',(-0.003141265875,3.84694119908956E-19,-0.0095625000013656));
#11927=CARTESIAN_POINT('',(-0.003141265875,-0.00130115492844479,-0.00950000000136559));
#11928=CARTESIAN_POINT('',(-0.00222121040172239,-0.00222121040172239,-0.00943750000136559));
#11929=CARTESIAN_POINT('',(-0.00130115492844479,-0.003141265875,-0.00937500000136559));
#11930=CARTESIAN_POINT('',(-5.77041179863434E-19,-0.003141265875,-0.00931250000136559));
#11931=CARTESIAN_POINT('',(0.00130115492844479,-0.003141265875,-0.00925000000136558));
#11932=CARTESIAN_POINT('',(0.00222121040172239,-0.00222121040172239,-0.00918750000136559));
#11933=CARTESIAN_POINT('',(0.003141265875,-0.00130115492844479,-0.0091250000013656));
#11934=CARTESIAN_POINT('',(0.003141265875,0.,-0.00906250000136559));
#11935=CARTESIAN_POINT('',(0.003141265875,0.00130115492844479,-0.00900000000136559));
#11936=CARTESIAN_POINT('',(0.00222121040172239,0.00222121040172239,-0.00893750000136559));
#11937=CARTESIAN_POINT('',(0.00130115492844479,0.003141265875,-0.00887500000136559));
#11938=CARTESIAN_POINT('',(1.92347059954478E-19,0.003141265875,-0.00881250000136559));
#11939=CARTESIAN_POINT('',(-0.00130115492844479,0.003141265875,-0.00875000000136559));
#11940=CARTESIAN_POINT('',(-0.00222121040172239,0.00222121040172239,-0.00868750000136559));
#11941=CARTESIAN_POINT('',(-0.003141265875,0.00130115492844479,-0.00862500000136559));
#11942=CARTESIAN_POINT('',(-0.003141265875,3.84694119908956E-19,-0.00856250000136559));
#11943=CARTESIAN_POINT('',(-0.003141265875,1.26925425088723E-18,-0.00856250000136559));
#11944=CARTESIAN_POINT('',(-0.003141265875,3.84694119908956E-19,-0.00856250000136559));
#11945=CARTESIAN_POINT('',(-0.003141265875,-0.00130115492844479,-0.00850000000136559));
#11946=CARTESIAN_POINT('',(-0.00222121040172239,-0.00222121040172239,-0.00843750000136559));
#11947=CARTESIAN_POINT('',(-0.00130115492844479,-0.003141265875,-0.00837500000136559));
#11948=CARTESIAN_POINT('',(-5.77041179863434E-19,-0.003141265875,-0.00831250000136559));
#11949=CARTESIAN_POINT('',(0.00130115492844479,-0.003141265875,-0.00825000000136559));
#11950=CARTESIAN_POINT('',(0.00222121040172239,-0.00222121040172239,-0.00818750000136559));
#11951=CARTESIAN_POINT('',(0.003141265875,-0.00130115492844479,-0.00812500000136559));
#11952=CARTESIAN_POINT('',(0.003141265875,0.,-0.00806250000136559));
#11953=CARTESIAN_POINT('',(0.003141265875,0.00130115492844479,-0.00800000000136559));
#11954=CARTESIAN_POINT('',(0.00222121040172239,0.00222121040172239,-0.00793750000136559));
#11955=CARTESIAN_POINT('',(0.00130115492844479,0.003141265875,-0.0078750000013656));
#11956=CARTESIAN_POINT('',(1.92347059954478E-19,0.003141265875,-0.00781250000136559));
#11957=CARTESIAN_POINT('',(-0.00130115492844479,0.003141265875,-0.0077500000013656));
#11958=CARTESIAN_POINT('',(-0.00222121040172239,0.00222121040172239,-0.00768750000136559));
#11959=CARTESIAN_POINT('',(-0.003141265875,0.00130115492844479,-0.00762500000136559));
#11960=CARTESIAN_POINT('',(-0.003141265875,3.84694119908956E-19,-0.00756250000136559));
#11961=CARTESIAN_POINT('',(-0.003141265875,1.26925425088723E-18,-0.00756250000136559));
#11962=CARTESIAN_POINT('',(-0.003141265875,3.84694119908956E-19,-0.00756250000136559));
#11963=CARTESIAN_POINT('',(-0.003141265875,-0.00130115492844479,-0.00750000000136559));
#11964=CARTESIAN_POINT('',(-0.00222121040172239,-0.00222121040172239,-0.00743750000136559));
#11965=CARTESIAN_POINT('',(-0.00130115492844479,-0.003141265875,-0.00737500000136559));
#11966=CARTESIAN_POINT('',(-5.77041179863434E-19,-0.003141265875,-0.00731250000136559));
#11967=CARTESIAN_POINT('',(0.00130115492844479,-0.003141265875,-0.00725000000136559));
#11968=CARTESIAN_POINT('',(0.00222121040172239,-0.00222121040172239,-0.00718750000136559));
#11969=CARTESIAN_POINT('',(0.003141265875,-0.00130115492844479,-0.00712500000136559));
#11970=CARTESIAN_POINT('',(0.003141265875,0.,-0.00706250000136559));
#11971=CARTESIAN_POINT('',(0.003141265875,0.00130115492844479,-0.00700000000136559));
#11972=CARTESIAN_POINT('',(0.00222121040172239,0.00222121040172239,-0.00693750000136559));
#11973=CARTESIAN_POINT('',(0.00130115492844479,0.003141265875,-0.00687500000136559));
#11974=CARTESIAN_POINT('',(1.92347059954478E-19,0.003141265875,-0.00681250000136559));
#11975=CARTESIAN_POINT('',(-0.00130115492844479,0.003141265875,-0.00675000000136559));
#11976=CARTESIAN_POINT('',(-0.00222121040172239,0.00222121040172239,-0.00668750000136559));
#11977=CARTESIAN_POINT('',(-0.003141265875,0.00130115492844479,-0.00662500000136559));
#11978=CARTESIAN_POINT('',(-0.003141265875,3.84694119908956E-19,-0.00656250000136559));
#11979=CARTESIAN_POINT('',(-0.003141265875,1.26925425088723E-18,-0.00656250000136559));
#11980=CARTESIAN_POINT('',(-0.003141265875,3.84694119908956E-19,-0.00656250000136559));
#11981=CARTESIAN_POINT('',(-0.003141265875,-0.00130115492844479,-0.00650000000136559));
#11982=CARTESIAN_POINT('',(-0.00222121040172239,-0.00222121040172239,-0.00643750000136559));
#11983=CARTESIAN_POINT('',(-0.00130115492844479,-0.003141265875,-0.00637500000136559));
#11984=CARTESIAN_POINT('',(-5.77041179863434E-19,-0.003141265875,-0.00631250000136559));
#11985=CARTESIAN_POINT('',(0.00130115492844479,-0.003141265875,-0.00625000000136559));
#11986=CARTESIAN_POINT('',(0.00222121040172239,-0.00222121040172239,-0.00618750000136559));
#11987=CARTESIAN_POINT('',(0.003141265875,-0.00130115492844479,-0.00612500000136559));
#11988=CARTESIAN_POINT('',(0.003141265875,0.,-0.00606250000136559));
#11989=CARTESIAN_POINT('',(0.003141265875,0.00130115492844479,-0.00600000000136559));
#11990=CARTESIAN_POINT('',(0.00222121040172239,0.00222121040172239,-0.00593750000136559));
#11991=CARTESIAN_POINT('',(0.00130115492844479,0.003141265875,-0.00587500000136559));
#11992=CARTESIAN_POINT('',(1.92347059954478E-19,0.003141265875,-0.00581250000136559));
#11993=CARTESIAN_POINT('',(-0.00130115492844479,0.003141265875,-0.00575000000136559));
#11994=CARTESIAN_POINT('',(-0.00222121040172239,0.00222121040172239,-0.00568750000136559));
#11995=CARTESIAN_POINT('',(-0.003141265875,0.00130115492844479,-0.00562500000136559));
#11996=CARTESIAN_POINT('',(-0.003141265875,3.84694119908956E-19,-0.00556250000136559));
#11997=CARTESIAN_POINT('',(-0.003141265875,1.26925425088723E-18,-0.00556250000136559));
#11998=CARTESIAN_POINT('',(-0.003141265875,3.84694119908956E-19,-0.00556250000136559));
#11999=CARTESIAN_POINT('',(-0.003141265875,-0.00130115492844479,-0.00550000000136559));
#12000=CARTESIAN_POINT('',(-0.00222121040172239,-0.00222121040172239,-0.00543750000136559));
#12001=CARTESIAN_POINT('',(-0.00130115492844479,-0.003141265875,-0.00537500000136559));
#12002=CARTESIAN_POINT('',(-5.77041179863434E-19,-0.003141265875,-0.00531250000136559));
#12003=CARTESIAN_POINT('',(0.00130115492844479,-0.003141265875,-0.00525000000136559));
#12004=CARTESIAN_POINT('',(0.00222121040172239,-0.00222121040172239,-0.00518750000136559));
#12005=CARTESIAN_POINT('',(0.003141265875,-0.00130115492844479,-0.00512500000136559));
#12006=CARTESIAN_POINT('',(0.003141265875,0.,-0.00506250000136559));
#12007=CARTESIAN_POINT('',(0.003141265875,0.00130115492844479,-0.0050000000013656));
#12008=CARTESIAN_POINT('',(0.00222121040172239,0.00222121040172239,-0.00493750000136559));
#12009=CARTESIAN_POINT('',(0.00130115492844479,0.003141265875,-0.0048750000013656));
#12010=CARTESIAN_POINT('',(1.92347059954478E-19,0.003141265875,-0.00481250000136559));
#12011=CARTESIAN_POINT('',(-0.00130115492844479,0.003141265875,-0.00475000000136559));
#12012=CARTESIAN_POINT('',(-0.00222121040172239,0.00222121040172239,-0.00468750000136559));
#12013=CARTESIAN_POINT('',(-0.003141265875,0.00130115492844479,-0.00462500000136559));
#12014=CARTESIAN_POINT('',(-0.003141265875,3.84694119908956E-19,-0.00456250000136559));
#12015=CARTESIAN_POINT('',(-0.003141265875,1.26925425088723E-18,-0.00456250000136559));
#12016=CARTESIAN_POINT('',(-0.003141265875,3.84694119908956E-19,-0.00456250000136559));
#12017=CARTESIAN_POINT('',(-0.003141265875,-0.00130115492844479,-0.00450000000136559));
#12018=CARTESIAN_POINT('',(-0.00222121040172239,-0.00222121040172239,-0.00443750000136559));
#12019=CARTESIAN_POINT('',(-0.00130115492844479,-0.003141265875,-0.00437500000136559));
#12020=CARTESIAN_POINT('',(-5.77041179863434E-19,-0.003141265875,-0.00431250000136559));
#12021=CARTESIAN_POINT('',(0.00130115492844479,-0.003141265875,-0.00425000000136559));
#12022=CARTESIAN_POINT('',(0.00222121040172239,-0.00222121040172239,-0.00418750000136559));
#12023=CARTESIAN_POINT('',(0.003141265875,-0.00130115492844479,-0.00412500000136559));
#12024=CARTESIAN_POINT('',(0.003141265875,0.,-0.00406250000136559));
#12025=CARTESIAN_POINT('',(-4.70618407877473E-11,0.0026,-0.0105));
#12026=CARTESIAN_POINT('',(-0.00051540277248267,0.00259999999067085,-0.0104700891283864));
#12027=CARTESIAN_POINT('',(-0.00152638628007646,0.00229137121804808,-0.0104046774381468));
#12028=CARTESIAN_POINT('',(-0.00254586479619224,0.00105484986583991,-0.0103127349692655));
#12029=CARTESIAN_POINT('',(-0.002701405592224,-0.000537844851455073,-0.0102195910542711));
#12030=CARTESIAN_POINT('',(-0.00194886497653151,-0.00194636781984499,-0.0101251063124079));
#12031=CARTESIAN_POINT('',(-0.000540218816020919,-0.00270132762021045,-0.0100304942858083));
#12032=CARTESIAN_POINT('',(0.00105275447046977,-0.00254586522764246,-0.00993759619963872));
#12033=CARTESIAN_POINT('',(0.00228981901621272,-0.00153155747227089,-0.00984474932118711));
#12034=CARTESIAN_POINT('',(0.00275447943584318,-1.40585852665354E-6,-0.00975006936172469));
#12035=CARTESIAN_POINT('',(0.00229226028048147,0.00152757102065002,-0.00965553101936826));
#12036=CARTESIAN_POINT('',(0.00105640474749671,0.002544533765987,-0.00956263207521961));
#12037=CARTESIAN_POINT('',(-0.000536197697511745,0.00270191292618069,-0.00946974448865126));
#12038=CARTESIAN_POINT('',(-0.00194517003230859,0.00195002147929216,-0.00937518216761676));
#12039=CARTESIAN_POINT('',(-0.00270096533629333,0.000541874210732077,-0.00928059528663836));
#12040=CARTESIAN_POINT('',(-0.00254664474641034,-0.00105120263185318,-0.00918770268304169));
#12041=CARTESIAN_POINT('',(-0.00153242701899447,-0.00228890596338539,-0.0090948188290072));
#12042=CARTESIAN_POINT('',(-5.08282291028884E-6,-0.0027543723455985,-0.00900027299916176));
#12043=CARTESIAN_POINT('',(0.00152578962535834,-0.00229358134298572,-0.00890565485123749));
#12044=CARTESIAN_POINT('',(0.0025435224263146,-0.00105909586699277,-0.00881280785841142));
#12045=CARTESIAN_POINT('',(0.00270257897957106,0.000535868163145512,-0.00871976207552157));
#12046=CARTESIAN_POINT('',(0.00194881023748931,0.00194695070795464,-0.00862507598654282));
#12047=CARTESIAN_POINT('',(0.000539117325400689,0.0027011199795062,-0.008530432488974));
#12048=CARTESIAN_POINT('',(-0.00105017936539847,0.00254648958981127,-0.00843775522918748));
#12049=CARTESIAN_POINT('',(-0.00228883743215561,0.00153347271677994,-0.00834486689854709));
#12050=CARTESIAN_POINT('',(-0.00275477318378125,2.39357375733288E-6,-0.00825012739844656));
#12051=CARTESIAN_POINT('',(-0.00229206194670992,-0.00152736124012552,-0.00815553402137941));
#12052=CARTESIAN_POINT('',(-0.00105930117077435,-0.00254276432325956,-0.00806282835315069));
#12053=CARTESIAN_POINT('',(0.000533042698556474,-0.00270315424783119,-0.00796994566790633));
#12054=CARTESIAN_POINT('',(0.00194515181324908,-0.00194989707581472,-0.00787515654224537));
#12055=CARTESIAN_POINT('',(0.00270100400238541,-0.000544311276740855,-0.00778075815227309));
#12056=CARTESIAN_POINT('',(0.00254531549392717,0.00105488241598787,-0.007687450477535));
#12057=CARTESIAN_POINT('',(0.00153305796859994,0.00228787103957731,-0.00759490035250529));
#12058=CARTESIAN_POINT('',(3.61270019076192E-6,0.00275501683430454,-0.00750017868089698));
#12059=CARTESIAN_POINT('',(-0.00152849899072517,0.00229205004077445,-0.00740548843182842));
#12060=CARTESIAN_POINT('',(-0.00254392649269529,0.00105610974390047,-0.00731262661675404));
#12061=CARTESIAN_POINT('',(-0.00270245650702095,-0.000532501605690061,-0.00721996574483636));
#12062=CARTESIAN_POINT('',(-0.00195142297631886,-0.00194464651331624,-0.00712524521797848));
#12063=CARTESIAN_POINT('',(-0.000541082246625635,-0.00270138262912918,-0.00703056242690127));
#12064=CARTESIAN_POINT('',(0.00105066084208509,-0.00254574453186392,-0.00693769410503182));
#12065=CARTESIAN_POINT('',(0.00228660587736696,-0.00153712700824148,-0.00684513574446397));
#12066=CARTESIAN_POINT('',(0.00275528670197543,-3.48293847937365E-7,-0.00674999015126174));
#12067=CARTESIAN_POINT('',(0.00229224298004797,0.00152689081988075,-0.00665557866933717));
#12068=CARTESIAN_POINT('',(0.00105680315737774,0.00254449207568773,-0.00656264694869796));
#12069=CARTESIAN_POINT('',(-0.00053584004162557,0.00270195678981705,-0.0064697688874428));
#12070=CARTESIAN_POINT('',(-0.00194488484647064,0.0019503066925163,-0.00637520246710426));
#12071=CARTESIAN_POINT('',(-0.00270088759875324,0.00054226169171835,-0.00628061895259649));
#12072=CARTESIAN_POINT('',(-0.00254679735070813,-0.00105082613333318,-0.00618772673156247));
#12073=CARTESIAN_POINT('',(-0.00153277249801106,-0.00228867141286697,-0.00609484357634328));
#12074=CARTESIAN_POINT('',(-5.51425530282161E-6,-0.00275437003128401,-0.00600029571237157));
#12075=CARTESIAN_POINT('',(0.00152542807162289,-0.00229382075539798,-0.00590568053959957));
#12076=CARTESIAN_POINT('',(0.00254334998623498,-0.00105950435069069,-0.00581283415059636));
#12077=CARTESIAN_POINT('',(0.00270266552328143,0.000535423911144043,-0.00571978890952022));
#12078=CARTESIAN_POINT('',(0.00194913424028337,0.00194662245403032,-0.00562510020587153));
#12079=CARTESIAN_POINT('',(0.000539585395490274,0.00270102427230893,-0.00553046079934561));
#12080=CARTESIAN_POINT('',(-0.00104973331134028,0.00254667274225143,-0.0054377838043484));
#12081=CARTESIAN_POINT('',(-0.00228856442660501,0.00153387758164869,-0.00534489588275585));
#12082=CARTESIAN_POINT('',(-0.00275476943931042,2.89191161654672E-6,-0.0052501534827218));
#12083=CARTESIAN_POINT('',(-0.00229234682921797,-0.00152693057818832,-0.00515556494567415));
#12084=CARTESIAN_POINT('',(-0.00105977820847729,-0.00254256416795115,-0.00506285784992973));
#12085=CARTESIAN_POINT('',(0.000532523880234767,-0.0027032561276512,-0.00496998128515803));
#12086=CARTESIAN_POINT('',(0.00194478311946304,-0.00195026541017124,-0.004875167932894));
#12087=CARTESIAN_POINT('',(0.00270084497047462,-0.000544881953292086,-0.00478085348183015));
#12088=CARTESIAN_POINT('',(0.00254570457080355,0.0010544697143283,-0.00468725037136426));
#12089=CARTESIAN_POINT('',(0.00153286577783111,0.00228717848629617,-0.00459580352915031));
#12090=CARTESIAN_POINT('',(0.000515397139696726,0.00260000000932905,-0.00452991055018295));
#12091=CARTESIAN_POINT('',(-4.70618237761941E-11,0.0026,-0.0045));
#12092=CARTESIAN_POINT('',(-0.00153728228847656,-0.0020968460042493,-0.0108513096573506));
#12093=CARTESIAN_POINT('',(-0.000850982541565766,-0.0026,-0.0107993859036825));
#12094=CARTESIAN_POINT('',(-4.77612251667468E-19,-0.0026,-0.01075));
#12095=CARTESIAN_POINT('',(0.00107695526217005,-0.0026,-0.0106875));
#12096=CARTESIAN_POINT('',(0.00183847763108502,-0.00183847763108502,-0.010625));
#12097=CARTESIAN_POINT('',(0.0026,-0.00107695526217005,-0.0105625));
#12098=CARTESIAN_POINT('',(0.0026,0.,-0.0105));
#12099=CARTESIAN_POINT('',(0.0026,0.00107695526217005,-0.0104375));
#12100=CARTESIAN_POINT('',(0.00183847763108502,0.00183847763108502,-0.010375));
#12101=CARTESIAN_POINT('',(0.00107695526217005,0.0026,-0.0103125));
#12102=CARTESIAN_POINT('',(1.59204083889156E-19,0.0026,-0.01025));
#12103=CARTESIAN_POINT('',(-0.00107695526217005,0.0026,-0.0101875));
#12104=CARTESIAN_POINT('',(-0.00183847763108502,0.00183847763108502,-0.010125));
#12105=CARTESIAN_POINT('',(-0.0026,0.00107695526217005,-0.0100625));
#12106=CARTESIAN_POINT('',(-0.0026,3.18408167778312E-19,-0.01));
#12107=CARTESIAN_POINT('',(-0.0026,-0.00107695526217005,-0.00993750000000001));
#12108=CARTESIAN_POINT('',(-0.00183847763108502,-0.00183847763108502,-0.009875));
#12109=CARTESIAN_POINT('',(-0.00107695526217005,-0.0026,-0.0098125));
#12110=CARTESIAN_POINT('',(-4.77612251667468E-19,-0.0026,-0.00975));
#12111=CARTESIAN_POINT('',(0.00107695526217005,-0.0026,-0.0096875));
#12112=CARTESIAN_POINT('',(0.00183847763108502,-0.00183847763108502,-0.009625));
#12113=CARTESIAN_POINT('',(0.0026,-0.00107695526217005,-0.0095625));
#12114=CARTESIAN_POINT('',(0.0026,0.,-0.0095));
#12115=CARTESIAN_POINT('',(0.0026,0.00107695526217005,-0.0094375));
#12116=CARTESIAN_POINT('',(0.00183847763108502,0.00183847763108502,-0.009375));
#12117=CARTESIAN_POINT('',(0.00107695526217005,0.0026,-0.0093125));
#12118=CARTESIAN_POINT('',(1.59204083889156E-19,0.0026,-0.00925));
#12119=CARTESIAN_POINT('',(-0.00107695526217005,0.0026,-0.0091875));
#12120=CARTESIAN_POINT('',(-0.00183847763108502,0.00183847763108502,-0.009125));
#12121=CARTESIAN_POINT('',(-0.0026,0.00107695526217005,-0.0090625));
#12122=CARTESIAN_POINT('',(-0.0026,3.18408167778312E-19,-0.009));
#12123=CARTESIAN_POINT('',(-0.0026,-0.00107695526217005,-0.0089375));
#12124=CARTESIAN_POINT('',(-0.00183847763108502,-0.00183847763108502,-0.008875));
#12125=CARTESIAN_POINT('',(-0.00107695526217005,-0.0026,-0.0088125));
#12126=CARTESIAN_POINT('',(-4.77612251667468E-19,-0.0026,-0.00875));
#12127=CARTESIAN_POINT('',(0.00107695526217005,-0.0026,-0.0086875));
#12128=CARTESIAN_POINT('',(0.00183847763108502,-0.00183847763108502,-0.008625));
#12129=CARTESIAN_POINT('',(0.0026,-0.00107695526217005,-0.00856250000000001));
#12130=CARTESIAN_POINT('',(0.0026,0.,-0.0085));
#12131=CARTESIAN_POINT('',(0.0026,0.00107695526217005,-0.0084375));
#12132=CARTESIAN_POINT('',(0.00183847763108502,0.00183847763108502,-0.008375));
#12133=CARTESIAN_POINT('',(0.00107695526217005,0.0026,-0.0083125));
#12134=CARTESIAN_POINT('',(1.59204083889156E-19,0.0026,-0.00825));
#12135=CARTESIAN_POINT('',(-0.00107695526217005,0.0026,-0.0081875));
#12136=CARTESIAN_POINT('',(-0.00183847763108502,0.00183847763108502,-0.008125));
#12137=CARTESIAN_POINT('',(-0.0026,0.00107695526217005,-0.0080625));
#12138=CARTESIAN_POINT('',(-0.0026,3.18408167778312E-19,-0.008));
#12139=CARTESIAN_POINT('',(-0.0026,-0.00107695526217005,-0.0079375));
#12140=CARTESIAN_POINT('',(-0.00183847763108502,-0.00183847763108502,-0.007875));
#12141=CARTESIAN_POINT('',(-0.00107695526217005,-0.0026,-0.0078125));
#12142=CARTESIAN_POINT('',(-4.77612251667468E-19,-0.0026,-0.00775));
#12143=CARTESIAN_POINT('',(0.00107695526217005,-0.0026,-0.0076875));
#12144=CARTESIAN_POINT('',(0.00183847763108502,-0.00183847763108502,-0.007625));
#12145=CARTESIAN_POINT('',(0.0026,-0.00107695526217005,-0.0075625));
#12146=CARTESIAN_POINT('',(0.0026,0.,-0.0075));
#12147=CARTESIAN_POINT('',(0.0026,0.00107695526217005,-0.0074375));
#12148=CARTESIAN_POINT('',(0.00183847763108502,0.00183847763108502,-0.007375));
#12149=CARTESIAN_POINT('',(0.00107695526217005,0.0026,-0.0073125));
#12150=CARTESIAN_POINT('',(1.59204083889156E-19,0.0026,-0.00725));
#12151=CARTESIAN_POINT('',(-0.00107695526217005,0.0026,-0.00718750000000001));
#12152=CARTESIAN_POINT('',(-0.00183847763108502,0.00183847763108502,-0.007125));
#12153=CARTESIAN_POINT('',(-0.0026,0.00107695526217005,-0.00706250000000001));
#12154=CARTESIAN_POINT('',(-0.0026,3.18408167778312E-19,-0.007));
#12155=CARTESIAN_POINT('',(-0.0026,-0.00107695526217005,-0.0069375));
#12156=CARTESIAN_POINT('',(-0.00183847763108502,-0.00183847763108502,-0.006875));
#12157=CARTESIAN_POINT('',(-0.00107695526217005,-0.0026,-0.0068125));
#12158=CARTESIAN_POINT('',(-4.77612251667468E-19,-0.0026,-0.00675));
#12159=CARTESIAN_POINT('',(0.00107695526217005,-0.0026,-0.0066875));
#12160=CARTESIAN_POINT('',(0.00183847763108502,-0.00183847763108502,-0.006625));
#12161=CARTESIAN_POINT('',(0.0026,-0.00107695526217005,-0.0065625));
#12162=CARTESIAN_POINT('',(0.0026,0.,-0.0065));
#12163=CARTESIAN_POINT('',(0.0026,0.00107695526217005,-0.0064375));
#12164=CARTESIAN_POINT('',(0.00183847763108502,0.00183847763108502,-0.006375));
#12165=CARTESIAN_POINT('',(0.00107695526217005,0.0026,-0.0063125));
#12166=CARTESIAN_POINT('',(1.59204083889156E-19,0.0026,-0.00625));
#12167=CARTESIAN_POINT('',(-0.00107695526217005,0.0026,-0.0061875));
#12168=CARTESIAN_POINT('',(-0.00183847763108502,0.00183847763108502,-0.006125));
#12169=CARTESIAN_POINT('',(-0.0026,0.00107695526217005,-0.0060625));
#12170=CARTESIAN_POINT('',(-0.0026,3.18408167778312E-19,-0.006));
#12171=CARTESIAN_POINT('',(-0.0026,-0.00107695526217005,-0.0059375));
#12172=CARTESIAN_POINT('',(-0.00183847763108502,-0.00183847763108502,-0.005875));
#12173=CARTESIAN_POINT('',(-0.00107695526217005,-0.0026,-0.00581250000000001));
#12174=CARTESIAN_POINT('',(-4.77612251667468E-19,-0.0026,-0.00575));
#12175=CARTESIAN_POINT('',(0.00107695526217005,-0.0026,-0.00568749999999999));
#12176=CARTESIAN_POINT('',(0.00183847763108502,-0.00183847763108502,-0.005625));
#12177=CARTESIAN_POINT('',(0.0026,-0.00107695526217005,-0.0055625));
#12178=CARTESIAN_POINT('',(0.0026,0.,-0.0055));
#12179=CARTESIAN_POINT('',(0.0026,0.00107695526217005,-0.0054375));
#12180=CARTESIAN_POINT('',(0.00183847763108502,0.00183847763108502,-0.005375));
#12181=CARTESIAN_POINT('',(0.00107695526217005,0.0026,-0.0053125));
#12182=CARTESIAN_POINT('',(1.59204083889156E-19,0.0026,-0.00525));
#12183=CARTESIAN_POINT('',(-0.00107695526217005,0.0026,-0.0051875));
#12184=CARTESIAN_POINT('',(-0.00183847763108502,0.00183847763108502,-0.005125));
#12185=CARTESIAN_POINT('',(-0.0026,0.00107695526217005,-0.0050625));
#12186=CARTESIAN_POINT('',(-0.0026,3.18408167778312E-19,-0.005));
#12187=CARTESIAN_POINT('',(-0.0026,-0.00107695526217005,-0.0049375));
#12188=CARTESIAN_POINT('',(-0.00183847763108502,-0.00183847763108502,-0.004875));
#12189=CARTESIAN_POINT('',(-0.00107695526217005,-0.0026,-0.0048125));
#12190=CARTESIAN_POINT('',(-4.77612251667468E-19,-0.0026,-0.00475));
#12191=CARTESIAN_POINT('',(0.00107695526217005,-0.0026,-0.0046875));
#12192=CARTESIAN_POINT('',(0.00183847763108502,-0.00183847763108502,-0.004625));
#12193=CARTESIAN_POINT('',(0.0026,-0.00107695526217005,-0.0045625));
#12194=CARTESIAN_POINT('',(0.0026,0.,-0.0045));
#12195=CARTESIAN_POINT('',(-0.00185731245885898,-0.00253336569164555,-0.0105388096587162));
#12196=CARTESIAN_POINT('',(-0.00102813939155435,-0.003141265875,-0.0104868859050481));
#12197=CARTESIAN_POINT('',(-5.77041179863434E-19,-0.003141265875,-0.0104375000013656));
#12198=CARTESIAN_POINT('',(0.00130115492844479,-0.003141265875,-0.0103750000013656));
#12199=CARTESIAN_POINT('',(0.00222121040172239,-0.00222121040172239,-0.0103125000013656));
#12200=CARTESIAN_POINT('',(0.003141265875,-0.00130115492844479,-0.0102500000013656));
#12201=CARTESIAN_POINT('',(0.003141265875,0.,-0.0101875000013656));
#12202=CARTESIAN_POINT('',(0.003141265875,0.00130115492844479,-0.0101250000013656));
#12203=CARTESIAN_POINT('',(0.00222121040172239,0.00222121040172239,-0.0100625000013656));
#12204=CARTESIAN_POINT('',(0.00130115492844479,0.003141265875,-0.0100000000013656));
#12205=CARTESIAN_POINT('',(1.92347059954478E-19,0.003141265875,-0.00993750000136559));
#12206=CARTESIAN_POINT('',(-0.00130115492844479,0.003141265875,-0.0098750000013656));
#12207=CARTESIAN_POINT('',(-0.00222121040172239,0.00222121040172239,-0.00981250000136559));
#12208=CARTESIAN_POINT('',(-0.003141265875,0.00130115492844479,-0.00975000000136559));
#12209=CARTESIAN_POINT('',(-0.003141265875,3.84694119908956E-19,-0.00968750000136559));
#12210=CARTESIAN_POINT('',(-0.003141265875,-0.00130115492844479,-0.00962500000136559));
#12211=CARTESIAN_POINT('',(-0.00222121040172239,-0.00222121040172239,-0.0095625000013656));
#12212=CARTESIAN_POINT('',(-0.00130115492844479,-0.003141265875,-0.00950000000136559));
#12213=CARTESIAN_POINT('',(-5.77041179863434E-19,-0.003141265875,-0.00943750000136559));
#12214=CARTESIAN_POINT('',(0.00130115492844479,-0.003141265875,-0.00937500000136559));
#12215=CARTESIAN_POINT('',(0.00222121040172239,-0.00222121040172239,-0.00931250000136559));
#12216=CARTESIAN_POINT('',(0.003141265875,-0.00130115492844479,-0.00925000000136559));
#12217=CARTESIAN_POINT('',(0.003141265875,0.,-0.00918750000136559));
#12218=CARTESIAN_POINT('',(0.003141265875,0.00130115492844479,-0.0091250000013656));
#12219=CARTESIAN_POINT('',(0.00222121040172239,0.00222121040172239,-0.00906250000136559));
#12220=CARTESIAN_POINT('',(0.00130115492844479,0.003141265875,-0.00900000000136559));
#12221=CARTESIAN_POINT('',(1.92347059954478E-19,0.003141265875,-0.00893750000136559));
#12222=CARTESIAN_POINT('',(-0.00130115492844479,0.003141265875,-0.00887500000136559));
#12223=CARTESIAN_POINT('',(-0.00222121040172239,0.00222121040172239,-0.00881250000136559));
#12224=CARTESIAN_POINT('',(-0.003141265875,0.00130115492844479,-0.00875000000136559));
#12225=CARTESIAN_POINT('',(-0.003141265875,3.84694119908956E-19,-0.00868750000136559));
#12226=CARTESIAN_POINT('',(-0.003141265875,-0.00130115492844479,-0.0086250000013656));
#12227=CARTESIAN_POINT('',(-0.00222121040172239,-0.00222121040172239,-0.00856250000136559));
#12228=CARTESIAN_POINT('',(-0.00130115492844479,-0.003141265875,-0.00850000000136559));
#12229=CARTESIAN_POINT('',(-5.77041179863434E-19,-0.003141265875,-0.00843750000136559));
#12230=CARTESIAN_POINT('',(0.00130115492844479,-0.003141265875,-0.00837500000136559));
#12231=CARTESIAN_POINT('',(0.00222121040172239,-0.00222121040172239,-0.00831250000136559));
#12232=CARTESIAN_POINT('',(0.003141265875,-0.00130115492844479,-0.00825000000136559));
#12233=CARTESIAN_POINT('',(0.003141265875,0.,-0.00818750000136559));
#12234=CARTESIAN_POINT('',(0.003141265875,0.00130115492844479,-0.00812500000136559));
#12235=CARTESIAN_POINT('',(0.00222121040172239,0.00222121040172239,-0.00806250000136559));
#12236=CARTESIAN_POINT('',(0.00130115492844479,0.003141265875,-0.00800000000136559));
#12237=CARTESIAN_POINT('',(1.92347059954478E-19,0.003141265875,-0.00793750000136559));
#12238=CARTESIAN_POINT('',(-0.00130115492844479,0.003141265875,-0.0078750000013656));
#12239=CARTESIAN_POINT('',(-0.00222121040172239,0.00222121040172239,-0.00781250000136559));
#12240=CARTESIAN_POINT('',(-0.003141265875,0.00130115492844479,-0.0077500000013656));
#12241=CARTESIAN_POINT('',(-0.003141265875,3.84694119908956E-19,-0.00768750000136559));
#12242=CARTESIAN_POINT('',(-0.003141265875,-0.00130115492844479,-0.00762500000136559));
#12243=CARTESIAN_POINT('',(-0.00222121040172239,-0.00222121040172239,-0.00756250000136559));
#12244=CARTESIAN_POINT('',(-0.00130115492844479,-0.003141265875,-0.00750000000136559));
#12245=CARTESIAN_POINT('',(-5.77041179863434E-19,-0.003141265875,-0.00743750000136559));
#12246=CARTESIAN_POINT('',(0.00130115492844479,-0.003141265875,-0.00737500000136559));
#12247=CARTESIAN_POINT('',(0.00222121040172239,-0.00222121040172239,-0.00731250000136559));
#12248=CARTESIAN_POINT('',(0.003141265875,-0.00130115492844479,-0.00725000000136559));
#12249=CARTESIAN_POINT('',(0.003141265875,0.,-0.00718750000136559));
#12250=CARTESIAN_POINT('',(0.003141265875,0.00130115492844479,-0.00712500000136559));
#12251=CARTESIAN_POINT('',(0.00222121040172239,0.00222121040172239,-0.00706250000136559));
#12252=CARTESIAN_POINT('',(0.00130115492844479,0.003141265875,-0.00700000000136559));
#12253=CARTESIAN_POINT('',(1.92347059954478E-19,0.003141265875,-0.00693750000136559));
#12254=CARTESIAN_POINT('',(-0.00130115492844479,0.003141265875,-0.00687500000136559));
#12255=CARTESIAN_POINT('',(-0.00222121040172239,0.00222121040172239,-0.00681250000136559));
#12256=CARTESIAN_POINT('',(-0.003141265875,0.00130115492844479,-0.00675000000136559));
#12257=CARTESIAN_POINT('',(-0.003141265875,3.84694119908956E-19,-0.00668750000136559));
#12258=CARTESIAN_POINT('',(-0.003141265875,-0.00130115492844479,-0.00662500000136559));
#12259=CARTESIAN_POINT('',(-0.00222121040172239,-0.00222121040172239,-0.00656250000136559));
#12260=CARTESIAN_POINT('',(-0.00130115492844479,-0.003141265875,-0.00650000000136559));
#12261=CARTESIAN_POINT('',(-5.77041179863434E-19,-0.003141265875,-0.00643750000136559));
#12262=CARTESIAN_POINT('',(0.00130115492844479,-0.003141265875,-0.00637500000136559));
#12263=CARTESIAN_POINT('',(0.00222121040172239,-0.00222121040172239,-0.00631250000136559));
#12264=CARTESIAN_POINT('',(0.003141265875,-0.00130115492844479,-0.00625000000136559));
#12265=CARTESIAN_POINT('',(0.003141265875,0.,-0.00618750000136559));
#12266=CARTESIAN_POINT('',(0.003141265875,0.00130115492844479,-0.00612500000136559));
#12267=CARTESIAN_POINT('',(0.00222121040172239,0.00222121040172239,-0.00606250000136559));
#12268=CARTESIAN_POINT('',(0.00130115492844479,0.003141265875,-0.00600000000136559));
#12269=CARTESIAN_POINT('',(1.92347059954478E-19,0.003141265875,-0.00593750000136559));
#12270=CARTESIAN_POINT('',(-0.00130115492844479,0.003141265875,-0.00587500000136559));
#12271=CARTESIAN_POINT('',(-0.00222121040172239,0.00222121040172239,-0.00581250000136559));
#12272=CARTESIAN_POINT('',(-0.003141265875,0.00130115492844479,-0.00575000000136559));
#12273=CARTESIAN_POINT('',(-0.003141265875,3.84694119908956E-19,-0.00568750000136559));
#12274=CARTESIAN_POINT('',(-0.003141265875,-0.00130115492844479,-0.00562500000136559));
#12275=CARTESIAN_POINT('',(-0.00222121040172239,-0.00222121040172239,-0.00556250000136559));
#12276=CARTESIAN_POINT('',(-0.00130115492844479,-0.003141265875,-0.00550000000136559));
#12277=CARTESIAN_POINT('',(-5.77041179863434E-19,-0.003141265875,-0.00543750000136559));
#12278=CARTESIAN_POINT('',(0.00130115492844479,-0.003141265875,-0.00537500000136559));
#12279=CARTESIAN_POINT('',(0.00222121040172239,-0.00222121040172239,-0.00531250000136559));
#12280=CARTESIAN_POINT('',(0.003141265875,-0.00130115492844479,-0.00525000000136559));
#12281=CARTESIAN_POINT('',(0.003141265875,0.,-0.00518750000136559));
#12282=CARTESIAN_POINT('',(0.003141265875,0.00130115492844479,-0.00512500000136559));
#12283=CARTESIAN_POINT('',(0.00222121040172239,0.00222121040172239,-0.00506250000136559));
#12284=CARTESIAN_POINT('',(0.00130115492844479,0.003141265875,-0.0050000000013656));
#12285=CARTESIAN_POINT('',(1.92347059954478E-19,0.003141265875,-0.00493750000136559));
#12286=CARTESIAN_POINT('',(-0.00130115492844479,0.003141265875,-0.0048750000013656));
#12287=CARTESIAN_POINT('',(-0.00222121040172239,0.00222121040172239,-0.00481250000136559));
#12288=CARTESIAN_POINT('',(-0.003141265875,0.00130115492844479,-0.00475000000136559));
#12289=CARTESIAN_POINT('',(-0.003141265875,3.84694119908956E-19,-0.00468750000136559));
#12290=CARTESIAN_POINT('',(-0.003141265875,-0.00130115492844479,-0.00462500000136559));
#12291=CARTESIAN_POINT('',(-0.00222121040172239,-0.00222121040172239,-0.00456250000136559));
#12292=CARTESIAN_POINT('',(-0.00130115492844479,-0.003141265875,-0.00450000000136559));
#12293=CARTESIAN_POINT('',(-5.77041179863434E-19,-0.003141265875,-0.00443750000136559));
#12294=CARTESIAN_POINT('',(0.00130115492844479,-0.003141265875,-0.00437500000136559));
#12295=CARTESIAN_POINT('',(0.00222121040172239,-0.00222121040172239,-0.00431250000136559));
#12296=CARTESIAN_POINT('',(0.003141265875,-0.00130115492844479,-0.00425000000136559));
#12297=CARTESIAN_POINT('',(0.003141265875,0.,-0.00418750000136559));
#12298=CARTESIAN_POINT('',(0.0026,0.,-0.0045));
#12299=CARTESIAN_POINT('',(0.0026,-0.000515490389649201,-0.00452991595889337));
#12300=CARTESIAN_POINT('',(0.0022912627888083,-0.00152664547132096,-0.00459533857800493));
#12301=CARTESIAN_POINT('',(0.00105436290377574,-0.00254612400226675,-0.00468729750437322));
#12302=CARTESIAN_POINT('',(-0.00053866193332101,-0.0027013001412943,-0.00478045842323066));
#12303=CARTESIAN_POINT('',(-0.00194720770656671,-0.00194811297916433,-0.00487495198215642));
#12304=CARTESIAN_POINT('',(-0.00270160848733278,-0.000538877985930716,-0.00496958883485562));
#12305=CARTESIAN_POINT('',(-0.00254542770144478,0.00105428453532457,-0.0050624934100893));
#12306=CARTESIAN_POINT('',(-0.00152945857073759,0.00229098052057524,-0.00515539531164009));
#12307=CARTESIAN_POINT('',(-1.14125812390645E-6,0.00275438435145326,-0.00524993666909843));
#12308=CARTESIAN_POINT('',(0.00152924723358227,0.00229148134240314,-0.00534458080264892));
#12309=CARTESIAN_POINT('',(0.00254534486015579,0.00105442510659395,-0.00543749092943918));
#12310=CARTESIAN_POINT('',(0.00270144509310005,-0.000538236502404844,-0.00553038179510004));
#12311=CARTESIAN_POINT('',(0.00194880062626459,-0.00194651911552814,-0.00562491100198615));
#12312=CARTESIAN_POINT('',(0.000539058963514412,-0.00270170992157572,-0.00571957677938251));
#12313=CARTESIAN_POINT('',(-0.00105418243141326,-0.0025454087816136,-0.00581248751417964));
#12314=CARTESIAN_POINT('',(-0.00229059623960818,-0.00152983603720779,-0.0059053647517413));
#12315=CARTESIAN_POINT('',(-0.00275443880770725,-2.02260737984372E-6,-0.00599988903539588));
#12316=CARTESIAN_POINT('',(-0.00229164609084618,0.00152920362580352,-0.00609457282687766));
#12317=CARTESIAN_POINT('',(-0.00105449023150548,0.00254523419760316,-0.00618748405715799));
#12318=CARTESIAN_POINT('',(0.00053758101367038,0.0027014835525505,-0.00628034377614908));
#12319=CARTESIAN_POINT('',(0.0019460348423767,0.00194938828211723,-0.0063748707396258));
#12320=CARTESIAN_POINT('',(0.00270177919423226,0.000539190398854199,-0.00646956882074966));
#12321=CARTESIAN_POINT('',(0.0025453647043091,-0.00105403613520897,-0.00656248046614931));
#12322=CARTESIAN_POINT('',(0.0015304433162538,-0.00229010464630464,-0.00665531876000013));
#12323=CARTESIAN_POINT('',(2.6607733270691E-6,-0.00275453096704716,-0.00674985603182901));
#12324=CARTESIAN_POINT('',(-0.00152915671420278,-0.00229176692404349,-0.00684456467533301));
#12325=CARTESIAN_POINT('',(-0.0025450744409086,-0.0010545724668513,-0.00693747665965274));
#12326=CARTESIAN_POINT('',(-0.00270160930357957,0.000536679129862433,-0.00703028960955694));
#12327=CARTESIAN_POINT('',(-0.00194983569911289,0.00194574487589101,-0.00712484483716283));
#12328=CARTESIAN_POINT('',(-0.000539298884315769,0.00270181396340144,-0.00721956031189358));
#12329=CARTESIAN_POINT('',(0.00105383769362727,0.00254530013009277,-0.00731247255949689));
#12330=CARTESIAN_POINT('',(0.00228949679297774,0.00153129191330107,-0.00740525623235051));
#12331=CARTESIAN_POINT('',(0.00275466158917526,3.06834793176362E-6,-0.0074998370758359));
#12332=CARTESIAN_POINT('',(0.00229185014103953,-0.00152909707970695,-0.00759455565432812));
#12333=CARTESIAN_POINT('',(0.00105468235325173,-0.00254486124751306,-0.00768746804763005));
#12334=CARTESIAN_POINT('',(-0.000535518951298265,-0.00270182401835549,-0.0077802186394055));
#12335=CARTESIAN_POINT('',(-0.00194564206278503,-0.00195015281728947,-0.00787483252303129));
#12336=CARTESIAN_POINT('',(-0.00270180641841133,-0.000539391761718884,-0.00796955101813592));
#12337=CARTESIAN_POINT('',(-0.0025452406949704,0.00105356230092362,-0.00806246147703558));
#12338=CARTESIAN_POINT('',(-0.00153231277207539,0.00228881691093485,-0.00815518243751995));
#12339=CARTESIAN_POINT('',(-3.27904160012227E-6,0.00275482283960276,-0.00824982946441566));
#12340=CARTESIAN_POINT('',(0.00152901493630849,0.00229188309541241,-0.00834454692736821));
#12341=CARTESIAN_POINT('',(0.00254460545127089,0.00105491972246608,-0.00843745167529786));
#12342=CARTESIAN_POINT('',(0.00270206376214934,-0.000534414234180094,-0.00853015092284746));
#12343=CARTESIAN_POINT('',(0.00195037354762925,-0.00194563325309486,-0.00862482682097257));
#12344=CARTESIAN_POINT('',(0.000539462483227008,-0.00270175048286583,-0.00871954345341067));
#12345=CARTESIAN_POINT('',(-0.00105312619658289,-0.00254528560833309,-0.00881243839172129));
#12346=CARTESIAN_POINT('',(-0.00228830088068427,-0.00153315326314984,-0.00890512387838005));
#12347=CARTESIAN_POINT('',(-0.00275495296594549,-3.41179041284838E-6,-0.00899982439414445));
#12348=CARTESIAN_POINT('',(-0.00229187700334671,0.00152891556720535,-0.00909454036912971));
#12349=CARTESIAN_POINT('',(-0.00105536886957268,0.00254430382528932,-0.00918742136381991));
#12350=CARTESIAN_POINT('',(0.000533590610778561,0.00270228500458547,-0.00928010094637331));
#12351=CARTESIAN_POINT('',(0.00194563243794443,0.00195053072151504,-0.00937482193176592));
#12352=CARTESIAN_POINT('',(0.00270165536030028,0.000539532444254409,-0.0094695373660439));
#12353=CARTESIAN_POINT('',(0.00254545283651151,-0.00105249145187624,-0.00956240028565257));
#12354=CARTESIAN_POINT('',(0.00153379919528252,-0.00228795936648203,-0.00965508184318324));
#12355=CARTESIAN_POINT('',(3.51134054534757E-6,-0.00275504407830561,-0.00974981930875442));
#12356=CARTESIAN_POINT('',(-0.00152877408164594,-0.00229185266378321,-0.00984453390598483));
#12357=CARTESIAN_POINT('',(-0.0025439404565976,-0.00105606133396625,-0.00993737609725025));
#12358=CARTESIAN_POINT('',(-0.00270249763729828,0.000533006455671826,-0.010030062012585));
#12359=CARTESIAN_POINT('',(-0.00195064208721427,0.00194563152015689,-0.0101248327026895));
#12360=CARTESIAN_POINT('',(-0.000539656834607923,0.00270145878676666,-0.0102194688845399));
#12361=CARTESIAN_POINT('',(0.00105171002486148,0.00254596221839887,-0.0103125760743551));
#12362=CARTESIAN_POINT('',(0.00228746186202427,0.00153350648689475,-0.0104041924641247));
#12363=CARTESIAN_POINT('',(0.0026,0.000515488909944677,-0.0104700841269798));
#12364=CARTESIAN_POINT('',(0.0026,0.,-0.0105));
#12365=CARTESIAN_POINT('',(-0.003141265875,3.84694119908956E-19,-0.00468750000136559));
#12366=CARTESIAN_POINT('',(-0.003141265875,-0.00130115492844479,-0.00462500000136559));
#12367=CARTESIAN_POINT('',(-0.00222121040172239,-0.00222121040172239,-0.00456250000136559));
#12368=CARTESIAN_POINT('',(-0.00130115492844479,-0.003141265875,-0.00450000000136559));
#12369=CARTESIAN_POINT('',(-5.77041179863434E-19,-0.003141265875,-0.00443750000136559));
#12370=CARTESIAN_POINT('',(0.00130115492844479,-0.003141265875,-0.00437500000136559));
#12371=CARTESIAN_POINT('',(0.00222121040172239,-0.00222121040172239,-0.00431250000136559));
#12372=CARTESIAN_POINT('',(0.003141265875,-0.00130115492844479,-0.00425000000136559));
#12373=CARTESIAN_POINT('',(0.003141265875,0.,-0.00418750000136559));
#12374=CARTESIAN_POINT('',(-0.003141265875,1.26925425088723E-18,-0.00468750000136559));
#12375=CARTESIAN_POINT('',(-0.003141265875,3.84694119908956E-19,-0.00568750000136559));
#12376=CARTESIAN_POINT('',(-0.003141265875,-0.00130115492844479,-0.00562500000136559));
#12377=CARTESIAN_POINT('',(-0.00222121040172239,-0.00222121040172239,-0.00556250000136559));
#12378=CARTESIAN_POINT('',(-0.00130115492844479,-0.003141265875,-0.00550000000136559));
#12379=CARTESIAN_POINT('',(-5.77041179863434E-19,-0.003141265875,-0.00543750000136559));
#12380=CARTESIAN_POINT('',(0.00130115492844479,-0.003141265875,-0.00537500000136559));
#12381=CARTESIAN_POINT('',(0.00222121040172239,-0.00222121040172239,-0.00531250000136559));
#12382=CARTESIAN_POINT('',(0.003141265875,-0.00130115492844479,-0.00525000000136559));
#12383=CARTESIAN_POINT('',(0.003141265875,0.,-0.00518750000136559));
#12384=CARTESIAN_POINT('',(0.003141265875,0.00130115492844479,-0.00512500000136559));
#12385=CARTESIAN_POINT('',(0.00222121040172239,0.00222121040172239,-0.00506250000136559));
#12386=CARTESIAN_POINT('',(0.00130115492844479,0.003141265875,-0.0050000000013656));
#12387=CARTESIAN_POINT('',(1.92347059954478E-19,0.003141265875,-0.00493750000136559));
#12388=CARTESIAN_POINT('',(-0.00130115492844479,0.003141265875,-0.0048750000013656));
#12389=CARTESIAN_POINT('',(-0.00222121040172239,0.00222121040172239,-0.00481250000136559));
#12390=CARTESIAN_POINT('',(-0.003141265875,0.00130115492844479,-0.00475000000136559));
#12391=CARTESIAN_POINT('',(-0.003141265875,3.84694119908956E-19,-0.00468750000136559));
#12392=CARTESIAN_POINT('',(-0.003141265875,1.26925425088723E-18,-0.00568750000136559));
#12393=CARTESIAN_POINT('',(-0.003141265875,3.84694119908956E-19,-0.00668750000136559));
#12394=CARTESIAN_POINT('',(-0.003141265875,-0.00130115492844479,-0.00662500000136559));
#12395=CARTESIAN_POINT('',(-0.00222121040172239,-0.00222121040172239,-0.00656250000136559));
#12396=CARTESIAN_POINT('',(-0.00130115492844479,-0.003141265875,-0.00650000000136559));
#12397=CARTESIAN_POINT('',(-5.77041179863434E-19,-0.003141265875,-0.00643750000136559));
#12398=CARTESIAN_POINT('',(0.00130115492844479,-0.003141265875,-0.00637500000136559));
#12399=CARTESIAN_POINT('',(0.00222121040172239,-0.00222121040172239,-0.00631250000136559));
#12400=CARTESIAN_POINT('',(0.003141265875,-0.00130115492844479,-0.00625000000136559));
#12401=CARTESIAN_POINT('',(0.003141265875,0.,-0.00618750000136559));
#12402=CARTESIAN_POINT('',(0.003141265875,0.00130115492844479,-0.00612500000136559));
#12403=CARTESIAN_POINT('',(0.00222121040172239,0.00222121040172239,-0.00606250000136559));
#12404=CARTESIAN_POINT('',(0.00130115492844479,0.003141265875,-0.00600000000136559));
#12405=CARTESIAN_POINT('',(1.92347059954478E-19,0.003141265875,-0.00593750000136559));
#12406=CARTESIAN_POINT('',(-0.00130115492844479,0.003141265875,-0.00587500000136559));
#12407=CARTESIAN_POINT('',(-0.00222121040172239,0.00222121040172239,-0.00581250000136559));
#12408=CARTESIAN_POINT('',(-0.003141265875,0.00130115492844479,-0.00575000000136559));
#12409=CARTESIAN_POINT('',(-0.003141265875,3.84694119908956E-19,-0.00568750000136559));
#12410=CARTESIAN_POINT('',(-0.003141265875,1.26925425088723E-18,-0.00668750000136559));
#12411=CARTESIAN_POINT('',(-0.003141265875,3.84694119908956E-19,-0.00768750000136559));
#12412=CARTESIAN_POINT('',(-0.003141265875,-0.00130115492844479,-0.00762500000136559));
#12413=CARTESIAN_POINT('',(-0.00222121040172239,-0.00222121040172239,-0.00756250000136559));
#12414=CARTESIAN_POINT('',(-0.00130115492844479,-0.003141265875,-0.00750000000136559));
#12415=CARTESIAN_POINT('',(-5.77041179863434E-19,-0.003141265875,-0.00743750000136559));
#12416=CARTESIAN_POINT('',(0.00130115492844479,-0.003141265875,-0.00737500000136559));
#12417=CARTESIAN_POINT('',(0.00222121040172239,-0.00222121040172239,-0.00731250000136559));
#12418=CARTESIAN_POINT('',(0.003141265875,-0.00130115492844479,-0.00725000000136559));
#12419=CARTESIAN_POINT('',(0.003141265875,0.,-0.00718750000136559));
#12420=CARTESIAN_POINT('',(0.003141265875,0.00130115492844479,-0.00712500000136559));
#12421=CARTESIAN_POINT('',(0.00222121040172239,0.00222121040172239,-0.00706250000136559));
#12422=CARTESIAN_POINT('',(0.00130115492844479,0.003141265875,-0.00700000000136559));
#12423=CARTESIAN_POINT('',(1.92347059954478E-19,0.003141265875,-0.00693750000136559));
#12424=CARTESIAN_POINT('',(-0.00130115492844479,0.003141265875,-0.00687500000136559));
#12425=CARTESIAN_POINT('',(-0.00222121040172239,0.00222121040172239,-0.00681250000136559));
#12426=CARTESIAN_POINT('',(-0.003141265875,0.00130115492844479,-0.00675000000136559));
#12427=CARTESIAN_POINT('',(-0.003141265875,3.84694119908956E-19,-0.00668750000136559));
#12428=CARTESIAN_POINT('',(-0.003141265875,1.26925425088723E-18,-0.00768750000136559));
#12429=CARTESIAN_POINT('',(-0.003141265875,3.84694119908956E-19,-0.00868750000136559));
#12430=CARTESIAN_POINT('',(-0.003141265875,-0.00130115492844479,-0.00862500000136559));
#12431=CARTESIAN_POINT('',(-0.00222121040172239,-0.00222121040172239,-0.00856250000136559));
#12432=CARTESIAN_POINT('',(-0.00130115492844479,-0.003141265875,-0.00850000000136559));
#12433=CARTESIAN_POINT('',(-5.77041179863434E-19,-0.003141265875,-0.00843750000136559));
#12434=CARTESIAN_POINT('',(0.00130115492844479,-0.003141265875,-0.00837500000136559));
#12435=CARTESIAN_POINT('',(0.00222121040172239,-0.00222121040172239,-0.00831250000136559));
#12436=CARTESIAN_POINT('',(0.003141265875,-0.00130115492844479,-0.00825000000136559));
#12437=CARTESIAN_POINT('',(0.003141265875,0.,-0.00818750000136559));
#12438=CARTESIAN_POINT('',(0.003141265875,0.00130115492844479,-0.00812500000136559));
#12439=CARTESIAN_POINT('',(0.00222121040172239,0.00222121040172239,-0.00806250000136559));
#12440=CARTESIAN_POINT('',(0.00130115492844479,0.003141265875,-0.00800000000136559));
#12441=CARTESIAN_POINT('',(1.92347059954478E-19,0.003141265875,-0.00793750000136559));
#12442=CARTESIAN_POINT('',(-0.00130115492844479,0.003141265875,-0.0078750000013656));
#12443=CARTESIAN_POINT('',(-0.00222121040172239,0.00222121040172239,-0.00781250000136559));
#12444=CARTESIAN_POINT('',(-0.003141265875,0.00130115492844479,-0.0077500000013656));
#12445=CARTESIAN_POINT('',(-0.003141265875,3.84694119908956E-19,-0.00768750000136559));
#12446=CARTESIAN_POINT('',(-0.003141265875,1.26925425088723E-18,-0.00868750000136559));
#12447=CARTESIAN_POINT('',(-0.003141265875,3.84694119908956E-19,-0.00968750000136559));
#12448=CARTESIAN_POINT('',(-0.003141265875,-0.00130115492844479,-0.00962500000136559));
#12449=CARTESIAN_POINT('',(-0.00222121040172239,-0.00222121040172239,-0.0095625000013656));
#12450=CARTESIAN_POINT('',(-0.00130115492844479,-0.003141265875,-0.00950000000136559));
#12451=CARTESIAN_POINT('',(-5.77041179863434E-19,-0.003141265875,-0.00943750000136559));
#12452=CARTESIAN_POINT('',(0.00130115492844479,-0.003141265875,-0.00937500000136559));
#12453=CARTESIAN_POINT('',(0.00222121040172239,-0.00222121040172239,-0.00931250000136559));
#12454=CARTESIAN_POINT('',(0.003141265875,-0.00130115492844479,-0.00925000000136558));
#12455=CARTESIAN_POINT('',(0.003141265875,0.,-0.00918750000136559));
#12456=CARTESIAN_POINT('',(0.003141265875,0.00130115492844479,-0.0091250000013656));
#12457=CARTESIAN_POINT('',(0.00222121040172239,0.00222121040172239,-0.00906250000136559));
#12458=CARTESIAN_POINT('',(0.00130115492844479,0.003141265875,-0.00900000000136559));
#12459=CARTESIAN_POINT('',(1.92347059954478E-19,0.003141265875,-0.00893750000136559));
#12460=CARTESIAN_POINT('',(-0.00130115492844479,0.003141265875,-0.00887500000136559));
#12461=CARTESIAN_POINT('',(-0.00222121040172239,0.00222121040172239,-0.00881250000136559));
#12462=CARTESIAN_POINT('',(-0.003141265875,0.00130115492844479,-0.00875000000136559));
#12463=CARTESIAN_POINT('',(-0.003141265875,3.84694119908956E-19,-0.00868750000136559));
#12464=CARTESIAN_POINT('',(-0.003141265875,1.26925425088723E-18,-0.00968750000136559));
#12465=CARTESIAN_POINT('',(-0.00120211038275019,-0.00290215125814002,-0.0105));
#12466=CARTESIAN_POINT('',(-0.000624836618112832,-0.003141265875,-0.0104675135591505));
#12467=CARTESIAN_POINT('',(-5.77041179863434E-19,-0.003141265875,-0.0104375000013656));
#12468=CARTESIAN_POINT('',(0.00130115492844479,-0.003141265875,-0.0103750000013656));
#12469=CARTESIAN_POINT('',(0.00222121040172239,-0.00222121040172239,-0.0103125000013656));
#12470=CARTESIAN_POINT('',(0.003141265875,-0.00130115492844479,-0.0102500000013656));
#12471=CARTESIAN_POINT('',(0.003141265875,0.,-0.0101875000013656));
#12472=CARTESIAN_POINT('',(0.003141265875,0.00130115492844479,-0.0101250000013656));
#12473=CARTESIAN_POINT('',(0.00222121040172239,0.00222121040172239,-0.0100625000013656));
#12474=CARTESIAN_POINT('',(0.00130115492844479,0.003141265875,-0.0100000000013656));
#12475=CARTESIAN_POINT('',(1.92347059954478E-19,0.003141265875,-0.00993750000136559));
#12476=CARTESIAN_POINT('',(-0.00130115492844479,0.003141265875,-0.0098750000013656));
#12477=CARTESIAN_POINT('',(-0.00222121040172239,0.00222121040172239,-0.00981250000136559));
#12478=CARTESIAN_POINT('',(-0.003141265875,0.00130115492844479,-0.00975000000136559));
#12479=CARTESIAN_POINT('',(-0.003141265875,3.84694119908956E-19,-0.00968750000136559));
#12480=CARTESIAN_POINT('',(0.,0.0025,-0.003));
#12481=CARTESIAN_POINT('',(0.,0.,-0.003));
#12482=CARTESIAN_POINT('',(-0.0025,0.,-0.003));
#12483=CARTESIAN_POINT('',(0.,0.,-0.003));
#12484=CARTESIAN_POINT('',(0.00349919004830523,0.,-0.003));
#12485=CARTESIAN_POINT('',(0.00202072594216369,-0.0035,-0.010501));
#12486=CARTESIAN_POINT('',(0.00211559724206423,-0.00333567808839216,-0.00275059468226478));
#12487=CARTESIAN_POINT('',(0.00303108891324554,-0.00175,-0.00322014691008336));
#12488=CARTESIAN_POINT('',(0.00394658058442684,-0.000164321911607839,-0.00275059468226478));
#12489=CARTESIAN_POINT('',(0.00394658058442556,-0.000164321911610054,-0.00275059468226544));
#12490=CARTESIAN_POINT('',(0.00394658058442556,-0.000164321911610054,-0.01));
#12491=CARTESIAN_POINT('',(0.00394658058442556,-0.000164321911610054,-0.000249405317734562));
#12492=CARTESIAN_POINT('',(0.00394658058442645,-0.000164321911608509,-0.000249405317735019));
#12493=CARTESIAN_POINT('',(0.00303108891324554,-0.00175,0.000220146910083205));
#12494=CARTESIAN_POINT('',(0.00211559724206462,-0.00333567808839149,-0.000249405317735018));
#12495=CARTESIAN_POINT('',(-0.00202072594216369,-0.0035,-0.010501));
#12496=CARTESIAN_POINT('',(7.5115729936858E-19,-0.0035,-0.0015));
#12497=CARTESIAN_POINT('',(7.5115729936858E-19,-0.0035,-0.00224999999999999));
#12498=CARTESIAN_POINT('',(-0.00183098334236261,-0.0035,-0.00275059468226478));
#12499=CARTESIAN_POINT('',(1.11022302462516E-18,-0.0035,-0.00322014691008336));
#12500=CARTESIAN_POINT('',(0.00183098334236261,-0.0035,-0.00275059468226478));
#12501=CARTESIAN_POINT('',(0.00183098334236184,-0.0035,-0.000249405317735019));
#12502=CARTESIAN_POINT('',(-1.88737914186277E-18,-0.0035,0.000220146910083208));
#12503=CARTESIAN_POINT('',(-0.00183098334236185,-0.0035,-0.00024940531773502));
#12504=CARTESIAN_POINT('',(-0.00404145188432738,7.75294666677571E-19,-0.010501));
#12505=CARTESIAN_POINT('',(-0.00394658058442685,-0.000164321911607826,-0.00275059468226478));
#12506=CARTESIAN_POINT('',(-0.00303108891324554,-0.00175,-0.00322014691008337));
#12507=CARTESIAN_POINT('',(-0.00211559724206423,-0.00333567808839216,-0.00275059468226478));
#12508=CARTESIAN_POINT('',(-0.00211559724206462,-0.0033356780883915,-0.000249405317735019));
#12509=CARTESIAN_POINT('',(-0.00303108891324553,-0.00175,0.000220146910083207));
#12510=CARTESIAN_POINT('',(-0.00394658058442645,-0.000164321911608507,-0.000249405317735019));
#12511=CARTESIAN_POINT('',(-0.00202072594216369,0.0035,-0.010501));
#12512=CARTESIAN_POINT('',(-0.00211559724206423,0.00333567808839217,-0.00275059468226478));
#12513=CARTESIAN_POINT('',(-0.00303108891324554,0.00175,-0.00322014691008337));
#12514=CARTESIAN_POINT('',(-0.00394658058442684,0.000164321911607832,-0.00275059468226478));
#12515=CARTESIAN_POINT('',(-0.00394658058442645,0.000164321911608505,-0.00024940531773502));
#12516=CARTESIAN_POINT('',(-0.00303108891324554,0.00175,0.000220146910083207));
#12517=CARTESIAN_POINT('',(-0.00211559724206461,0.00333567808839149,-0.00024940531773502));
#12518=CARTESIAN_POINT('',(0.00202072594216369,0.0035,-0.010501));
#12519=CARTESIAN_POINT('',(0.00183098334236262,0.0035,-0.00275059468226478));
#12520=CARTESIAN_POINT('',(1.88737914186277E-18,0.0035,-0.00322014691008337));
#12521=CARTESIAN_POINT('',(-0.00183098334236262,0.0035,-0.00275059468226478));
#12522=CARTESIAN_POINT('',(-0.00183098334236184,0.0035,-0.000249405317735018));
#12523=CARTESIAN_POINT('',(9.9920072216264E-19,0.0035,0.000220146910083208));
#12524=CARTESIAN_POINT('',(0.00183098334236184,0.0035,-0.000249405317735019));
#12525=CARTESIAN_POINT('',(0.00404145188432738,-8.08617897129395E-19,-0.010501));
#12526=CARTESIAN_POINT('',(0.00394658058442684,0.000164321911607839,-0.00275059468226479));
#12527=CARTESIAN_POINT('',(0.00303108891324553,0.00175,-0.00322014691008336));
#12528=CARTESIAN_POINT('',(0.00211559724206423,0.00333567808839216,-0.00275059468226479));
#12529=CARTESIAN_POINT('',(0.00394658058442556,0.000164321911610054,-0.00275059468226544));
#12530=CARTESIAN_POINT('',(0.00211559724206461,0.0033356780883915,-0.000249405317735021));
#12531=CARTESIAN_POINT('',(0.00303108891324554,0.00175,0.000220146910083206));
#12532=CARTESIAN_POINT('',(0.00394658058442646,0.000164321911608507,-0.00024940531773502));
#12533=CARTESIAN_POINT('',(0.00394658058442556,0.000164321911610052,-0.000249405317734561));
#12534=CARTESIAN_POINT('',(0.00394658058442556,0.000164321911610054,-0.01));
#12535=CARTESIAN_POINT('',(0.,0.,-0.0027));
#12536=CARTESIAN_POINT('',(0.,0.,-0.00275059468226544));
#12537=CARTESIAN_POINT('',(0.,0.,0.));
#12538=CARTESIAN_POINT('',(0.,0.,-0.000249405317734562));
#12539=CARTESIAN_POINT('',(0.,0.,0.002));
#12540=CARTESIAN_POINT('',(0.,0.,0.00105025818572813));
#12541=CARTESIAN_POINT('',(-0.000200000000063483,0.,0.00105025818572813));
#12542=CARTESIAN_POINT('',(0.,0.,2.27373675443232E-13));
#12543=CARTESIAN_POINT('',(0.,0.,0.000870000000134041));
#12544=CARTESIAN_POINT('',(0.,0.,0.00087));
#12545=CARTESIAN_POINT('',(-0.0005,0.,0.00087));
#12546=CARTESIAN_POINT('',(0.,0.,-0.0105));
#12547=CARTESIAN_POINT('',(0.,0.,0.000300430309550848));
#12548=CARTESIAN_POINT('',(-0.000499999999988177,0.,0.000300430309550848));
#12549=CARTESIAN_POINT('',(0.,0.,0.));
#12550=CARTESIAN_POINT('',(0.,0.,0.));
#12551=CARTESIAN_POINT('',(-0.001,0.,0.));
#12552=CARTESIAN_POINT('',(0.,0.,-0.0105));
#12553=CARTESIAN_POINT('',(0.,0.,-0.0101999999999668));
#12554=CARTESIAN_POINT('',(-0.001,0.,-0.0101999999999668));
#12555=CARTESIAN_POINT('',(0.,0.,0.));
#12556=CARTESIAN_POINT('',(7.5115729936858E-19,-0.00349,-0.0015));
#12557=CARTESIAN_POINT('',(7.5115729936858E-19,-0.00349,-0.0015));
#12558=CARTESIAN_POINT('',(7.5115729936858E-19,-0.00349,-0.00224999999999999));
#12559=CARTESIAN_POINT('',(1.09074426026717E-18,-0.00303935453572934,-0.0015));
#12560=CARTESIAN_POINT('',(7.5115729936858E-19,-0.0035,-0.0015));
#12561=CARTESIAN_POINT('',(0.,0.,-0.0101999999999668));
#12562=CARTESIAN_POINT('',(0.,0.,-0.01));
#12563=CARTESIAN_POINT('',(0.,0.,0.00592368572473777));
#12564=CARTESIAN_POINT('',(-1.11022302462516E-18,1.26925425088723E-18,-0.0111250000013656));
#12565=CARTESIAN_POINT('',(-0.00333641995495171,-0.00139707671405027,0.00452787061950593));
#12566=CARTESIAN_POINT('',(0.00156358004504831,0.0013529232859497,0.0625278706195059));
#12567=CARTESIAN_POINT('',(-0.0117364199549517,-0.00379707671405027,0.0625278706195059));
#12568=CARTESIAN_POINT('',(0.00506358004504836,0.00120292328594969,0.043027870619506));
#12569=MECHANICAL_DESIGN_GEOMETRIC_PRESENTATION_REPRESENTATION('',(#6147,
#6148,#6149,#46,#47,#48,#49,#6150,#6151,#6152,#50,#51,#52,#53,#54,#6153,
#6154,#55,#56,#57,#58,#59,#60,#61,#62,#63,#64,#65,#66,#67,#68,#69,#70,#6155),
#12570);
#12570=(
GEOMETRIC_REPRESENTATION_CONTEXT(3)
GLOBAL_UNCERTAINTY_ASSIGNED_CONTEXT((#12580))
GLOBAL_UNIT_ASSIGNED_CONTEXT((#12592,#12591,#12590))
REPRESENTATION_CONTEXT('Assembly 1','TOP_LEVEL_ASSEMBLY_PART')
);
#12571=(
GEOMETRIC_REPRESENTATION_CONTEXT(3)
GLOBAL_UNCERTAINTY_ASSIGNED_CONTEXT((#12581))
GLOBAL_UNIT_ASSIGNED_CONTEXT((#12592,#12591,#12590))
REPRESENTATION_CONTEXT('Part 1','COMPONENT_PART')
);
#12572=(
GEOMETRIC_REPRESENTATION_CONTEXT(3)
GLOBAL_UNCERTAINTY_ASSIGNED_CONTEXT((#12582))
GLOBAL_UNIT_ASSIGNED_CONTEXT((#12592,#12591,#12590))
REPRESENTATION_CONTEXT('Part 1','COMPONENT_PART')
);
#12573=(
GEOMETRIC_REPRESENTATION_CONTEXT(3)
GLOBAL_UNCERTAINTY_ASSIGNED_CONTEXT((#12583))
GLOBAL_UNIT_ASSIGNED_CONTEXT((#12592,#12591,#12590))
REPRESENTATION_CONTEXT('Part 1','COMPONENT_PART')
);
#12574=(
GEOMETRIC_REPRESENTATION_CONTEXT(3)
GLOBAL_UNCERTAINTY_ASSIGNED_CONTEXT((#12584))
GLOBAL_UNIT_ASSIGNED_CONTEXT((#12592,#12591,#12590))
REPRESENTATION_CONTEXT('Part 1','COMPONENT_PART')
);
#12575=(
GEOMETRIC_REPRESENTATION_CONTEXT(3)
GLOBAL_UNCERTAINTY_ASSIGNED_CONTEXT((#12585))
GLOBAL_UNIT_ASSIGNED_CONTEXT((#12592,#12591,#12590))
REPRESENTATION_CONTEXT('Part 1','COMPONENT_PART')
);
#12576=(
GEOMETRIC_REPRESENTATION_CONTEXT(3)
GLOBAL_UNCERTAINTY_ASSIGNED_CONTEXT((#12586))
GLOBAL_UNIT_ASSIGNED_CONTEXT((#12592,#12591,#12590))
REPRESENTATION_CONTEXT('Part 1','COMPONENT_PART')
);
#12577=(
GEOMETRIC_REPRESENTATION_CONTEXT(3)
GLOBAL_UNCERTAINTY_ASSIGNED_CONTEXT((#12587))
GLOBAL_UNIT_ASSIGNED_CONTEXT((#12592,#12591,#12590))
REPRESENTATION_CONTEXT('Part 1','COMPONENT_PART')
);
#12578=(
GEOMETRIC_REPRESENTATION_CONTEXT(3)
GLOBAL_UNCERTAINTY_ASSIGNED_CONTEXT((#12588))
GLOBAL_UNIT_ASSIGNED_CONTEXT((#12592,#12591,#12590))
REPRESENTATION_CONTEXT('Part 1','COMPONENT_PART')
);
#12579=(
GEOMETRIC_REPRESENTATION_CONTEXT(3)
GLOBAL_UNCERTAINTY_ASSIGNED_CONTEXT((#12589))
GLOBAL_UNIT_ASSIGNED_CONTEXT((#12592,#12591,#12590))
REPRESENTATION_CONTEXT('E3D v6 HotEnd - Nozzle','COMPONENT_PART')
);
#12580=UNCERTAINTY_MEASURE_WITH_UNIT(LENGTH_MEASURE(1.E-8),#12592,
'DISTANCE_ACCURACY_VALUE','Maximum Tolerance applied to model');
#12581=UNCERTAINTY_MEASURE_WITH_UNIT(LENGTH_MEASURE(1.E-8),#12592,
'DISTANCE_ACCURACY_VALUE','Maximum Tolerance applied to model');
#12582=UNCERTAINTY_MEASURE_WITH_UNIT(LENGTH_MEASURE(2.00000000000017E-5),
#12592,'DISTANCE_ACCURACY_VALUE','Maximum Tolerance applied to model');
#12583=UNCERTAINTY_MEASURE_WITH_UNIT(LENGTH_MEASURE(1.E-8),#12592,
'DISTANCE_ACCURACY_VALUE','Maximum Tolerance applied to model');
#12584=UNCERTAINTY_MEASURE_WITH_UNIT(LENGTH_MEASURE(1.E-8),#12592,
'DISTANCE_ACCURACY_VALUE','Maximum Tolerance applied to model');
#12585=UNCERTAINTY_MEASURE_WITH_UNIT(LENGTH_MEASURE(2.E-5),#12592,
'DISTANCE_ACCURACY_VALUE','Maximum Tolerance applied to model');
#12586=UNCERTAINTY_MEASURE_WITH_UNIT(LENGTH_MEASURE(1.E-8),#12592,
'DISTANCE_ACCURACY_VALUE','Maximum Tolerance applied to model');
#12587=UNCERTAINTY_MEASURE_WITH_UNIT(LENGTH_MEASURE(2.84554352351682E-5),
#12592,'DISTANCE_ACCURACY_VALUE','Maximum Tolerance applied to model');
#12588=UNCERTAINTY_MEASURE_WITH_UNIT(LENGTH_MEASURE(1.E-8),#12592,
'DISTANCE_ACCURACY_VALUE','Maximum Tolerance applied to model');
#12589=UNCERTAINTY_MEASURE_WITH_UNIT(LENGTH_MEASURE(2.E-5),#12592,
'DISTANCE_ACCURACY_VALUE','Maximum Tolerance applied to model');
#12590=(
NAMED_UNIT(*)
SI_UNIT($,.STERADIAN.)
SOLID_ANGLE_UNIT()
);
#12591=(
NAMED_UNIT(*)
PLANE_ANGLE_UNIT()
SI_UNIT($,.RADIAN.)
);
#12592=(
LENGTH_UNIT()
NAMED_UNIT(*)
SI_UNIT($,.METRE.)
);
#12593=PRODUCT_DEFINITION_SHAPE('','',#12618);
#12594=PRODUCT_DEFINITION_SHAPE('','',#12619);
#12595=PRODUCT_DEFINITION_SHAPE(' ','NAUO PRDDFN',#258);
#12596=PRODUCT_DEFINITION_SHAPE(' ','NAUO PRDDFN',#259);
#12597=PRODUCT_DEFINITION_SHAPE('','',#12620);
#12598=PRODUCT_DEFINITION_SHAPE(' ','NAUO PRDDFN',#260);
#12599=PRODUCT_DEFINITION_SHAPE(' ','NAUO PRDDFN',#261);
#12600=PRODUCT_DEFINITION_SHAPE('','',#12621);
#12601=PRODUCT_DEFINITION_SHAPE(' ','NAUO PRDDFN',#262);
#12602=PRODUCT_DEFINITION_SHAPE('','',#12622);
#12603=PRODUCT_DEFINITION_SHAPE(' ','NAUO PRDDFN',#263);
#12604=PRODUCT_DEFINITION_SHAPE(' ','NAUO PRDDFN',#264);
#12605=PRODUCT_DEFINITION_SHAPE('','',#12623);
#12606=PRODUCT_DEFINITION_SHAPE(' ','NAUO PRDDFN',#265);
#12607=PRODUCT_DEFINITION_SHAPE('','',#12624);
#12608=PRODUCT_DEFINITION_SHAPE(' ','NAUO PRDDFN',#266);
#12609=PRODUCT_DEFINITION_SHAPE('','',#12625);
#12610=PRODUCT_DEFINITION_SHAPE(' ','NAUO PRDDFN',#267);
#12611=PRODUCT_DEFINITION_SHAPE('','',#12626);
#12612=PRODUCT_DEFINITION_SHAPE(' ','NAUO PRDDFN',#268);
#12613=PRODUCT_DEFINITION_SHAPE('','',#12627);
#12614=PRODUCT_DEFINITION_SHAPE(' ','NAUO PRDDFN',#269);
#12615=PRODUCT_DEFINITION_SHAPE(' ','NAUO PRDDFN',#270);
#12616=PRODUCT_DEFINITION_SHAPE(' ','NAUO PRDDFN',#271);
#12617=PRODUCT_DEFINITION_SHAPE(' ','NAUO PRDDFN',#272);
#12618=PRODUCT_DEFINITION('','',#12638,#12628);
#12619=PRODUCT_DEFINITION('','',#12639,#12629);
#12620=PRODUCT_DEFINITION('','',#12640,#12630);
#12621=PRODUCT_DEFINITION('','',#12641,#12631);
#12622=PRODUCT_DEFINITION('','',#12642,#12632);
#12623=PRODUCT_DEFINITION('','',#12643,#12633);
#12624=PRODUCT_DEFINITION('','',#12644,#12634);
#12625=PRODUCT_DEFINITION('','',#12645,#12635);
#12626=PRODUCT_DEFINITION('','',#12646,#12636);
#12627=PRODUCT_DEFINITION('','',#12647,#12637);
#12628=PRODUCT_DEFINITION_CONTEXT('',#12689,'design');
#12629=PRODUCT_DEFINITION_CONTEXT('',#12689,'design');
#12630=PRODUCT_DEFINITION_CONTEXT('',#12689,'design');
#12631=PRODUCT_DEFINITION_CONTEXT('',#12689,'design');
#12632=PRODUCT_DEFINITION_CONTEXT('',#12689,'design');
#12633=PRODUCT_DEFINITION_CONTEXT('',#12689,'design');
#12634=PRODUCT_DEFINITION_CONTEXT('',#12689,'design');
#12635=PRODUCT_DEFINITION_CONTEXT('',#12689,'design');
#12636=PRODUCT_DEFINITION_CONTEXT('',#12689,'design');
#12637=PRODUCT_DEFINITION_CONTEXT('',#12689,'design');
#12638=PRODUCT_DEFINITION_FORMATION_WITH_SPECIFIED_SOURCE('','',#12658,
 .NOT_KNOWN.);
#12639=PRODUCT_DEFINITION_FORMATION_WITH_SPECIFIED_SOURCE('','',#12659,
 .NOT_KNOWN.);
#12640=PRODUCT_DEFINITION_FORMATION_WITH_SPECIFIED_SOURCE('','',#12660,
 .NOT_KNOWN.);
#12641=PRODUCT_DEFINITION_FORMATION_WITH_SPECIFIED_SOURCE('','',#12661,
 .NOT_KNOWN.);
#12642=PRODUCT_DEFINITION_FORMATION_WITH_SPECIFIED_SOURCE('','',#12662,
 .NOT_KNOWN.);
#12643=PRODUCT_DEFINITION_FORMATION_WITH_SPECIFIED_SOURCE('','',#12663,
 .NOT_KNOWN.);
#12644=PRODUCT_DEFINITION_FORMATION_WITH_SPECIFIED_SOURCE('','',#12664,
 .NOT_KNOWN.);
#12645=PRODUCT_DEFINITION_FORMATION_WITH_SPECIFIED_SOURCE('','',#12665,
 .NOT_KNOWN.);
#12646=PRODUCT_DEFINITION_FORMATION_WITH_SPECIFIED_SOURCE('','',#12666,
 .NOT_KNOWN.);
#12647=PRODUCT_DEFINITION_FORMATION_WITH_SPECIFIED_SOURCE('','',#12667,
 .NOT_KNOWN.);
#12648=PRODUCT_RELATED_PRODUCT_CATEGORY('','',(#12658));
#12649=PRODUCT_RELATED_PRODUCT_CATEGORY('','',(#12659));
#12650=PRODUCT_RELATED_PRODUCT_CATEGORY('','',(#12660));
#12651=PRODUCT_RELATED_PRODUCT_CATEGORY('','',(#12661));
#12652=PRODUCT_RELATED_PRODUCT_CATEGORY('','',(#12662));
#12653=PRODUCT_RELATED_PRODUCT_CATEGORY('','',(#12663));
#12654=PRODUCT_RELATED_PRODUCT_CATEGORY('','',(#12664));
#12655=PRODUCT_RELATED_PRODUCT_CATEGORY('','',(#12665));
#12656=PRODUCT_RELATED_PRODUCT_CATEGORY('','',(#12666));
#12657=PRODUCT_RELATED_PRODUCT_CATEGORY('','',(#12667));
#12658=PRODUCT('Assembly 1','Assembly 1','Assembly 1',(#12678));
#12659=PRODUCT('Part 1','Part 1','Part 1',(#12679));
#12660=PRODUCT('Part 1','Part 1','Part 1',(#12680));
#12661=PRODUCT('Part 1','Part 1','Part 1',(#12681));
#12662=PRODUCT('Part 1','Part 1','Part 1',(#12682));
#12663=PRODUCT('Part 1','Part 1','Part 1',(#12683));
#12664=PRODUCT('Part 1','Part 1','Part 1',(#12684));
#12665=PRODUCT('Part 1','Part 1','Part 1',(#12685));
#12666=PRODUCT('Part 1','Part 1','Part 1',(#12686));
#12667=PRODUCT('E3D v6 HotEnd - Nozzle','E3D v6 HotEnd - Nozzle',
'E3D v6 HotEnd - Nozzle',(#12687));
#12668=PRODUCT_CATEGORY('','');
#12669=PRODUCT_CATEGORY('','');
#12670=PRODUCT_CATEGORY('','');
#12671=PRODUCT_CATEGORY('','');
#12672=PRODUCT_CATEGORY('','');
#12673=PRODUCT_CATEGORY('','');
#12674=PRODUCT_CATEGORY('','');
#12675=PRODUCT_CATEGORY('','');
#12676=PRODUCT_CATEGORY('','');
#12677=PRODUCT_CATEGORY('','');
#12678=PRODUCT_CONTEXT('',#12689,'mechanical');
#12679=PRODUCT_CONTEXT('',#12689,'mechanical');
#12680=PRODUCT_CONTEXT('',#12689,'mechanical');
#12681=PRODUCT_CONTEXT('',#12689,'mechanical');
#12682=PRODUCT_CONTEXT('',#12689,'mechanical');
#12683=PRODUCT_CONTEXT('',#12689,'mechanical');
#12684=PRODUCT_CONTEXT('',#12689,'mechanical');
#12685=PRODUCT_CONTEXT('',#12689,'mechanical');
#12686=PRODUCT_CONTEXT('',#12689,'mechanical');
#12687=PRODUCT_CONTEXT('',#12689,'mechanical');
#12688=APPLICATION_PROTOCOL_DEFINITION('international standard',
'ap242_managed_model_based_3d_engineering',2020,#12689);
#12689=APPLICATION_CONTEXT('managed model based 3d engineering');
ENDSEC;
END-ISO-10303-21;
